case_status,chunk_end_idx,chunk_len,chunk_policy,chunk_start_idx,executed_goal_x,executed_goal_y,executed_goal_z,executed_start_x,executed_start_y,executed_start_z,goal_error,goal_mode,goal_x,goal_y,goal_z,ik_success_count,ik_success_ratio,ik_time_sec,ik_total_count,max_ik_err,mean_ik_err,mode_sequence,planner_points,planner_seed,planner_success,planner_time_sec,planning_max_z,projected_goal_x,projected_goal_y,projected_goal_z,projected_start_x,projected_start_y,projected_start_z,raw_goal_x,raw_goal_y,raw_goal_z,raw_start_x,raw_start_y,raw_start_z,sampled_last_idx,start_error,start_mode,start_x,start_y,start_z,total_prep_time_sec
ok,37,38,start-anchored,0,0.11335274437138505,-0.001044292083285295,0.69999994,0.1,-0.1,0.7,0.7432640253331729,PlaceOnRightSupport,0.85,-0.1,0.7,48,0.9411764705882353,1.0375297000282444,51,0.010077365286557952,0.001115379878369178,SlideLeft -> LiftFromLeftSupport -> FreeTransferWorkspace -> PlaceOnRightSupport,101,7,True,7.5737546000164,0.92,0.85,-0.1,0.7,0.1,-0.1,0.7,0.85,-0.1,0.7,0.1,-0.1,0.7,100,0.0,SlideLeft,0.1,-0.1,0.7,8.973227200040128
ok,37,38,start-anchored,0,0.11335274437138505,-0.001044292083285295,0.69999994,0.1,-0.1,0.7,0.7697021731517143,FreeTransferWorkspace,0.85,-0.1,0.9,46,0.9387755102040817,1.0229301000363193,49,0.010078077437594469,0.0011747610625067843,SlideLeft -> LiftFromLeftSupport -> FreeTransferWorkspace,96,7,True,7.114195199974347,0.92,0.85,-0.1,0.9,0.1,-0.1,0.7,0.85,-0.1,0.9,0.1,-0.1,0.7,95,0.0,SlideLeft,0.1,-0.1,0.7,8.484921900031622
ok,37,38,start-anchored,0,0.11335274437138505,-0.001044292083285295,0.69999994,0.1,-0.1,0.7,0.7538714412420325,PlaceOnRightSupport,0.85,-0.05,0.7,47,0.94,1.0232054999796674,50,0.010078077437594469,0.0010627020504788193,SlideLeft -> LiftFromLeftSupport -> FreeTransferWorkspace -> PlaceOnRightSupport,98,7,True,7.234029300045222,0.92,0.85,-0.05,0.7,0.1,-0.1,0.7,0.8665362484677875,-0.03324303549665785,0.7,0.1,-0.1,0.7,97,0.0,SlideLeft,0.1,-0.1,0.7,8.616510000021663
ok,37,38,start-anchored,0,0.11335274437138505,-0.001044292083285295,0.69999994,0.1,-0.1,0.7,0.7648829090539284,FreeTransferWorkspace,0.85,-0.05,0.9,45,0.9375,0.92813280003611,48,0.010078077437594469,0.0011506514772270662,SlideLeft -> LiftFromLeftSupport -> FreeTransferWorkspace,95,7,True,7.245191900001373,0.92,0.85,-0.05,0.9,0.1,-0.1,0.7,0.85,-0.05,0.9,0.1,-0.1,0.7,94,0.0,SlideLeft,0.1,-0.1,0.7,8.51521479996154
ok,37,38,start-anchored,0,0.11335274437138505,-0.001044292083285295,0.69999994,0.1,-0.1,0.7,0.7366479958373121,PlaceOnRightSupport,0.85,0.0,0.7,46,0.9387755102040817,0.9855091999634169,49,0.010078077437594469,0.0010343451351723064,SlideLeft -> LiftFromLeftSupport -> FreeTransferWorkspace -> PlaceOnRightSupport,97,7,True,7.119027999986429,0.92,0.85,0.0,0.7,0.1,-0.1,0.7,0.85,0.0,0.7,0.1,-0.1,0.7,96,0.0,SlideLeft,0.1,-0.1,0.7,8.428486999997403
ok,37,38,start-anchored,0,0.11335274437138505,-0.001044292083285295,0.69999994,0.1,-0.1,0.7,0.7633153304965967,FreeTransferWorkspace,0.85,0.0,0.9,45,0.9375,0.9648509999969974,48,0.010078077437594469,0.0011332376008628532,SlideLeft -> LiftFromLeftSupport -> FreeTransferWorkspace,95,7,True,7.3345722000231035,0.92,0.85,0.0,0.9,0.1,-0.1,0.7,0.85,0.0,0.9,0.1,-0.1,0.7,94,0.0,SlideLeft,0.1,-0.1,0.7,8.655196000006981
ok,37,38,start-anchored,0,0.11335274437138505,-0.001044292083285295,0.69999994,0.1,-0.1,0.7,0.7384136367778273,PlaceOnRightSupport,0.85,0.05000000000000002,0.7,46,0.9387755102040817,1.0576849000062793,49,0.010078077437594469,0.000984576456428576,SlideLeft -> LiftFromLeftSupport -> FreeTransferWorkspace -> PlaceOnRightSupport,97,7,True,7.548359200009145,0.92,0.85,0.05000000000000002,0.7,0.1,-0.1,0.7,0.85,0.05000000000000002,0.7,0.1,-0.1,0.7,96,0.0,SlideLeft,0.1,-0.1,0.7,9.068032999988645
ok,37,38,start-anchored,0,0.11335274437138505,-0.001044292083285295,0.69999994,0.1,-0.1,0.7,0.7650194265372986,FreeTransferWorkspace,0.85,0.05000000000000002,0.9,45,0.9375,0.9618948999559507,48,0.010078077437594469,0.001131333065863634,SlideLeft -> LiftFromLeftSupport -> FreeTransferWorkspace,95,7,True,7.030074500013143,0.92,0.85,0.05000000000000002,0.9,0.1,-0.1,0.7,0.85,0.05000000000000002,0.9,0.1,-0.1,0.7,94,0.0,SlideLeft,0.1,-0.1,0.7,8.341187599988189
ok,37,38,start-anchored,0,0.11335274437138505,-0.001044292083285295,0.69999994,0.1,-0.1,0.7,0.7435449738837495,PlaceOnRightSupport,0.85,0.1,0.7,46,0.9387755102040817,0.9932901000138372,49,0.010078077437594469,0.0010053718196792773,SlideLeft -> LiftFromLeftSupport -> FreeTransferWorkspace -> PlaceOnRightSupport,96,7,True,7.1265157999587245,0.92,0.85,0.1,0.7,0.1,-0.1,0.7,0.85,0.1,0.7,0.1,-0.1,0.7,95,0.0,SlideLeft,0.1,-0.1,0.7,8.455507100035902
ok,37,38,start-anchored,0,0.11335274437138505,-0.001044292083285295,0.69999994,0.1,-0.1,0.7,0.7699734749897464,FreeTransferWorkspace,0.85,0.1,0.9,45,0.9375,0.9858801999944262,48,0.010078077437594469,0.0011520204272937055,SlideLeft -> LiftFromLeftSupport -> FreeTransferWorkspace,95,7,True,7.080099799961317,0.92,0.85,0.1,0.9,0.1,-0.1,0.7,0.85,0.1,0.9,0.1,-0.1,0.7,94,0.0,SlideLeft,0.1,-0.1,0.7,8.410119500011206
ok,37,38,start-anchored,0,0.11335274437138505,-0.001044292083285295,0.69999994,0.1,-0.1,0.7,0.8259300202823997,PlaceOnRightSupport,0.9333333333333333,-0.1,0.7,53,0.9464285714285714,1.1380428999545984,56,0.010077365286557952,0.0009889299857701928,SlideLeft -> LiftFromLeftSupport -> FreeTransferWorkspace -> PlaceOnRightSupport,111,7,True,7.187329000036698,0.92,0.9333333333333333,-0.1,0.7,0.1,-0.1,0.7,0.9333333333333333,-0.1,0.7,0.1,-0.1,0.7,110,0.0,SlideLeft,0.1,-0.1,0.7,8.692733599978965
ok,37,38,start-anchored,0,0.11335274437138505,-0.001044292083285295,0.69999994,0.1,-0.1,0.7,0.8498002249962548,FreeTransferWorkspace,0.9333333333333333,-0.1,0.9,46,0.9387755102040817,0.9719226000015624,49,0.010078077437594469,0.0013257883631917222,SlideLeft -> LiftFromLeftSupport -> FreeTransferWorkspace,97,7,True,7.318410700012464,0.92,0.9333333333333333,-0.1,0.9,0.1,-0.1,0.7,0.9333333333333333,-0.1,0.9,0.1,-0.1,0.7,96,0.0,SlideLeft,0.1,-0.1,0.7,8.624669200042263
ok,37,38,start-anchored,0,0.11335274437138505,-0.001044292083285295,0.69999994,0.1,-0.1,0.7,0.821440702432022,PlaceOnRightSupport,0.9333333333333333,-0.05,0.7,48,0.9411764705882353,1.053049300040584,51,0.010077365286557952,0.0010364267862512113,SlideLeft -> LiftFromLeftSupport -> FreeTransferWorkspace -> PlaceOnRightSupport,100,7,True,8.010755600000266,0.92,0.9333333333333333,-0.05,0.7,0.1,-0.1,0.7,0.9333333333333333,-0.05,0.7,0.1,-0.1,0.7,99,0.0,SlideLeft,0.1,-0.1,0.7,9.410666699986905
ok,37,38,start-anchored,0,0.11335274437138505,-0.001044292083285295,0.69999994,0.1,-0.1,0.7,0.8454376686734593,FreeTransferWorkspace,0.9333333333333333,-0.05,0.9,46,0.9387755102040817,0.9995291999657638,49,0.010078077437594469,0.0013004625175690575,SlideLeft -> LiftFromLeftSupport -> FreeTransferWorkspace,97,7,True,7.108226099982858,0.92,0.9333333333333333,-0.05,0.9,0.1,-0.1,0.7,0.9333333333333333,-0.05,0.9,0.1,-0.1,0.7,96,0.0,SlideLeft,0.1,-0.1,0.7,8.43148959998507
ok,37,38,start-anchored,0,0.11335274437138505,-0.001044292083285295,0.69999994,0.1,-0.1,0.7,0.8199812539444681,PlaceOnRightSupport,0.9333333333333333,0.0,0.7,47,0.94,1.0679027999867685,50,0.010077365286557952,0.0010031967263153332,SlideLeft -> LiftFromLeftSupport -> FreeTransferWorkspace -> PlaceOnRightSupport,99,7,True,7.3649388999911025,0.92,0.9333333333333333,0.0,0.7,0.1,-0.1,0.7,0.9333333333333333,0.0,0.7,0.1,-0.1,0.7,98,0.0,SlideLeft,0.1,-0.1,0.7,8.773603599984199
ok,37,38,start-anchored,0,0.11335274437138505,-0.001044292083285295,0.69999994,0.1,-0.1,0.7,0.844019715895513,FreeTransferWorkspace,0.9333333333333333,0.0,0.9,46,0.9387755102040817,0.9594761999906041,49,0.010078077437594469,0.001294054863645151,SlideLeft -> LiftFromLeftSupport -> FreeTransferWorkspace,96,7,True,7.129210699989926,0.92,0.9333333333333333,0.0,0.9,0.1,-0.1,0.7,0.9333333333333333,0.0,0.9,0.1,-0.1,0.7,95,0.0,SlideLeft,0.1,-0.1,0.7,8.4323485000059
ok,37,38,start-anchored,0,0.11335274437138505,-0.001044292083285295,0.69999994,0.1,-0.1,0.7,0.8215678219287016,PlaceOnRightSupport,0.9333333333333333,0.05000000000000002,0.7,47,0.94,0.9903675999958068,50,0.010077365286557952,0.0010523038386826813,SlideLeft -> LiftFromLeftSupport -> FreeTransferWorkspace -> PlaceOnRightSupport,98,7,True,7.1498674000031315,0.92,0.9333333333333333,0.05000000000000002,0.7,0.1,-0.1,0.7,0.9333333333333333,0.05000000000000002,0.7,0.1,-0.1,0.7,97,0.0,SlideLeft,0.1,-0.1,0.7,8.482330300030299
ok,37,38,start-anchored,0,0.11335274437138505,-0.001044292083285295,0.69999994,0.1,-0.1,0.7,0.8455611805355487,FreeTransferWorkspace,0.9333333333333333,0.05000000000000002,0.9,46,0.9387755102040817,0.962738599977456,49,0.010301051021217754,0.0013123537668318225,SlideLeft -> LiftFromLeftSupport -> FreeTransferWorkspace,96,7,True,7.264204100007191,0.92,0.9333333333333333,0.05000000000000002,0.9,0.1,-0.1,0.7,0.9333333333333333,0.05000000000000002,0.9,0.1,-0.1,0.7,95,0.0,SlideLeft,0.1,-0.1,0.7,8.58731670002453
ok,37,38,start-anchored,0,0.11335274437138505,-0.001044292083285295,0.69999994,0.1,-0.1,0.7,0.8261828582323646,PlaceOnRightSupport,0.9333333333333333,0.1,0.7,47,0.94,0.979716699977871,50,0.010077365286557952,0.0011005626977411793,SlideLeft -> LiftFromLeftSupport -> FreeTransferWorkspace -> PlaceOnRightSupport,98,7,True,7.219266400032211,0.92,0.9333333333333333,0.1,0.7,0.1,-0.1,0.7,0.9333333333333333,0.1,0.7,0.1,-0.1,0.7,97,0.0,SlideLeft,0.1,-0.1,0.7,8.538175699999556
ok,37,38,start-anchored,0,0.11335274437138505,-0.001044292083285295,0.69999994,0.1,-0.1,0.7,0.8500459630143534,FreeTransferWorkspace,0.9333333333333333,0.1,0.9,46,0.9387755102040817,0.9920884000021033,49,0.011931012191601592,0.0013670376983255619,SlideLeft -> LiftFromLeftSupport -> FreeTransferWorkspace,96,7,True,7.245883799972944,0.92,0.9333333333333333,0.1,0.9,0.1,-0.1,0.7,0.9333333333333333,0.1,0.9,0.1,-0.1,0.7,95,0.0,SlideLeft,0.1,-0.1,0.7,8.58478069998091
ok,37,38,start-anchored,0,0.11335274437138505,-0.001044292083285295,0.69999994,0.1,-0.1,0.7,0.9087179289206236,PlaceOnRightSupport,1.0166666666666666,-0.1,0.7,53,0.9464285714285714,1.1649790999945253,56,0.010077365286557952,0.0009616980481530682,SlideLeft -> LiftFromLeftSupport -> FreeTransferWorkspace -> PlaceOnRightSupport,111,7,True,7.169948900002055,0.92,1.0166666666666666,-0.1,0.7,0.1,-0.1,0.7,1.0166666666666666,-0.1,0.7,0.1,-0.1,0.7,110,0.0,SlideLeft,0.1,-0.1,0.7,8.67080610000994
ok,37,38,start-anchored,0,0.11335274437138505,-0.001044292083285295,0.69999994,0.1,-0.1,0.7,0.9304667099589257,FreeTransferWorkspace,1.0166666666666666,-0.1,0.9,47,0.94,1.0077660999959335,50,0.013775765023187291,0.0015493294958304432,SlideLeft -> LiftFromLeftSupport -> FreeTransferWorkspace,98,7,True,7.119876299984753,0.92,1.0166666666666666,-0.1,0.9,0.1,-0.1,0.7,1.0166666666666666,-0.1,0.9,0.1,-0.1,0.7,97,0.0,SlideLeft,0.1,-0.1,0.7,8.444582400028594
ok,37,38,start-anchored,0,0.11335274437138505,-0.001044292083285295,0.69999994,0.1,-0.1,0.7,0.9046395434371174,PlaceOnRightSupport,1.0166666666666666,-0.05,0.7,53,0.9464285714285714,1.114485300029628,56,0.010077365286557952,0.0009862780754888597,SlideLeft -> LiftFromLeftSupport -> FreeTransferWorkspace -> PlaceOnRightSupport,110,7,True,7.320534600003157,0.92,1.0166666666666666,-0.05,0.7,0.1,-0.1,0.7,1.0166666666666666,-0.05,0.7,0.1,-0.1,0.7,109,0.0,SlideLeft,0.1,-0.1,0.7,8.784699200012255
ok,37,38,start-anchored,0,0.11335274437138505,-0.001044292083285295,0.69999994,0.1,-0.1,0.7,0.9264840676180655,FreeTransferWorkspace,1.0166666666666666,-0.05,0.9,47,0.94,1.0089067000080831,50,0.01458846519788675,0.0015376336489265636,SlideLeft -> LiftFromLeftSupport -> FreeTransferWorkspace,98,7,True,7.207757399999537,0.92,1.0166666666666666,-0.05,0.9,0.1,-0.1,0.7,1.0166666666666666,-0.05,0.9,0.1,-0.1,0.7,97,0.0,SlideLeft,0.1,-0.1,0.7,8.548184000013862
ok,37,38,start-anchored,0,0.11335274437138505,-0.001044292083285295,0.69999994,0.1,-0.1,0.7,0.9033145259312753,PlaceOnRightSupport,1.0166666666666666,0.0,0.7,53,0.9464285714285714,1.112002499983646,56,0.010077365286557952,0.0010230705763514655,SlideLeft -> LiftFromLeftSupport -> FreeTransferWorkspace -> PlaceOnRightSupport,111,7,True,7.224307500000577,0.92,1.0166666666666666,0.0,0.7,0.1,-0.1,0.7,1.0166666666666666,0.0,0.7,0.1,-0.1,0.7,110,0.0,SlideLeft,0.1,-0.1,0.7,8.683375699969474
ok,37,38,start-anchored,0,0.11335274437138505,-0.001044292083285295,0.69999994,0.1,-0.1,0.7,0.9251903354220928,FreeTransferWorkspace,1.0166666666666666,0.0,0.9,47,0.94,1.0653943999786861,50,0.016090356888396294,0.0015617481689058114,SlideLeft -> LiftFromLeftSupport -> FreeTransferWorkspace,98,7,True,7.322136699978728,0.92,1.0166666666666666,0.0,0.9,0.1,-0.1,0.7,1.0166666666666666,0.0,0.9,0.1,-0.1,0.7,97,0.0,SlideLeft,0.1,-0.1,0.7,8.72863139997935
ok,37,38,start-anchored,0,0.11335274437138505,-0.001044292083285295,0.69999994,0.1,-0.1,0.7,0.9047549734413031,PlaceOnRightSupport,1.0166666666666666,0.05000000000000002,0.7,48,0.9411764705882353,1.055805700016208,51,0.010077365286557952,0.001175776915523469,SlideLeft -> LiftFromLeftSupport -> FreeTransferWorkspace -> PlaceOnRightSupport,101,7,True,7.310434599989094,0.92,1.0166666666666666,0.05000000000000002,0.7,0.1,-0.1,0.7,1.0166666666666666,0.05000000000000002,0.7,0.1,-0.1,0.7,100,0.0,SlideLeft,0.1,-0.1,0.7,8.75332260003779
ok,37,38,start-anchored,0,0.11335274437138505,-0.001044292083285295,0.69999994,0.1,-0.1,0.7,0.9265967763632534,FreeTransferWorkspace,1.0166666666666666,0.05000000000000002,0.9,47,0.94,1.0106277000159025,50,0.01863530448947751,0.0016370032067363955,SlideLeft -> LiftFromLeftSupport -> FreeTransferWorkspace,98,7,True,7.208279799961019,0.92,1.0166666666666666,0.05000000000000002,0.9,0.1,-0.1,0.7,1.0166666666666666,0.05000000000000002,0.9,0.1,-0.1,0.7,97,0.0,SlideLeft,0.1,-0.1,0.7,8.523713700007647
ok,37,38,start-anchored,0,0.11335274437138505,-0.001044292083285295,0.69999994,0.1,-0.1,0.7,0.9089477384179476,PlaceOnRightSupport,1.0166666666666666,0.1,0.7,48,0.9411764705882353,1.0150411000358872,51,0.011597564264944508,0.0012618963741658539,SlideLeft -> LiftFromLeftSupport -> FreeTransferWorkspace -> PlaceOnRightSupport,100,7,True,7.236623400007375,0.92,1.0166666666666666,0.1,0.7,0.1,-0.1,0.7,1.0166666666666666,0.1,0.7,0.1,-0.1,0.7,99,0.0,SlideLeft,0.1,-0.1,0.7,8.58578409999609
ok,37,38,start-anchored,0,0.11335274437138505,-0.001044292083285295,0.69999994,0.1,-0.1,0.7,0.9306911491870447,FreeTransferWorkspace,1.0166666666666666,0.1,0.9,45,0.9,1.0940685999812558,50,0.0228602278612561,0.0017991447212979792,SlideLeft -> LiftFromLeftSupport -> FreeTransferWorkspace,98,7,True,7.400558200024534,0.92,1.0166666666666666,0.1,0.9,0.1,-0.1,0.7,1.0166666666666666,0.1,0.9,0.1,-0.1,0.7,97,0.0,SlideLeft,0.1,-0.1,0.7,8.829702799965162
ok,37,38,start-anchored,0,0.11335274437138505,-0.001044292083285295,0.69999994,0.1,-0.1,0.7,0.991597216196566,PlaceOnRightSupport,1.1,-0.1,0.7,54,0.9473684210526315,1.2835956999915652,57,0.010077365286557952,0.001111171601782237,SlideLeft -> LiftFromLeftSupport -> FreeTransferWorkspace -> PlaceOnRightSupport,112,7,True,7.652587599994149,0.92,1.1,-0.1,0.7,0.1,-0.1,0.7,1.1,-0.1,0.7,0.1,-0.1,0.7,111,0.0,SlideLeft,0.1,-0.1,0.7,9.36629170004744
ok,37,38,start-anchored,0,0.11335274437138505,-0.001044292083285295,0.69999994,0.1,-0.1,0.7,1.0115656494606662,FreeTransferWorkspace,1.1,-0.1,0.9,47,0.94,1.0125681000063196,50,0.02264982394595853,0.0018303163640066994,SlideLeft -> LiftFromLeftSupport -> FreeTransferWorkspace,99,7,True,7.154073100013193,0.92,1.1,-0.1,0.9,0.1,-0.1,0.7,1.1,-0.1,0.9,0.1,-0.1,0.7,98,0.0,SlideLeft,0.1,-0.1,0.7,8.496577800018713
ok,37,38,start-anchored,0,0.11335274437138505,-0.001044292083285295,0.69999994,0.1,-0.1,0.7,0.9878610572226784,PlaceOnRightSupport,1.1,-0.05,0.7,54,0.9473684210526315,1.151672600011807,57,0.010891034418941162,0.0011463586355285366,SlideLeft -> LiftFromLeftSupport -> FreeTransferWorkspace -> PlaceOnRightSupport,112,7,True,7.00318589998642,0.92,1.1,-0.05,0.7,0.1,-0.1,0.7,1.1,-0.05,0.7,0.1,-0.1,0.7,111,0.0,SlideLeft,0.1,-0.1,0.7,8.501824699982535
ok,37,38,start-anchored,0,0.11335274437138505,-0.001044292083285295,0.69999994,0.1,-0.1,0.7,1.007903513426314,FreeTransferWorkspace,1.1,-0.05,0.9,46,0.92,0.9971995999803767,50,0.02258581411760295,0.0018456736054741835,SlideLeft -> LiftFromLeftSupport -> FreeTransferWorkspace,99,7,True,7.0531929999706335,0.92,1.1,-0.05,0.9,0.1,-0.1,0.7,1.1,-0.05,0.9,0.1,-0.1,0.7,98,0.0,SlideLeft,0.1,-0.1,0.7,8.427641699963715
ok,37,38,start-anchored,0,0.11335274437138505,-0.001044292083285295,0.69999994,0.1,-0.1,0.7,0.986647808280866,PlaceOnRightSupport,1.1,0.0,0.7,53,0.9298245614035088,1.1440770999761298,57,0.01231563650499409,0.0011915866973556634,SlideLeft -> LiftFromLeftSupport -> FreeTransferWorkspace -> PlaceOnRightSupport,112,7,True,7.065748299995903,0.92,1.1,0.0,0.7,0.1,-0.1,0.7,1.1,0.0,0.7,0.1,-0.1,0.7,111,0.0,SlideLeft,0.1,-0.1,0.7,8.529498899995815
ok,37,38,start-anchored,0,0.11335274437138505,-0.001044292083285295,0.69999994,0.1,-0.1,0.7,1.0067144190809212,FreeTransferWorkspace,1.1,0.0,0.9,46,0.92,1.0514008000027388,50,0.02435078634180642,0.0019141834661299123,SlideLeft -> LiftFromLeftSupport -> FreeTransferWorkspace,99,7,True,7.016396999999415,0.92,1.1,0.0,0.9,0.1,-0.1,0.7,1.1,0.0,0.9,0.1,-0.1,0.7,98,0.0,SlideLeft,0.1,-0.1,0.7,8.386086299957242
ok,37,38,start-anchored,0,0.11335274437138505,-0.001044292083285295,0.69999994,0.1,-0.1,0.7,0.9879667640127197,PlaceOnRightSupport,1.1,0.05000000000000002,0.7,53,0.9298245614035088,1.1144819000037387,57,0.012416283639836833,0.0012468180124131673,SlideLeft -> LiftFromLeftSupport -> FreeTransferWorkspace -> PlaceOnRightSupport,112,7,True,7.257820500002708,0.92,1.1,0.05000000000000002,0.7,0.1,-0.1,0.7,1.1,0.05000000000000002,0.7,0.1,-0.1,0.7,111,0.0,SlideLeft,0.1,-0.1,0.7,8.687442399968859
ok,37,38,start-anchored,0,0.11335274437138505,-0.001044292083285295,0.69999994,0.1,-0.1,0.7,1.0080071184241532,FreeTransferWorkspace,1.1,0.05000000000000002,0.9,46,0.92,1.0353906000382267,50,0.0288105778299357,0.0020607873681443172,SlideLeft -> LiftFromLeftSupport -> FreeTransferWorkspace,99,7,True,7.284624000021722,0.92,1.1,0.05000000000000002,0.9,0.1,-0.1,0.7,1.1,0.05000000000000002,0.9,0.1,-0.1,0.7,98,0.0,SlideLeft,0.1,-0.1,0.7,8.629102399980184
ok,37,38,start-anchored,0,0.11335274437138505,-0.001044292083285295,0.69999994,0.1,-0.1,0.7,0.9918078221117705,PlaceOnRightSupport,1.1,0.1,0.7,53,0.9298245614035088,1.1114625000045635,57,0.012256746317114884,0.0013196831678560605,SlideLeft -> LiftFromLeftSupport -> FreeTransferWorkspace -> PlaceOnRightSupport,113,7,True,7.048232599976473,0.92,1.1,0.1,0.7,0.1,-0.1,0.7,1.1,0.1,0.7,0.1,-0.1,0.7,112,0.0,SlideLeft,0.1,-0.1,0.7,8.470473400026094
ok,37,38,start-anchored,0,0.11335274437138505,-0.001044292083285295,0.69999994,0.1,-0.1,0.7,1.0117720988454335,FreeTransferWorkspace,1.1,0.1,0.9,46,0.92,1.0065878999885172,50,0.03758740799497067,0.002330041910270855,SlideLeft -> LiftFromLeftSupport -> FreeTransferWorkspace,99,7,True,7.165816899971105,0.92,1.1,0.1,0.9,0.1,-0.1,0.7,1.1,0.1,0.9,0.1,-0.1,0.7,98,0.0,SlideLeft,0.1,-0.1,0.7,8.478258699993603
ok,36,37,start-anchored,0,0.11335274236891629,-0.0010442914674056738,0.69999994,0.1,-0.05,0.7,0.7432640273998113,PlaceOnRightSupport,0.85,-0.1,0.7,48,0.96,0.9811393999843858,50,0.010697676919259087,0.0012142718170663903,SlideLeft -> LiftFromLeftSupport -> FreeTransferWorkspace -> PlaceOnRightSupport,98,7,True,7.049476300016977,0.92,0.85,-0.1,0.7,0.1,-0.05,0.7,0.85,-0.1,0.7,0.1,-0.05,0.7,97,0.0,SlideLeft,0.1,-0.05,0.7,8.370946199982427
ok,36,37,start-anchored,0,0.11335274236891629,-0.0010442914674056738,0.69999994,0.1,-0.05,0.7,0.7697021751473666,FreeTransferWorkspace,0.85,-0.1,0.9,45,0.9574468085106383,0.9371983000310138,47,0.010699022639596035,0.0012755233175233969,SlideLeft -> LiftFromLeftSupport -> FreeTransferWorkspace,93,7,True,7.072326300025452,0.92,0.85,-0.1,0.9,0.1,-0.05,0.7,0.85,-0.1,0.9,0.1,-0.05,0.7,92,0.0,SlideLeft,0.1,-0.05,0.7,8.323118500004057
ok,36,37,start-anchored,0,0.11335274236891629,-0.0010442914674056738,0.69999994,0.1,-0.05,0.7,0.7538714432689788,PlaceOnRightSupport,0.85,-0.05,0.7,46,0.9583333333333334,0.959545599995181,48,0.010699022639596035,0.001115398970543333,SlideLeft -> LiftFromLeftSupport -> FreeTransferWorkspace -> PlaceOnRightSupport,95,7,True,7.0105585000128485,0.92,0.85,-0.05,0.7,0.1,-0.05,0.7,0.8665362484677875,-0.03324303549665785,0.7,0.1,-0.05,0.7,94,0.0,SlideLeft,0.1,-0.05,0.7,8.280782499990892
ok,36,37,start-anchored,0,0.11335274236891629,-0.0010442914674056738,0.69999994,0.1,-0.05,0.7,0.764882911021895,FreeTransferWorkspace,0.85,-0.05,0.9,45,0.9574468085106383,0.9445537999854423,47,0.010699022639596035,0.0012497087293833326,SlideLeft -> LiftFromLeftSupport -> FreeTransferWorkspace,92,7,True,7.009286999993492,0.92,0.85,-0.05,0.9,0.1,-0.05,0.7,0.85,-0.05,0.9,0.1,-0.05,0.7,91,0.0,SlideLeft,0.1,-0.05,0.7,8.283109400013927
ok,36,37,start-anchored,0,0.11335274236891629,-0.0010442914674056738,0.69999994,0.1,-0.05,0.7,0.7366479978389058,PlaceOnRightSupport,0.85,0.0,0.7,46,0.9583333333333334,0.9895533999660984,48,0.010699022639596035,0.0011026398574425574,SlideLeft -> LiftFromLeftSupport -> FreeTransferWorkspace -> PlaceOnRightSupport,94,7,True,6.866192699992098,0.92,0.85,0.0,0.7,0.1,-0.05,0.7,0.85,0.0,0.7,0.1,-0.05,0.7,93,0.0,SlideLeft,0.1,-0.05,0.7,8.168363799981307
ok,36,37,start-anchored,0,0.11335274236891629,-0.0010442914674056738,0.69999994,0.1,-0.05,0.7,0.7633153324282623,FreeTransferWorkspace,0.85,0.0,0.9,45,0.9574468085106383,0.9497148999944329,47,0.010699022639596035,0.001234725885061516,SlideLeft -> LiftFromLeftSupport -> FreeTransferWorkspace,92,7,True,7.027517299982719,0.92,0.85,0.0,0.9,0.1,-0.05,0.7,0.85,0.0,0.9,0.1,-0.05,0.7,91,0.0,SlideLeft,0.1,-0.05,0.7,8.287619199953042
ok,36,37,start-anchored,0,0.11335274236891629,-0.0010442914674056738,0.69999994,0.1,-0.05,0.7,0.7384136387329321,PlaceOnRightSupport,0.85,0.05000000000000002,0.7,46,0.9583333333333334,0.8837658999837004,48,0.010699022639596035,0.0010520933320436639,SlideLeft -> LiftFromLeftSupport -> FreeTransferWorkspace -> PlaceOnRightSupport,94,7,True,7.17660489998525,0.92,0.85,0.05000000000000002,0.7,0.1,-0.05,0.7,0.85,0.05000000000000002,0.7,0.1,-0.05,0.7,93,0.0,SlideLeft,0.1,-0.05,0.7,8.372562200005632
ok,36,37,start-anchored,0,0.11335274236891629,-0.0010442914674056738,0.69999994,0.1,-0.05,0.7,0.7650194284244088,FreeTransferWorkspace,0.85,0.05000000000000002,0.9,45,0.9574468085106383,0.9048642999841832,47,0.010699022639596035,0.0012362404557289448,SlideLeft -> LiftFromLeftSupport -> FreeTransferWorkspace,92,7,True,7.389551299973391,0.92,0.85,0.05000000000000002,0.9,0.1,-0.05,0.7,0.85,0.05000000000000002,0.9,0.1,-0.05,0.7,91,0.0,SlideLeft,0.1,-0.05,0.7,8.64696709997952
ok,36,37,start-anchored,0,0.11335274236891629,-0.0010442914674056738,0.69999994,0.1,-0.05,0.7,0.7435449757839466,PlaceOnRightSupport,0.85,0.1,0.7,45,0.9574468085106383,0.9491738000069745,47,0.010699022639596035,0.0010616175681620002,SlideLeft -> LiftFromLeftSupport -> FreeTransferWorkspace -> PlaceOnRightSupport,93,7,True,7.317349200020544,0.92,0.85,0.1,0.7,0.1,-0.05,0.7,0.85,0.1,0.7,0.1,-0.05,0.7,92,0.0,SlideLeft,0.1,-0.05,0.7,8.59254789998522
ok,36,37,start-anchored,0,0.11335274236891629,-0.0010442914674056738,0.69999994,0.1,-0.05,0.7,0.7699734768247214,FreeTransferWorkspace,0.85,0.1,0.9,45,0.9574468085106383,0.9362960999715142,47,0.010699022639596035,0.0012634944256853476,SlideLeft -> LiftFromLeftSupport -> FreeTransferWorkspace,92,7,True,7.2325461999862455,0.92,0.85,0.1,0.9,0.1,-0.05,0.7,0.85,0.1,0.9,0.1,-0.05,0.7,91,0.0,SlideLeft,0.1,-0.05,0.7,8.47918349999236
ok,36,37,start-anchored,0,0.11335274236891629,-0.0010442914674056738,0.69999994,0.1,-0.05,0.7,0.8259300223442335,PlaceOnRightSupport,0.9333333333333333,-0.1,0.7,53,0.9636363636363636,1.1178504999843426,55,0.010697676919259087,0.0010467830148774748,SlideLeft -> LiftFromLeftSupport -> FreeTransferWorkspace -> PlaceOnRightSupport,108,7,True,7.057929200003855,0.92,0.9333333333333333,-0.1,0.7,0.1,-0.05,0.7,0.9333333333333333,-0.1,0.7,0.1,-0.05,0.7,107,0.0,SlideLeft,0.1,-0.05,0.7,8.493709100002889
ok,36,37,start-anchored,0,0.11335274236891629,-0.0010442914674056738,0.69999994,0.1,-0.05,0.7,0.8498002270001733,FreeTransferWorkspace,0.9333333333333333,-0.1,0.9,46,0.9583333333333334,0.9907076000235975,48,0.010784773851733221,0.00144346759745908,SlideLeft -> LiftFromLeftSupport -> FreeTransferWorkspace,94,7,True,7.081764100003056,0.92,0.9333333333333333,-0.1,0.9,0.1,-0.05,0.7,0.9333333333333333,-0.1,0.9,0.1,-0.05,0.7,93,0.0,SlideLeft,0.1,-0.05,0.7,8.389141899999231
ok,36,37,start-anchored,0,0.11335274236891629,-0.0010442914674056738,0.69999994,0.1,-0.05,0.7,0.8214407044676364,PlaceOnRightSupport,0.9333333333333333,-0.05,0.7,47,0.9591836734693877,0.8787251000176184,49,0.010697676919259087,0.001088061886468072,SlideLeft -> LiftFromLeftSupport -> FreeTransferWorkspace -> PlaceOnRightSupport,97,7,True,6.9981457000249065,0.92,0.9333333333333333,-0.05,0.7,0.1,-0.05,0.7,0.9333333333333333,-0.05,0.7,0.1,-0.05,0.7,96,0.0,SlideLeft,0.1,-0.05,0.7,8.198052599967923
ok,36,37,start-anchored,0,0.11335274236891629,-0.0010442914674056738,0.69999994,0.1,-0.05,0.7,0.8454376706512945,FreeTransferWorkspace,0.9333333333333333,-0.05,0.9,46,0.9583333333333334,0.973843699961435,48,0.011456759317806604,0.0014210996460633455,SlideLeft -> LiftFromLeftSupport -> FreeTransferWorkspace,94,7,True,7.010321399953682,0.92,0.9333333333333333,-0.05,0.9,0.1,-0.05,0.7,0.9333333333333333,-0.05,0.9,0.1,-0.05,0.7,93,0.0,SlideLeft,0.1,-0.05,0.7,8.318857999984175
ok,36,37,start-anchored,0,0.11335274236891629,-0.0010442914674056738,0.69999994,0.1,-0.05,0.7,0.819981255946151,PlaceOnRightSupport,0.9333333333333333,0.0,0.7,47,0.9591836734693877,0.9566678000264801,49,0.010697676919259087,0.0010661645226142744,SlideLeft -> LiftFromLeftSupport -> FreeTransferWorkspace -> PlaceOnRightSupport,96,7,True,7.02023399999598,0.92,0.9333333333333333,0.0,0.7,0.1,-0.05,0.7,0.9333333333333333,0.0,0.7,0.1,-0.05,0.7,95,0.0,SlideLeft,0.1,-0.05,0.7,8.316313099989202
ok,36,37,start-anchored,0,0.11335274236891629,-0.0010442914674056738,0.69999994,0.1,-0.05,0.7,0.844019717840186,FreeTransferWorkspace,0.9333333333333333,0.0,0.9,45,0.9574468085106383,0.9518373999744654,47,0.011593013687880807,0.0014012922134358,SlideLeft -> LiftFromLeftSupport -> FreeTransferWorkspace,93,7,True,7.119206200004555,0.92,0.9333333333333333,0.0,0.9,0.1,-0.05,0.7,0.9333333333333333,0.0,0.9,0.1,-0.05,0.7,92,0.0,SlideLeft,0.1,-0.05,0.7,8.390913799987175
ok,36,37,start-anchored,0,0.11335274236891629,-0.0010442914674056738,0.69999994,0.1,-0.05,0.7,0.821567823889037,PlaceOnRightSupport,0.9333333333333333,0.05000000000000002,0.7,46,0.9583333333333334,0.9003112999489531,48,0.010697676919259087,0.001126174852500725,SlideLeft -> LiftFromLeftSupport -> FreeTransferWorkspace -> PlaceOnRightSupport,95,7,True,6.936046699993312,0.92,0.9333333333333333,0.05000000000000002,0.7,0.1,-0.05,0.7,0.9333333333333333,0.05000000000000002,0.7,0.1,-0.05,0.7,94,0.0,SlideLeft,0.1,-0.05,0.7,8.141572799999267
ok,36,37,start-anchored,0,0.11335274236891629,-0.0010442914674056738,0.69999994,0.1,-0.05,0.7,0.8455611824402582,FreeTransferWorkspace,0.9333333333333333,0.05000000000000002,0.9,45,0.9574468085106383,0.8683378999703564,47,0.011950624378734717,0.0014142262745374585,SlideLeft -> LiftFromLeftSupport -> FreeTransferWorkspace,93,7,True,6.968512999999803,0.92,0.9333333333333333,0.05000000000000002,0.9,0.1,-0.05,0.7,0.9333333333333333,0.05000000000000002,0.9,0.1,-0.05,0.7,92,0.0,SlideLeft,0.1,-0.05,0.7,8.158124699955806
ok,36,37,start-anchored,0,0.11335274236891629,-0.0010442914674056738,0.69999994,0.1,-0.05,0.7,0.826182860144477,PlaceOnRightSupport,0.9333333333333333,0.1,0.7,46,0.9583333333333334,0.9929393000202253,48,0.010697676919259087,0.001188899648125413,SlideLeft -> LiftFromLeftSupport -> FreeTransferWorkspace -> PlaceOnRightSupport,95,7,True,7.172890699992422,0.92,0.9333333333333333,0.1,0.7,0.1,-0.05,0.7,0.9333333333333333,0.1,0.7,0.1,-0.05,0.7,94,0.0,SlideLeft,0.1,-0.05,0.7,8.553078600030858
ok,36,37,start-anchored,0,0.11335274236891629,-0.0010442914674056738,0.69999994,0.1,-0.05,0.7,0.8500459648727876,FreeTransferWorkspace,0.9333333333333333,0.1,0.9,45,0.9574468085106383,0.9518729000119492,47,0.013376171597446617,0.0014616633205177148,SlideLeft -> LiftFromLeftSupport -> FreeTransferWorkspace,93,7,True,7.173982099979185,0.92,0.9333333333333333,0.1,0.9,0.1,-0.05,0.7,0.9333333333333333,0.1,0.9,0.1,-0.05,0.7,92,0.0,SlideLeft,0.1,-0.05,0.7,8.450782700034324
ok,36,37,start-anchored,0,0.11335274236891629,-0.0010442914674056738,0.69999994,0.1,-0.05,0.7,0.9087179309782509,PlaceOnRightSupport,1.0166666666666666,-0.1,0.7,53,0.9636363636363636,1.0767666000174358,55,0.010697676919259087,0.0010154394299079696,SlideLeft -> LiftFromLeftSupport -> FreeTransferWorkspace -> PlaceOnRightSupport,108,7,True,7.0906772000016645,0.92,1.0166666666666666,-0.1,0.7,0.1,-0.05,0.7,1.0166666666666666,-0.1,0.7,0.1,-0.05,0.7,107,0.0,SlideLeft,0.1,-0.05,0.7,8.469715200015344
ok,36,37,start-anchored,0,0.11335274236891629,-0.0010442914674056738,0.69999994,0.1,-0.05,0.7,0.9304667119684579,FreeTransferWorkspace,1.0166666666666666,-0.1,0.9,46,0.9583333333333334,0.9857237000251189,48,0.01444661256500377,0.001653125377642492,SlideLeft -> LiftFromLeftSupport -> FreeTransferWorkspace,95,7,True,7.226226800004952,0.92,1.0166666666666666,-0.1,0.9,0.1,-0.05,0.7,1.0166666666666666,-0.1,0.9,0.1,-0.05,0.7,94,0.0,SlideLeft,0.1,-0.05,0.7,8.551161699986551
ok,36,37,start-anchored,0,0.11335274236891629,-0.0010442914674056738,0.69999994,0.1,-0.05,0.7,0.904639545469981,PlaceOnRightSupport,1.0166666666666666,-0.05,0.7,52,0.9629629629629629,1.0798565999721177,54,0.010697676919259087,0.0010570161932164474,SlideLeft -> LiftFromLeftSupport -> FreeTransferWorkspace -> PlaceOnRightSupport,107,7,True,7.113918900024146,0.92,1.0166666666666666,-0.05,0.7,0.1,-0.05,0.7,1.0166666666666666,-0.05,0.7,0.1,-0.05,0.7,106,0.0,SlideLeft,0.1,-0.05,0.7,8.5699820999871
ok,36,37,start-anchored,0,0.11335274236891629,-0.0010442914674056738,0.69999994,0.1,-0.05,0.7,0.9264840696029986,FreeTransferWorkspace,1.0166666666666666,-0.05,0.9,46,0.9583333333333334,0.9681157000013627,48,0.013167390654622873,0.0016338084296699824,SlideLeft -> LiftFromLeftSupport -> FreeTransferWorkspace,95,7,True,7.0413660000194795,0.92,1.0166666666666666,-0.05,0.9,0.1,-0.05,0.7,1.0166666666666666,-0.05,0.9,0.1,-0.05,0.7,94,0.0,SlideLeft,0.1,-0.05,0.7,8.340093099977821
ok,36,37,start-anchored,0,0.11335274236891629,-0.0010442914674056738,0.69999994,0.1,-0.05,0.7,0.9033145279330308,PlaceOnRightSupport,1.0166666666666666,0.0,0.7,53,0.9636363636363636,1.1073524000239559,55,0.010697676919259087,0.0010865605393566736,SlideLeft -> LiftFromLeftSupport -> FreeTransferWorkspace -> PlaceOnRightSupport,108,7,True,7.010275499953423,0.92,1.0166666666666666,0.0,0.7,0.1,-0.05,0.7,1.0166666666666666,0.0,0.7,0.1,-0.05,0.7,107,0.0,SlideLeft,0.1,-0.05,0.7,8.446783299965318
ok,36,37,start-anchored,0,0.11335274236891629,-0.0010442914674056738,0.69999994,0.1,-0.05,0.7,0.9251903373765176,FreeTransferWorkspace,1.0166666666666666,0.0,0.9,46,0.9583333333333334,0.9454075999674387,48,0.012915933204125115,0.0016458848315459452,SlideLeft -> LiftFromLeftSupport -> FreeTransferWorkspace,95,7,True,6.943384599988349,0.92,1.0166666666666666,0.0,0.9,0.1,-0.05,0.7,1.0166666666666666,0.0,0.9,0.1,-0.05,0.7,94,0.0,SlideLeft,0.1,-0.05,0.7,8.197095100011211
ok,36,37,start-anchored,0,0.11335274236891629,-0.0010442914674056738,0.69999994,0.1,-0.05,0.7,0.9047549754058359,PlaceOnRightSupport,1.0166666666666666,0.05000000000000002,0.7,48,0.96,0.9772678000153974,50,0.010697676919259087,0.0012440602738551592,SlideLeft -> LiftFromLeftSupport -> FreeTransferWorkspace -> PlaceOnRightSupport,98,7,True,6.863930899999104,0.92,1.0166666666666666,0.05000000000000002,0.7,0.1,-0.05,0.7,1.0166666666666666,0.05000000000000002,0.7,0.1,-0.05,0.7,97,0.0,SlideLeft,0.1,-0.05,0.7,8.157991699990816
ok,36,37,start-anchored,0,0.11335274236891629,-0.0010442914674056738,0.69999994,0.1,-0.05,0.7,0.9265967782814782,FreeTransferWorkspace,1.0166666666666666,0.05000000000000002,0.9,46,0.9583333333333334,0.9831897999974899,48,0.013929979868060258,0.0017006430630338645,SlideLeft -> LiftFromLeftSupport -> FreeTransferWorkspace,95,7,True,7.026842500024941,0.92,1.0166666666666666,0.05000000000000002,0.9,0.1,-0.05,0.7,1.0166666666666666,0.05000000000000002,0.9,0.1,-0.05,0.7,94,0.0,SlideLeft,0.1,-0.05,0.7,8.345857799984515
ok,36,37,start-anchored,0,0.11335274236891629,-0.0010442914674056738,0.69999994,0.1,-0.05,0.7,0.9089477403395398,PlaceOnRightSupport,1.0166666666666666,0.1,0.7,47,0.9591836734693877,0.9576583000016399,49,0.010697676919259087,0.0013250852532193022,SlideLeft -> LiftFromLeftSupport -> FreeTransferWorkspace -> PlaceOnRightSupport,97,7,True,7.076094300020486,0.92,1.0166666666666666,0.1,0.7,0.1,-0.05,0.7,1.0166666666666666,0.1,0.7,0.1,-0.05,0.7,96,0.0,SlideLeft,0.1,-0.05,0.7,8.35246460000053
ok,36,37,start-anchored,0,0.11335274236891629,-0.0010442914674056738,0.69999994,0.1,-0.05,0.7,0.9306911510637433,FreeTransferWorkspace,1.0166666666666666,0.1,0.9,45,0.9375,0.9279741999926046,48,0.0169374260573554,0.0018221671633556443,SlideLeft -> LiftFromLeftSupport -> FreeTransferWorkspace,95,7,True,6.9210725000011735,0.92,1.0166666666666666,0.1,0.9,0.1,-0.05,0.7,1.0166666666666666,0.1,0.9,0.1,-0.05,0.7,94,0.0,SlideLeft,0.1,-0.05,0.7,8.199084500025492
ok,36,37,start-anchored,0,0.11335274236891629,-0.0010442914674056738,0.69999994,0.1,-0.05,0.7,0.9915972182505,PlaceOnRightSupport,1.1,-0.1,0.7,53,0.9636363636363636,1.0982577999820933,55,0.010697676919259087,0.001174574264853705,SlideLeft -> LiftFromLeftSupport -> FreeTransferWorkspace -> PlaceOnRightSupport,109,7,True,6.973236099991482,0.92,1.1,-0.1,0.7,0.1,-0.05,0.7,1.1,-0.1,0.7,0.1,-0.05,0.7,108,0.0,SlideLeft,0.1,-0.05,0.7,8.39263989997562
ok,36,37,start-anchored,0,0.11335274236891629,-0.0010442914674056738,0.69999994,0.1,-0.05,0.7,1.0115656514740552,FreeTransferWorkspace,1.1,-0.1,0.9,46,0.9387755102040817,0.9313083000015467,49,0.01765942934997108,0.0019897504638252284,SlideLeft -> LiftFromLeftSupport -> FreeTransferWorkspace,96,7,True,6.884821599989664,0.92,1.1,-0.1,0.9,0.1,-0.05,0.7,1.1,-0.1,0.9,0.1,-0.05,0.7,95,0.0,SlideLeft,0.1,-0.05,0.7,8.124344900017604
ok,36,37,start-anchored,0,0.11335274236891629,-0.0010442914674056738,0.69999994,0.1,-0.05,0.7,0.9878610592532081,PlaceOnRightSupport,1.1,-0.05,0.7,53,0.9636363636363636,1.314957999973558,55,0.010697676919259087,0.001205829600904281,SlideLeft -> LiftFromLeftSupport -> FreeTransferWorkspace -> PlaceOnRightSupport,109,7,True,6.622958299994934,0.92,1.1,-0.05,0.7,0.1,-0.05,0.7,1.1,-0.05,0.7,0.1,-0.05,0.7,108,0.0,SlideLeft,0.1,-0.05,0.7,8.18229759996757
ok,36,37,start-anchored,0,0.11335274236891629,-0.0010442914674056738,0.69999994,0.1,-0.05,0.7,1.007903515416466,FreeTransferWorkspace,1.1,-0.05,0.9,46,0.9387755102040817,0.9187498000101186,49,0.01916583986461411,0.0020207217335275417,SlideLeft -> LiftFromLeftSupport -> FreeTransferWorkspace,96,7,True,7.067456999968272,0.92,1.1,-0.05,0.9,0.1,-0.05,0.7,1.1,-0.05,0.9,0.1,-0.05,0.7,95,0.0,SlideLeft,0.1,-0.05,0.7,8.29528839996783
ok,36,37,start-anchored,0,0.11335274236891629,-0.0010442914674056738,0.69999994,0.1,-0.05,0.7,0.9866478102826818,PlaceOnRightSupport,1.1,0.0,0.7,52,0.9454545454545454,1.218163299956359,55,0.010697676919259087,0.0012495139933008396,SlideLeft -> LiftFromLeftSupport -> FreeTransferWorkspace -> PlaceOnRightSupport,109,7,True,6.88345369999297,0.92,1.1,0.0,0.7,0.1,-0.05,0.7,1.1,0.0,0.7,0.1,-0.05,0.7,108,0.0,SlideLeft,0.1,-0.05,0.7,8.387867499957792
ok,36,37,start-anchored,0,0.11335274236891629,-0.0010442914674056738,0.69999994,0.1,-0.05,0.7,1.0067144210428352,FreeTransferWorkspace,1.1,0.0,0.9,45,0.9183673469387755,0.9124159999773838,49,0.02186660032581867,0.0021220726386711164,SlideLeft -> LiftFromLeftSupport -> FreeTransferWorkspace,96,7,True,7.000634600000922,0.92,1.1,0.0,0.9,0.1,-0.05,0.7,1.1,0.0,0.9,0.1,-0.05,0.7,95,0.0,SlideLeft,0.1,-0.05,0.7,8.2085879999795
ok,36,37,start-anchored,0,0.11335274236891629,-0.0010442914674056738,0.69999994,0.1,-0.05,0.7,0.987966765980694,PlaceOnRightSupport,1.1,0.05000000000000002,0.7,52,0.9454545454545454,1.0678087000269443,55,0.013392410368475707,0.0013080165393863407,SlideLeft -> LiftFromLeftSupport -> FreeTransferWorkspace -> PlaceOnRightSupport,109,7,True,6.822525000025053,0.92,1.1,0.05000000000000002,0.7,0.1,-0.05,0.7,1.1,0.05000000000000002,0.7,0.1,-0.05,0.7,108,0.0,SlideLeft,0.1,-0.05,0.7,8.207498000003397
ok,36,37,start-anchored,0,0.11335274236891629,-0.0010442914674056738,0.69999994,0.1,-0.05,0.7,1.0080071203530019,FreeTransferWorkspace,1.1,0.05000000000000002,0.9,45,0.9183673469387755,0.9104776000021957,49,0.026356286456965798,0.0023375894817558424,SlideLeft -> LiftFromLeftSupport -> FreeTransferWorkspace,96,7,True,6.746712899999693,0.92,1.1,0.05000000000000002,0.9,0.1,-0.05,0.7,1.1,0.05000000000000002,0.9,0.1,-0.05,0.7,95,0.0,SlideLeft,0.1,-0.05,0.7,7.958631800021976
ok,36,37,start-anchored,0,0.11335274236891629,-0.0010442914674056738,0.69999994,0.1,-0.05,0.7,0.9918078240410749,PlaceOnRightSupport,1.1,0.1,0.7,52,0.9285714285714286,1.1309655000222847,56,0.015414788813457222,0.0014074790043340454,SlideLeft -> LiftFromLeftSupport -> FreeTransferWorkspace -> PlaceOnRightSupport,110,7,True,6.740752500016242,0.92,1.1,0.1,0.7,0.1,-0.05,0.7,1.1,0.1,0.7,0.1,-0.05,0.7,109,0.0,SlideLeft,0.1,-0.05,0.7,8.165475799993146
ok,36,37,start-anchored,0,0.11335274236891629,-0.0010442914674056738,0.69999994,0.1,-0.05,0.7,1.011772100736669,FreeTransferWorkspace,1.1,0.1,0.9,45,0.9183673469387755,0.9719750999938697,49,0.03364147951460446,0.002739693563278955,SlideLeft -> LiftFromLeftSupport -> FreeTransferWorkspace,96,7,True,6.989801999996416,0.92,1.1,0.1,0.9,0.1,-0.05,0.7,1.1,0.1,0.9,0.1,-0.05,0.7,95,0.0,SlideLeft,0.1,-0.05,0.7,8.253543899976648
ok,13,10,largest-feasible,4,0.85,-0.1,0.7,0.22135828660862628,0.12202480666888177,0.7534207344341245,0.0,PlaceOnRightSupport,0.85,-0.1,0.7,11,0.7857142857142857,0.3371546999551356,14,0.011964557828528117,0.003682137505153488,SlideLeft -> LiftFromLeftSupport -> FreeTransferWorkspace -> PlaceOnRightSupport,27,7,True,6.813236299960408,0.92,0.85,-0.1,0.7,0.1,0.0,0.7,0.85,-0.1,0.7,0.1,0.0,0.7,26,0.18019895126953628,SlideLeft,0.1,0.0,0.7,7.4458581999642774
ok,11,8,largest-feasible,4,0.85,-0.1,0.9,0.22135828660862628,0.12202480666888177,0.7534207344341245,0.0,FreeTransferWorkspace,0.85,-0.1,0.9,9,0.75,0.2784982000011951,12,0.011966639761336655,0.004348300903085616,SlideLeft -> LiftFromLeftSupport -> FreeTransferWorkspace,22,7,True,6.769709600019269,0.92,0.85,-0.1,0.9,0.1,0.0,0.7,0.85,-0.1,0.9,0.1,0.0,0.7,21,0.18019895126953628,SlideLeft,0.1,0.0,0.7,7.341858600033447
ok,12,9,largest-feasible,4,0.8665362484677875,-0.03324303549665785,0.7,0.22135828660862628,0.12202480666888177,0.7534207344341245,0.0,PlaceOnRightSupport,0.85,-0.05,0.7,10,0.7692307692307693,0.29885070002637804,13,0.011965313687646006,0.003671856971694871,SlideLeft -> LiftFromLeftSupport -> FreeTransferWorkspace -> PlaceOnRightSupport,24,7,True,6.87337899999693,0.92,0.85,-0.05,0.7,0.1,0.0,0.7,0.8665362484677875,-0.03324303549665785,0.7,0.1,0.0,0.7,23,0.18019895126953628,SlideLeft,0.1,0.0,0.7,7.47891940001864
ok,10,7,largest-feasible,4,0.85,-0.05,0.9,0.22135828660862628,0.12202480666888177,0.7534207344341245,0.0,FreeTransferWorkspace,0.85,-0.05,0.9,8,0.7272727272727273,0.23860939999576658,11,0.011966639761336655,0.004531051839410411,SlideLeft -> LiftFromLeftSupport -> FreeTransferWorkspace,21,7,True,6.87945020000916,0.92,0.85,-0.05,0.9,0.1,0.0,0.7,0.85,-0.05,0.9,0.1,0.0,0.7,20,0.18019895126953628,SlideLeft,0.1,0.0,0.7,7.421398099977523
ok,11,8,largest-feasible,4,0.85,0.0,0.7,0.22135828660862628,0.12202480666888177,0.7534207344341245,0.0,PlaceOnRightSupport,0.85,0.0,0.7,9,0.75,0.27315909997560084,12,0.011965313687646006,0.003768223355651235,SlideLeft -> LiftFromLeftSupport -> FreeTransferWorkspace -> PlaceOnRightSupport,23,7,True,7.010864599957131,0.92,0.85,0.0,0.7,0.1,0.0,0.7,0.85,0.0,0.7,0.1,0.0,0.7,22,0.18019895126953628,SlideLeft,0.1,0.0,0.7,7.609973500017077
ok,10,7,largest-feasible,4,0.85,0.0,0.9,0.22135828660862628,0.12202480666888177,0.7534207344341245,0.0,FreeTransferWorkspace,0.85,0.0,0.9,8,0.7272727272727273,0.2569787999964319,11,0.011966639761336655,0.004459608782148055,SlideLeft -> LiftFromLeftSupport -> FreeTransferWorkspace,21,7,True,6.90729789994657,0.92,0.85,0.0,0.9,0.1,0.0,0.7,0.85,0.0,0.9,0.1,0.0,0.7,20,0.18019895126953628,SlideLeft,0.1,0.0,0.7,7.463602099975105
ok,11,8,largest-feasible,4,0.85,0.05000000000000002,0.7,0.22135828660862628,0.12202480666888177,0.7534207344341245,0.0,PlaceOnRightSupport,0.85,0.05000000000000002,0.7,9,0.75,0.28796730004251003,12,0.011965313687646006,0.003563271959277801,SlideLeft -> LiftFromLeftSupport -> FreeTransferWorkspace -> PlaceOnRightSupport,23,7,True,6.823349600017536,0.92,0.85,0.05000000000000002,0.7,0.1,0.0,0.7,0.85,0.05000000000000002,0.7,0.1,0.0,0.7,22,0.18019895126953628,SlideLeft,0.1,0.0,0.7,7.426117499999236
ok,10,7,largest-feasible,4,0.85,0.05000000000000002,0.9,0.22135828660862628,0.12202480666888177,0.7534207344341245,0.0,FreeTransferWorkspace,0.85,0.05000000000000002,0.9,8,0.7272727272727273,0.2526757000014186,11,0.011966639761336655,0.0044564781367563856,SlideLeft -> LiftFromLeftSupport -> FreeTransferWorkspace,21,7,True,6.9258104000473395,0.92,0.85,0.05000000000000002,0.9,0.1,0.0,0.7,0.85,0.05000000000000002,0.9,0.1,0.0,0.7,20,0.18019895126953628,SlideLeft,0.1,0.0,0.7,7.46409439999843
ok,11,8,largest-feasible,4,0.85,0.1,0.7,0.22135828660862628,0.12202480666888177,0.7534207344341245,0.0,PlaceOnRightSupport,0.85,0.1,0.7,9,0.75,0.26806269999360666,12,0.011965313687646006,0.0036510990953486674,SlideLeft -> LiftFromLeftSupport -> FreeTransferWorkspace -> PlaceOnRightSupport,22,7,True,6.889623399998527,0.92,0.85,0.1,0.7,0.1,0.0,0.7,0.85,0.1,0.7,0.1,0.0,0.7,21,0.18019895126953628,SlideLeft,0.1,0.0,0.7,7.450338099966757
ok,10,7,largest-feasible,4,0.85,0.1,0.9,0.22135828660862628,0.12202480666888177,0.7534207344341245,0.0,FreeTransferWorkspace,0.85,0.1,0.9,8,0.7272727272727273,0.2628320999792777,11,0.011966639761336655,0.004552203471920247,SlideLeft -> LiftFromLeftSupport -> FreeTransferWorkspace,21,7,True,6.845985199965071,0.92,0.85,0.1,0.9,0.1,0.0,0.7,0.85,0.1,0.9,0.1,0.0,0.7,20,0.18019895126953628,SlideLeft,0.1,0.0,0.7,7.403112500032876
ok,18,15,largest-feasible,4,0.9333333333333333,-0.1,0.7,0.22135828660862628,0.12202480666888177,0.7534207344341245,0.0,PlaceOnRightSupport,0.9333333333333333,-0.1,0.7,16,0.8421052631578947,0.4291862999671139,19,0.011964557828528117,0.002635149110186651,SlideLeft -> LiftFromLeftSupport -> FreeTransferWorkspace -> PlaceOnRightSupport,37,7,True,6.841623299987987,0.92,0.9333333333333333,-0.1,0.7,0.1,0.0,0.7,0.9333333333333333,-0.1,0.7,0.1,0.0,0.7,36,0.18019895126953628,SlideLeft,0.1,0.0,0.7,7.56843270000536
ok,11,8,largest-feasible,4,0.9333333333333333,-0.1,0.9,0.22135828660862628,0.12202480666888177,0.7534207344341245,0.0,FreeTransferWorkspace,0.9333333333333333,-0.1,0.9,9,0.75,0.2835540999658406,12,0.011966639761336655,0.004986877515571592,SlideLeft -> LiftFromLeftSupport -> FreeTransferWorkspace,23,7,True,6.836979000014253,0.92,0.9333333333333333,-0.1,0.9,0.1,0.0,0.7,0.9333333333333333,-0.1,0.9,0.1,0.0,0.7,22,0.18019895126953628,SlideLeft,0.1,0.0,0.7,7.422320100013167
ok,13,10,largest-feasible,4,0.9333333333333333,-0.05,0.7,0.22135828660862628,0.12202480666888177,0.7534207344341245,0.0,PlaceOnRightSupport,0.9333333333333333,-0.05,0.7,11,0.7857142857142857,0.3273852000129409,14,0.011964557828528117,0.003392052938589715,SlideLeft -> LiftFromLeftSupport -> FreeTransferWorkspace -> PlaceOnRightSupport,26,7,True,6.794190599990543,0.92,0.9333333333333333,-0.05,0.7,0.1,0.0,0.7,0.9333333333333333,-0.05,0.7,0.1,0.0,0.7,25,0.18019895126953628,SlideLeft,0.1,0.0,0.7,7.407115699956194
ok,11,8,largest-feasible,4,0.9333333333333333,-0.05,0.9,0.22135828660862628,0.12202480666888177,0.7534207344341245,0.0,FreeTransferWorkspace,0.9333333333333333,-0.05,0.9,9,0.75,0.29032930004177615,12,0.011966639761336655,0.004882186489346553,SlideLeft -> LiftFromLeftSupport -> FreeTransferWorkspace,23,7,True,7.035318399954122,0.92,0.9333333333333333,-0.05,0.9,0.1,0.0,0.7,0.9333333333333333,-0.05,0.9,0.1,0.0,0.7,22,0.18019895126953628,SlideLeft,0.1,0.0,0.7,7.625171599967871
ok,12,9,largest-feasible,4,0.9333333333333333,0.0,0.7,0.22135828660862628,0.12202480666888177,0.7534207344341245,0.0,PlaceOnRightSupport,0.9333333333333333,0.0,0.7,10,0.7692307692307693,0.26562789996387437,13,0.011964557828528117,0.003441851438386053,SlideLeft -> LiftFromLeftSupport -> FreeTransferWorkspace -> PlaceOnRightSupport,25,7,True,7.047515599988401,0.92,0.9333333333333333,0.0,0.7,0.1,0.0,0.7,0.9333333333333333,0.0,0.7,0.1,0.0,0.7,24,0.18019895126953628,SlideLeft,0.1,0.0,0.7,7.609422600013204
ok,11,8,largest-feasible,4,0.9333333333333333,0.0,0.9,0.22135828660862628,0.12202480666888177,0.7534207344341245,0.0,FreeTransferWorkspace,0.9333333333333333,0.0,0.9,9,0.75,0.2964682999881916,12,0.011966639761336655,0.004856836711842584,SlideLeft -> LiftFromLeftSupport -> FreeTransferWorkspace,22,7,True,7.082929999975022,0.92,0.9333333333333333,0.0,0.9,0.1,0.0,0.7,0.9333333333333333,0.0,0.9,0.1,0.0,0.7,21,0.18019895126953628,SlideLeft,0.1,0.0,0.7,7.674690400017425
ok,12,9,largest-feasible,4,0.9333333333333333,0.05000000000000002,0.7,0.22135828660862628,0.12202480666888177,0.7534207344341245,0.0,PlaceOnRightSupport,0.9333333333333333,0.05000000000000002,0.7,10,0.7692307692307693,0.29564249998657033,13,0.011964557828528117,0.003632093880976257,SlideLeft -> LiftFromLeftSupport -> FreeTransferWorkspace -> PlaceOnRightSupport,24,7,True,6.940074600046501,0.92,0.9333333333333333,0.05000000000000002,0.7,0.1,0.0,0.7,0.9333333333333333,0.05000000000000002,0.7,0.1,0.0,0.7,23,0.18019895126953628,SlideLeft,0.1,0.0,0.7,7.528396199981216
ok,11,8,largest-feasible,4,0.9333333333333333,0.05000000000000002,0.9,0.22135828660862628,0.12202480666888177,0.7534207344341245,0.0,FreeTransferWorkspace,0.9333333333333333,0.05000000000000002,0.9,9,0.75,0.28558730002259836,12,0.011966639761336655,0.004934238412011857,SlideLeft -> LiftFromLeftSupport -> FreeTransferWorkspace,22,7,True,6.937002899998333,0.92,0.9333333333333333,0.05000000000000002,0.9,0.1,0.0,0.7,0.9333333333333333,0.05000000000000002,0.9,0.1,0.0,0.7,21,0.18019895126953628,SlideLeft,0.1,0.0,0.7,7.515665400016587
ok,12,9,largest-feasible,4,0.9333333333333333,0.1,0.7,0.22135828660862628,0.12202480666888177,0.7534207344341245,0.0,PlaceOnRightSupport,0.9333333333333333,0.1,0.7,10,0.7692307692307693,0.2672599999932572,13,0.011964557828528117,0.0038221797589609173,SlideLeft -> LiftFromLeftSupport -> FreeTransferWorkspace -> PlaceOnRightSupport,24,7,True,6.889729899994563,0.92,0.9333333333333333,0.1,0.7,0.1,0.0,0.7,0.9333333333333333,0.1,0.7,0.1,0.0,0.7,23,0.18019895126953628,SlideLeft,0.1,0.0,0.7,7.448620899987873
ok,11,8,largest-feasible,4,0.9333333333333333,0.1,0.9,0.22135828660862628,0.12202480666888177,0.7534207344341245,0.0,FreeTransferWorkspace,0.9333333333333333,0.1,0.9,9,0.75,0.28431799996178597,12,0.012118425598849989,0.005160531863523043,SlideLeft -> LiftFromLeftSupport -> FreeTransferWorkspace,22,7,True,6.8630493999808095,0.92,0.9333333333333333,0.1,0.9,0.1,0.0,0.7,0.9333333333333333,0.1,0.9,0.1,0.0,0.7,21,0.18019895126953628,SlideLeft,0.1,0.0,0.7,7.461719499959145
ok,18,15,largest-feasible,4,1.0166666666666666,-0.1,0.7,0.22135828660862628,0.12202480666888177,0.7534207344341245,0.0,PlaceOnRightSupport,1.0166666666666666,-0.1,0.7,16,0.8421052631578947,0.4132507999893278,19,0.011964557828528117,0.002555259205292274,SlideLeft -> LiftFromLeftSupport -> FreeTransferWorkspace -> PlaceOnRightSupport,37,7,True,6.853982600034215,0.92,1.0166666666666666,-0.1,0.7,0.1,0.0,0.7,1.0166666666666666,-0.1,0.7,0.1,0.0,0.7,36,0.18019895126953628,SlideLeft,0.1,0.0,0.7,7.5771634000120685
ok,12,9,largest-feasible,4,1.0166666666666666,-0.1,0.9,0.22135828660862628,0.12202480666888177,0.7534207344341245,0.0,FreeTransferWorkspace,1.0166666666666666,-0.1,0.9,10,0.7692307692307693,0.32941659999778494,13,0.014145588011289704,0.005592433410473185,SlideLeft -> LiftFromLeftSupport -> FreeTransferWorkspace,24,7,True,6.835818299965467,0.92,1.0166666666666666,-0.1,0.9,0.1,0.0,0.7,1.0166666666666666,-0.1,0.9,0.1,0.0,0.7,23,0.18019895126953628,SlideLeft,0.1,0.0,0.7,7.452598400006536
ok,18,15,largest-feasible,4,1.0166666666666666,-0.05,0.7,0.22135828660862628,0.12202480666888177,0.7534207344341245,0.0,PlaceOnRightSupport,1.0166666666666666,-0.05,0.7,16,0.8421052631578947,0.4381248999852687,19,0.011964557828528117,0.0026283825308655267,SlideLeft -> LiftFromLeftSupport -> FreeTransferWorkspace -> PlaceOnRightSupport,36,7,True,6.919505900004879,0.92,1.0166666666666666,-0.05,0.7,0.1,0.0,0.7,1.0166666666666666,-0.05,0.7,0.1,0.0,0.7,35,0.18019895126953628,SlideLeft,0.1,0.0,0.7,7.659064200008288
ok,12,9,largest-feasible,4,1.0166666666666666,-0.05,0.9,0.22135828660862628,0.12202480666888177,0.7534207344341245,0.0,FreeTransferWorkspace,1.0166666666666666,-0.05,0.9,10,0.7692307692307693,0.2930554000195116,13,0.014914780521411172,0.005541256836146206,SlideLeft -> LiftFromLeftSupport -> FreeTransferWorkspace,24,7,True,6.9096860000281595,0.92,1.0166666666666666,-0.05,0.9,0.1,0.0,0.7,1.0166666666666666,-0.05,0.9,0.1,0.0,0.7,23,0.18019895126953628,SlideLeft,0.1,0.0,0.7,7.498302399995737
ok,18,15,largest-feasible,4,1.0166666666666666,0.0,0.7,0.22135828660862628,0.12202480666888177,0.7534207344341245,0.0,PlaceOnRightSupport,1.0166666666666666,0.0,0.7,16,0.8421052631578947,0.42878339998424053,19,0.011964557828528117,0.0027372202502252336,SlideLeft -> LiftFromLeftSupport -> FreeTransferWorkspace -> PlaceOnRightSupport,37,7,True,7.048697099962737,0.92,1.0166666666666666,0.0,0.7,0.1,0.0,0.7,1.0166666666666666,0.0,0.7,0.1,0.0,0.7,36,0.18019895126953628,SlideLeft,0.1,0.0,0.7,7.776089299994055
ok,12,9,largest-feasible,4,1.0166666666666666,0.0,0.9,0.22135828660862628,0.12202480666888177,0.7534207344341245,0.0,FreeTransferWorkspace,1.0166666666666666,0.0,0.9,10,0.7692307692307693,0.29588509997120127,13,0.01637926622644359,0.0056307748385872065,SlideLeft -> LiftFromLeftSupport -> FreeTransferWorkspace,24,7,True,7.054991500044707,0.92,1.0166666666666666,0.0,0.9,0.1,0.0,0.7,1.0166666666666666,0.0,0.9,0.1,0.0,0.7,23,0.18019895126953628,SlideLeft,0.1,0.0,0.7,7.652232999971602
ok,13,10,largest-feasible,4,1.0166666666666666,0.05000000000000002,0.7,0.22135828660862628,0.12202480666888177,0.7534207344341245,0.0,PlaceOnRightSupport,1.0166666666666666,0.05000000000000002,0.7,11,0.7857142857142857,0.33916160004446283,14,0.011964557828528117,0.0039057083642004766,SlideLeft -> LiftFromLeftSupport -> FreeTransferWorkspace -> PlaceOnRightSupport,27,7,True,6.685980099951848,0.92,1.0166666666666666,0.05000000000000002,0.7,0.1,0.0,0.7,1.0166666666666666,0.05000000000000002,0.7,0.1,0.0,0.7,26,0.18019895126953628,SlideLeft,0.1,0.0,0.7,7.333830600022338
ok,12,9,largest-feasible,4,1.0166666666666666,0.05000000000000002,0.9,0.22135828660862628,0.12202480666888177,0.7534207344341245,0.0,FreeTransferWorkspace,1.0166666666666666,0.05000000000000002,0.9,10,0.7692307692307693,0.3087120999698527,13,0.018896279006131934,0.005921062247017641,SlideLeft -> LiftFromLeftSupport -> FreeTransferWorkspace,24,7,True,6.90744470001664,0.92,1.0166666666666666,0.05000000000000002,0.9,0.1,0.0,0.7,1.0166666666666666,0.05000000000000002,0.9,0.1,0.0,0.7,23,0.18019895126953628,SlideLeft,0.1,0.0,0.7,7.512377700011712
ok,13,10,largest-feasible,4,1.0166666666666666,0.1,0.7,0.22135828660862628,0.12202480666888177,0.7534207344341245,0.0,PlaceOnRightSupport,1.0166666666666666,0.1,0.7,11,0.7857142857142857,0.3148626999463886,14,0.011964557828528117,0.004221693610139186,SlideLeft -> LiftFromLeftSupport -> FreeTransferWorkspace -> PlaceOnRightSupport,26,7,True,7.078620099986438,0.92,1.0166666666666666,0.1,0.7,0.1,0.0,0.7,1.0166666666666666,0.1,0.7,0.1,0.0,0.7,25,0.18019895126953628,SlideLeft,0.1,0.0,0.7,7.6952831000089645
ok,11,8,largest-feasible,4,1.014978010600863,0.10009496940529436,0.8997147591254114,0.22135828660862628,0.12202480666888177,0.7534207344341245,0.001715208690816748,FreeTransferWorkspace,1.0166666666666666,0.1,0.9,9,0.6923076923076923,0.3191581999999471,13,0.02310973487271613,0.006547505030325065,SlideLeft -> LiftFromLeftSupport -> FreeTransferWorkspace,24,7,True,6.968796300003305,0.92,1.0166666666666666,0.1,0.9,0.1,0.0,0.7,1.0166666666666666,0.1,0.9,0.1,0.0,0.7,23,0.18019895126953628,SlideLeft,0.1,0.0,0.7,7.586471599992365
ok,19,16,largest-feasible,4,1.1,-0.1,0.7,0.22135828660862628,0.12202480666888177,0.7534207344341245,0.0,PlaceOnRightSupport,1.1,-0.1,0.7,17,0.85,0.4557446999824606,20,0.011964557828528117,0.0029113736869133817,SlideLeft -> LiftFromLeftSupport -> FreeTransferWorkspace -> PlaceOnRightSupport,38,7,True,6.710324499988928,0.92,1.1,-0.1,0.7,0.1,0.0,0.7,1.1,-0.1,0.7,0.1,0.0,0.7,37,0.18019895126953628,SlideLeft,0.1,0.0,0.7,7.464009699993767
ok,12,9,largest-feasible,4,1.1,-0.1,0.9,0.22135828660862628,0.12202480666888177,0.7534207344341245,0.0,FreeTransferWorkspace,1.1,-0.1,0.9,10,0.7692307692307693,0.31350879999808967,13,0.02301826838688218,0.006681303733472524,SlideLeft -> LiftFromLeftSupport -> FreeTransferWorkspace,25,7,True,7.103601599985268,0.92,1.1,-0.1,0.9,0.1,0.0,0.7,1.1,-0.1,0.9,0.1,0.0,0.7,24,0.18019895126953628,SlideLeft,0.1,0.0,0.7,7.714560499996878
ok,19,16,largest-feasible,4,1.1,-0.05,0.7,0.22135828660862628,0.12202480666888177,0.7534207344341245,0.0,PlaceOnRightSupport,1.1,-0.05,0.7,17,0.85,0.4304425999871455,20,0.011964557828528117,0.0030111139428285754,SlideLeft -> LiftFromLeftSupport -> FreeTransferWorkspace -> PlaceOnRightSupport,38,7,True,6.882572699978482,0.92,1.1,-0.05,0.7,0.1,0.0,0.7,1.1,-0.05,0.7,0.1,0.0,0.7,37,0.18019895126953628,SlideLeft,0.1,0.0,0.7,7.5971763000125065
ok,11,8,largest-feasible,4,0.9994988095139012,-0.027225841602841992,0.8846823377590131,0.22135828660862628,0.12202480666888177,0.7534207344341245,0.10418148758945096,FreeTransferWorkspace,1.1,-0.05,0.9,9,0.6923076923076923,0.31190909998258576,13,0.0228827028830157,0.0067343708052514575,SlideLeft -> LiftFromLeftSupport -> FreeTransferWorkspace,25,7,True,7.007272900023963,0.92,1.1,-0.05,0.9,0.1,0.0,0.7,1.1,-0.05,0.9,0.1,0.0,0.7,24,0.18019895126953628,SlideLeft,0.1,0.0,0.7,7.608888600021601
ok,18,15,largest-feasible,4,1.0784315961203619,-0.00606876184426566,0.7,0.22135828660862628,0.12202480666888177,0.7534207344341245,0.02240593484409002,PlaceOnRightSupport,1.1,0.0,0.7,16,0.8,0.4317083999630995,20,0.01249780540238327,0.0031395245801420627,SlideLeft -> LiftFromLeftSupport -> FreeTransferWorkspace -> PlaceOnRightSupport,38,7,True,6.8549368000240065,0.92,1.1,0.0,0.7,0.1,0.0,0.7,1.1,0.0,0.7,0.1,0.0,0.7,37,0.18019895126953628,SlideLeft,0.1,0.0,0.7,7.602639699995052
ok,11,8,largest-feasible,4,1.007730397848119,0.015499961778587697,0.8859369367264535,0.22135828660862628,0.12202480666888177,0.7534207344341245,0.09461341366339072,FreeTransferWorkspace,1.1,0.0,0.9,9,0.6923076923076923,0.3398769000195898,13,0.024592053444344775,0.00699436930752942,SlideLeft -> LiftFromLeftSupport -> FreeTransferWorkspace,25,7,True,6.945494699990377,0.92,1.1,0.0,0.9,0.1,0.0,0.7,1.1,0.0,0.9,0.1,0.0,0.7,24,0.18019895126953628,SlideLeft,0.1,0.0,0.7,7.588928800018039
ok,18,15,largest-feasible,4,1.063708929213496,0.026551766021698252,0.7,0.22135828660862628,0.12202480666888177,0.7534207344341245,0.0432071926365534,PlaceOnRightSupport,1.1,0.05000000000000002,0.7,16,0.8,0.46111600002041087,20,0.012577535182867855,0.003296700539137546,SlideLeft -> LiftFromLeftSupport -> FreeTransferWorkspace -> PlaceOnRightSupport,38,7,True,7.0457178999786265,0.92,1.1,0.05000000000000002,0.7,0.1,0.0,0.7,1.1,0.05000000000000002,0.7,0.1,0.0,0.7,37,0.18019895126953628,SlideLeft,0.1,0.0,0.7,7.804990099975839
ok,11,8,largest-feasible,4,1.0136806103902853,0.05944034460133519,0.8868438249487935,0.22135828660862628,0.12202480666888177,0.7534207344341245,0.08782506516230816,FreeTransferWorkspace,1.1,0.05000000000000002,0.9,9,0.6923076923076923,0.3159235999919474,13,0.029011670894821463,0.0075569397259949815,SlideLeft -> LiftFromLeftSupport -> FreeTransferWorkspace,25,7,True,6.993871900020167,0.92,1.1,0.05000000000000002,0.9,0.1,0.0,0.7,1.1,0.05000000000000002,0.9,0.1,0.0,0.7,24,0.18019895126953628,SlideLeft,0.1,0.0,0.7,7.598165399977006
ok,18,15,largest-feasible,4,1.0473105518206882,0.04673840753611126,0.7,0.22135828660862628,0.12202480666888177,0.7534207344341245,0.07491979165233818,PlaceOnRightSupport,1.1,0.1,0.7,16,0.8,0.4271586000104435,20,0.012353420594532217,0.0035037386303027303,SlideLeft -> LiftFromLeftSupport -> FreeTransferWorkspace -> PlaceOnRightSupport,39,7,True,6.761000200000126,0.92,1.1,0.1,0.7,0.1,0.0,0.7,1.1,0.1,0.7,0.1,0.0,0.7,38,0.18019895126953628,SlideLeft,0.1,0.0,0.7,7.480981000000611
ok,11,8,largest-feasible,4,1.0171797957372868,0.10420271111966793,0.8873771453901209,0.22135828660862628,0.12202480666888177,0.7534207344341245,0.08388197347091376,FreeTransferWorkspace,1.1,0.1,0.9,9,0.6923076923076923,0.34127020003506914,13,0.03764978681465663,0.008582895940937538,SlideLeft -> LiftFromLeftSupport -> FreeTransferWorkspace,25,7,True,6.861154500045814,0.92,1.1,0.1,0.9,0.1,0.0,0.7,1.1,0.1,0.9,0.1,0.0,0.7,24,0.18019895126953628,SlideLeft,0.1,0.0,0.7,7.488573000009637
ok,13,11,largest-feasible,3,0.85,-0.1,0.7,0.17996236388930476,0.08777668459853102,0.7267103672170623,0.0,PlaceOnRightSupport,0.85,-0.1,0.7,11,0.7857142857142857,0.32221760001266375,14,0.014004479113869803,0.004220710299150013,SlideLeft -> LiftFromLeftSupport -> FreeTransferWorkspace -> PlaceOnRightSupport,26,7,True,6.79594509996241,0.92,0.85,-0.1,0.7,0.1,0.05000000000000002,0.7,0.85,-0.1,0.7,0.1,0.05000000000000002,0.7,25,0.09238236441492931,SlideLeft,0.1,0.05000000000000002,0.7,7.4071888999897055
ok,10,8,largest-feasible,3,0.85,-0.1,0.9,0.17996236388930476,0.08777668459853102,0.7267103672170623,0.0,FreeTransferWorkspace,0.85,-0.1,0.9,8,0.7272727272727273,0.2480593000072986,11,0.014008165453326393,0.0052913246518896525,SlideLeft -> LiftFromLeftSupport -> FreeTransferWorkspace,21,7,True,6.85585120000178,0.92,0.85,-0.1,0.9,0.1,0.05000000000000002,0.7,0.85,-0.1,0.9,0.1,0.05000000000000002,0.7,20,0.09238236441492931,SlideLeft,0.1,0.05000000000000002,0.7,7.412334799999371
ok,11,9,largest-feasible,3,0.8665362484677875,-0.03324303549665785,0.7,0.17996236388930476,0.08777668459853102,0.7267103672170623,0.0,PlaceOnRightSupport,0.85,-0.05,0.7,9,0.75,0.27450219995807856,12,0.014004050075064953,0.0043117278580111,SlideLeft -> LiftFromLeftSupport -> FreeTransferWorkspace -> PlaceOnRightSupport,23,7,True,6.8959944999660365,0.92,0.85,-0.05,0.7,0.1,0.05000000000000002,0.7,0.8665362484677875,-0.03324303549665785,0.7,0.1,0.05000000000000002,0.7,22,0.09238236441492931,SlideLeft,0.1,0.05000000000000002,0.7,7.461633800005075
ok,10,8,largest-feasible,3,0.85,-0.05,0.9,0.17996236388930476,0.08777668459853102,0.7267103672170623,0.0,FreeTransferWorkspace,0.85,-0.05,0.9,8,0.7272727272727273,0.26254000002518296,11,0.014008165453326393,0.005188053165992546,SlideLeft -> LiftFromLeftSupport -> FreeTransferWorkspace,20,7,True,6.749789300025441,0.92,0.85,-0.05,0.9,0.1,0.05000000000000002,0.7,0.85,-0.05,0.9,0.1,0.05000000000000002,0.7,19,0.09238236441492931,SlideLeft,0.1,0.05000000000000002,0.7,7.305004799971357
ok,11,9,largest-feasible,3,0.85,0.0,0.7,0.17996236388930476,0.08777668459853102,0.7267103672170623,0.0,PlaceOnRightSupport,0.85,0.0,0.7,9,0.75,0.27966429997468367,12,0.014004050075064953,0.0042607256169415915,SlideLeft -> LiftFromLeftSupport -> FreeTransferWorkspace -> PlaceOnRightSupport,22,7,True,6.938281099952292,0.92,0.85,0.0,0.7,0.1,0.05000000000000002,0.7,0.85,0.0,0.7,0.1,0.05000000000000002,0.7,21,0.09238236441492931,SlideLeft,0.1,0.05000000000000002,0.7,7.512983799970243
ok,10,8,largest-feasible,3,0.85,0.0,0.9,0.17996236388930476,0.08777668459853102,0.7267103672170623,0.0,FreeTransferWorkspace,0.85,0.0,0.9,8,0.7272727272727273,0.2720937999547459,11,0.014008165453326393,0.005129143396296546,SlideLeft -> LiftFromLeftSupport -> FreeTransferWorkspace,20,7,True,6.872589099977631,0.92,0.85,0.0,0.9,0.1,0.05000000000000002,0.7,0.85,0.0,0.9,0.1,0.05000000000000002,0.7,19,0.09238236441492931,SlideLeft,0.1,0.05000000000000002,0.7,7.440437600016594
ok,11,9,largest-feasible,3,0.85,0.05000000000000002,0.7,0.17996236388930476,0.08777668459853102,0.7267103672170623,0.0,PlaceOnRightSupport,0.85,0.05000000000000002,0.7,9,0.75,0.28807300003245473,12,0.014004050075064953,0.0040558829604591595,SlideLeft -> LiftFromLeftSupport -> FreeTransferWorkspace -> PlaceOnRightSupport,22,7,True,6.859280900040176,0.92,0.85,0.05000000000000002,0.7,0.1,0.05000000000000002,0.7,0.85,0.05000000000000002,0.7,0.1,0.05000000000000002,0.7,21,0.09238236441492931,SlideLeft,0.1,0.05000000000000002,0.7,7.480479500023648
ok,10,8,largest-feasible,3,0.85,0.05000000000000002,0.9,0.17996236388930476,0.08777668459853102,0.7267103672170623,0.0,FreeTransferWorkspace,0.85,0.05000000000000002,0.9,8,0.7272727272727273,0.26353799999924377,11,0.014008165453326393,0.005141578267754269,SlideLeft -> LiftFromLeftSupport -> FreeTransferWorkspace,20,7,True,6.964006200025324,0.92,0.85,0.05000000000000002,0.9,0.1,0.05000000000000002,0.7,0.85,0.05000000000000002,0.9,0.1,0.05000000000000002,0.7,19,0.09238236441492931,SlideLeft,0.1,0.05000000000000002,0.7,7.510303999995813
ok,10,8,largest-feasible,3,0.85,0.1,0.7,0.17996236388930476,0.08777668459853102,0.7267103672170623,0.0,PlaceOnRightSupport,0.85,0.1,0.7,8,0.7272727272727273,0.25474290002603084,11,0.014004050075064953,0.004375001907465291,SlideLeft -> LiftFromLeftSupport -> FreeTransferWorkspace -> PlaceOnRightSupport,21,7,True,6.860402700025588,0.92,0.85,0.1,0.7,0.1,0.05000000000000002,0.7,0.85,0.1,0.7,0.1,0.05000000000000002,0.7,20,0.09238236441492931,SlideLeft,0.1,0.05000000000000002,0.7,7.419081299973186
ok,10,8,largest-feasible,3,0.85,0.1,0.9,0.17996236388930476,0.08777668459853102,0.7267103672170623,0.0,FreeTransferWorkspace,0.85,0.1,0.9,8,0.7272727272727273,0.26171099999919534,11,0.014008165453326393,0.005266278422792345,SlideLeft -> LiftFromLeftSupport -> FreeTransferWorkspace,20,7,True,6.858537400024943,0.92,0.85,0.1,0.9,0.1,0.05000000000000002,0.7,0.85,0.1,0.9,0.1,0.05000000000000002,0.7,19,0.09238236441492931,SlideLeft,0.1,0.05000000000000002,0.7,7.416930300008971
ok,18,16,largest-feasible,3,0.9333333333333333,-0.1,0.7,0.17996236388930476,0.08777668459853102,0.7267103672170623,0.0,PlaceOnRightSupport,0.9333333333333333,-0.1,0.7,16,0.8421052631578947,0.4112464999780059,19,0.014004479113869803,0.0029436072340384705,SlideLeft -> LiftFromLeftSupport -> FreeTransferWorkspace -> PlaceOnRightSupport,36,7,True,6.8781002999749035,0.92,0.9333333333333333,-0.1,0.7,0.1,0.05000000000000002,0.7,0.9333333333333333,-0.1,0.7,0.1,0.05000000000000002,0.7,35,0.09238236441492931,SlideLeft,0.1,0.05000000000000002,0.7,7.59215400001267
ok,11,9,largest-feasible,3,0.9333333333333333,-0.1,0.9,0.17996236388930476,0.08777668459853102,0.7267103672170623,0.0,FreeTransferWorkspace,0.9333333333333333,-0.1,0.9,9,0.75,0.2956776000210084,12,0.014008165453326393,0.00566665468639027,SlideLeft -> LiftFromLeftSupport -> FreeTransferWorkspace,22,7,True,6.839637099998072,0.92,0.9333333333333333,-0.1,0.9,0.1,0.05000000000000002,0.7,0.9333333333333333,-0.1,0.9,0.1,0.05000000000000002,0.7,21,0.09238236441492931,SlideLeft,0.1,0.05000000000000002,0.7,7.422971799969673
ok,12,10,largest-feasible,3,0.9333333333333333,-0.05,0.7,0.17996236388930476,0.08777668459853102,0.7267103672170623,0.0,PlaceOnRightSupport,0.9333333333333333,-0.05,0.7,10,0.7692307692307693,0.27538690000073984,13,0.014004479113869803,0.003962664234065068,SlideLeft -> LiftFromLeftSupport -> FreeTransferWorkspace -> PlaceOnRightSupport,25,7,True,6.860443999990821,0.92,0.9333333333333333,-0.05,0.7,0.1,0.05000000000000002,0.7,0.9333333333333333,-0.05,0.7,0.1,0.05000000000000002,0.7,24,0.09238236441492931,SlideLeft,0.1,0.05000000000000002,0.7,7.490903900004923
ok,11,9,largest-feasible,3,0.9333333333333333,-0.05,0.9,0.17996236388930476,0.08777668459853102,0.7267103672170623,0.0,FreeTransferWorkspace,0.9333333333333333,-0.05,0.9,9,0.75,0.3023022999987006,12,0.014008165453326393,0.005576595054001525,SlideLeft -> LiftFromLeftSupport -> FreeTransferWorkspace,22,7,True,6.8813123999862,0.92,0.9333333333333333,-0.05,0.9,0.1,0.05000000000000002,0.7,0.9333333333333333,-0.05,0.9,0.1,0.05000000000000002,0.7,21,0.09238236441492931,SlideLeft,0.1,0.05000000000000002,0.7,7.4677827000268735
ok,12,10,largest-feasible,3,0.9333333333333333,0.0,0.7,0.17996236388930476,0.08777668459853102,0.7267103672170623,0.0,PlaceOnRightSupport,0.9333333333333333,0.0,0.7,10,0.7692307692307693,0.28616180003155023,13,0.014004479113869803,0.0038791271275969963,SlideLeft -> LiftFromLeftSupport -> FreeTransferWorkspace -> PlaceOnRightSupport,24,7,True,7.247066900017671,0.92,0.9333333333333333,0.0,0.7,0.1,0.05000000000000002,0.7,0.9333333333333333,0.0,0.7,0.1,0.05000000000000002,0.7,23,0.09238236441492931,SlideLeft,0.1,0.05000000000000002,0.7,7.815479599987157
ok,10,8,largest-feasible,3,0.9333333333333333,0.0,0.9,0.17996236388930476,0.08777668459853102,0.7267103672170623,0.0,FreeTransferWorkspace,0.9333333333333333,0.0,0.9,8,0.7272727272727273,0.2768301999894902,11,0.014008165453326393,0.005861126683089293,SlideLeft -> LiftFromLeftSupport -> FreeTransferWorkspace,21,7,True,7.008205600024667,0.92,0.9333333333333333,0.0,0.9,0.1,0.05000000000000002,0.7,0.9333333333333333,0.0,0.9,0.1,0.05000000000000002,0.7,20,0.09238236441492931,SlideLeft,0.1,0.05000000000000002,0.7,7.592810999951325
ok,11,9,largest-feasible,3,0.9333333333333333,0.05000000000000002,0.7,0.17996236388930476,0.08777668459853102,0.7267103672170623,0.0,PlaceOnRightSupport,0.9333333333333333,0.05000000000000002,0.7,9,0.75,0.30739179998636246,12,0.014004479113869803,0.00435659575141487,SlideLeft -> LiftFromLeftSupport -> FreeTransferWorkspace -> PlaceOnRightSupport,23,7,True,6.931647999968845,0.92,0.9333333333333333,0.05000000000000002,0.7,0.1,0.05000000000000002,0.7,0.9333333333333333,0.05000000000000002,0.7,0.1,0.05000000000000002,0.7,22,0.09238236441492931,SlideLeft,0.1,0.05000000000000002,0.7,7.533668499963824
ok,10,8,largest-feasible,3,0.9333333333333333,0.05000000000000002,0.9,0.17996236388930476,0.08777668459853102,0.7267103672170623,0.0,FreeTransferWorkspace,0.9333333333333333,0.05000000000000002,0.9,8,0.7272727272727273,0.2688011000282131,11,0.014008165453326393,0.0059186201430923065,SlideLeft -> LiftFromLeftSupport -> FreeTransferWorkspace,21,7,True,6.830941200023517,0.92,0.9333333333333333,0.05000000000000002,0.9,0.1,0.05000000000000002,0.7,0.9333333333333333,0.05000000000000002,0.9,0.1,0.05000000000000002,0.7,20,0.09238236441492931,SlideLeft,0.1,0.05000000000000002,0.7,7.408446900022682
ok,11,9,largest-feasible,3,0.9333333333333333,0.1,0.7,0.17996236388930476,0.08777668459853102,0.7267103672170623,0.0,PlaceOnRightSupport,0.9333333333333333,0.1,0.7,9,0.75,0.2973826000234112,12,0.014004479113869803,0.004609189659579895,SlideLeft -> LiftFromLeftSupport -> FreeTransferWorkspace -> PlaceOnRightSupport,23,7,True,6.9705268000252545,0.92,0.9333333333333333,0.1,0.7,0.1,0.05000000000000002,0.7,0.9333333333333333,0.1,0.7,0.1,0.05000000000000002,0.7,22,0.09238236441492931,SlideLeft,0.1,0.05000000000000002,0.7,7.568776300002355
ok,10,8,largest-feasible,3,0.9333333333333333,0.1,0.9,0.17996236388930476,0.08777668459853102,0.7267103672170623,0.0,FreeTransferWorkspace,0.9333333333333333,0.1,0.9,8,0.7272727272727273,0.26660690002609044,11,0.014008165453326393,0.00612664022385415,SlideLeft -> LiftFromLeftSupport -> FreeTransferWorkspace,21,7,True,7.117146300035529,0.92,0.9333333333333333,0.1,0.9,0.1,0.05000000000000002,0.7,0.9333333333333333,0.1,0.9,0.1,0.05000000000000002,0.7,20,0.09238236441492931,SlideLeft,0.1,0.05000000000000002,0.7,7.669659300008789
ok,18,16,largest-feasible,3,1.0166666666666666,-0.1,0.7,0.17996236388930476,0.08777668459853102,0.7267103672170623,0.0,PlaceOnRightSupport,1.0166666666666666,-0.1,0.7,16,0.8421052631578947,0.42664419999346137,19,0.014004479113869803,0.002852152059619164,SlideLeft -> LiftFromLeftSupport -> FreeTransferWorkspace -> PlaceOnRightSupport,36,7,True,6.959847299964167,0.92,1.0166666666666666,-0.1,0.7,0.1,0.05000000000000002,0.7,1.0166666666666666,-0.1,0.7,0.1,0.05000000000000002,0.7,35,0.09238236441492931,SlideLeft,0.1,0.05000000000000002,0.7,7.685257399978582
ok,11,9,largest-feasible,3,1.0166666666666666,-0.1,0.9,0.17996236388930476,0.08777668459853102,0.7267103672170623,0.0,FreeTransferWorkspace,1.0166666666666666,-0.1,0.9,9,0.75,0.31123519997345284,12,0.014940512188976011,0.00653070055416298,SlideLeft -> LiftFromLeftSupport -> FreeTransferWorkspace,23,7,True,7.039534499985166,0.92,1.0166666666666666,-0.1,0.9,0.1,0.05000000000000002,0.7,1.0166666666666666,-0.1,0.9,0.1,0.05000000000000002,0.7,22,0.09238236441492931,SlideLeft,0.1,0.05000000000000002,0.7,7.643267299979925
ok,17,15,largest-feasible,3,1.0166666666666666,-0.05,0.7,0.17996236388930476,0.08777668459853102,0.7267103672170623,0.0,PlaceOnRightSupport,1.0166666666666666,-0.05,0.7,15,0.8333333333333334,0.3771326999994926,18,0.014004479113869803,0.003079432019510179,SlideLeft -> LiftFromLeftSupport -> FreeTransferWorkspace -> PlaceOnRightSupport,35,7,True,6.763720999995712,0.92,1.0166666666666666,-0.05,0.7,0.1,0.05000000000000002,0.7,1.0166666666666666,-0.05,0.7,0.1,0.05000000000000002,0.7,34,0.09238236441492931,SlideLeft,0.1,0.05000000000000002,0.7,7.439153700019233
ok,11,9,largest-feasible,3,1.0166666666666666,-0.05,0.9,0.17996236388930476,0.08777668459853102,0.7267103672170623,0.0,FreeTransferWorkspace,1.0166666666666666,-0.05,0.9,9,0.75,0.28774140001041815,12,0.014008165453326393,0.006447548701335656,SlideLeft -> LiftFromLeftSupport -> FreeTransferWorkspace,23,7,True,6.784662099962588,0.92,1.0166666666666666,-0.05,0.9,0.1,0.05000000000000002,0.7,1.0166666666666666,-0.05,0.9,0.1,0.05000000000000002,0.7,22,0.09238236441492931,SlideLeft,0.1,0.05000000000000002,0.7,7.37375329999486
ok,18,16,largest-feasible,3,1.0166666666666666,0.0,0.7,0.17996236388930476,0.08777668459853102,0.7267103672170623,0.0,PlaceOnRightSupport,1.0166666666666666,0.0,0.7,16,0.8421052631578947,0.3917956000077538,19,0.014004479113869803,0.0030604505669696727,SlideLeft -> LiftFromLeftSupport -> FreeTransferWorkspace -> PlaceOnRightSupport,36,7,True,6.794868000026327,0.92,1.0166666666666666,0.0,0.7,0.1,0.05000000000000002,0.7,1.0166666666666666,0.0,0.7,0.1,0.05000000000000002,0.7,35,0.09238236441492931,SlideLeft,0.1,0.05000000000000002,0.7,7.483999699994456
ok,11,9,largest-feasible,3,1.0166666666666666,0.0,0.9,0.17996236388930476,0.08777668459853102,0.7267103672170623,0.0,FreeTransferWorkspace,1.0166666666666666,0.0,0.9,9,0.75,0.29415250004967675,12,0.014008165453326393,0.006492562527468496,SlideLeft -> LiftFromLeftSupport -> FreeTransferWorkspace,23,7,True,6.865713400009554,0.92,1.0166666666666666,0.0,0.9,0.1,0.05000000000000002,0.7,1.0166666666666666,0.0,0.9,0.1,0.05000000000000002,0.7,22,0.09238236441492931,SlideLeft,0.1,0.05000000000000002,0.7,7.456809800001793
ok,13,11,largest-feasible,3,1.0166666666666666,0.05000000000000002,0.7,0.17996236388930476,0.08777668459853102,0.7267103672170623,0.0,PlaceOnRightSupport,1.0166666666666666,0.05000000000000002,0.7,11,0.7857142857142857,0.3318010999937542,14,0.014004479113869803,0.00432819213973471,SlideLeft -> LiftFromLeftSupport -> FreeTransferWorkspace -> PlaceOnRightSupport,26,7,True,7.172701600007713,0.92,1.0166666666666666,0.05000000000000002,0.7,0.1,0.05000000000000002,0.7,1.0166666666666666,0.05000000000000002,0.7,0.1,0.05000000000000002,0.7,25,0.09238236441492931,SlideLeft,0.1,0.05000000000000002,0.7,7.802177999983542
ok,11,9,largest-feasible,3,1.0166666666666666,0.05000000000000002,0.9,0.17996236388930476,0.08777668459853102,0.7267103672170623,0.0,FreeTransferWorkspace,1.0166666666666666,0.05000000000000002,0.9,9,0.75,0.31186879996676,12,0.014178966165182444,0.006711119068655948,SlideLeft -> LiftFromLeftSupport -> FreeTransferWorkspace,23,7,True,6.734435399994254,0.92,1.0166666666666666,0.05000000000000002,0.9,0.1,0.05000000000000002,0.7,1.0166666666666666,0.05000000000000002,0.9,0.1,0.05000000000000002,0.7,22,0.09238236441492931,SlideLeft,0.1,0.05000000000000002,0.7,7.349717199977022
ok,12,10,largest-feasible,3,1.0166666666666666,0.1,0.7,0.17996236388930476,0.08777668459853102,0.7267103672170623,0.0,PlaceOnRightSupport,1.0166666666666666,0.1,0.7,10,0.7692307692307693,0.3090403000242077,13,0.014004479113869803,0.00487142199025349,SlideLeft -> LiftFromLeftSupport -> FreeTransferWorkspace -> PlaceOnRightSupport,25,7,True,6.919549000042025,0.92,1.0166666666666666,0.1,0.7,0.1,0.05000000000000002,0.7,1.0166666666666666,0.1,0.7,0.1,0.05000000000000002,0.7,24,0.09238236441492931,SlideLeft,0.1,0.05000000000000002,0.7,7.52968720003264
ok,10,8,largest-feasible,3,0.9559068523851422,0.10341710994024456,0.8897367007311491,0.17996236388930476,0.08777668459853102,0.7267103672170623,0.06171520869081668,FreeTransferWorkspace,1.0166666666666666,0.1,0.9,8,0.6666666666666666,0.3017806999851018,12,0.017152377672410592,0.007198521168299704,SlideLeft -> LiftFromLeftSupport -> FreeTransferWorkspace,23,7,True,6.957339099957608,0.92,1.0166666666666666,0.1,0.9,0.1,0.05000000000000002,0.7,1.0166666666666666,0.1,0.9,0.1,0.05000000000000002,0.7,22,0.09238236441492931,SlideLeft,0.1,0.05000000000000002,0.7,7.554358699999284
ok,18,16,largest-feasible,3,1.1,-0.1,0.7,0.17996236388930476,0.08777668459853102,0.7267103672170623,0.0,PlaceOnRightSupport,1.1,-0.1,0.7,16,0.8421052631578947,0.4126939999987371,19,0.014004479113869803,0.0033250171678878334,SlideLeft -> LiftFromLeftSupport -> FreeTransferWorkspace -> PlaceOnRightSupport,37,7,True,6.896950700029265,0.92,1.1,-0.1,0.7,0.1,0.05000000000000002,0.7,1.1,-0.1,0.7,0.1,0.05000000000000002,0.7,36,0.09238236441492931,SlideLeft,0.1,0.05000000000000002,0.7,7.608543899958022
ok,11,9,largest-feasible,3,1.0462980699118842,-0.08468280559748848,0.891815141464492,0.17996236388930476,0.08777668459853102,0.7267103672170623,0.05644028391848761,FreeTransferWorkspace,1.1,-0.1,0.9,9,0.6923076923076923,0.3185978999827057,13,0.01816400918774377,0.007451254537004932,SlideLeft -> LiftFromLeftSupport -> FreeTransferWorkspace,24,7,True,6.8776112999767065,0.92,1.1,-0.1,0.9,0.1,0.05000000000000002,0.7,1.1,-0.1,0.9,0.1,0.05000000000000002,0.7,23,0.09238236441492931,SlideLeft,0.1,0.05000000000000002,0.7,7.48890759999631
ok,18,16,largest-feasible,3,1.1,-0.05,0.7,0.17996236388930476,0.08777668459853102,0.7267103672170623,0.0,PlaceOnRightSupport,1.1,-0.05,0.7,16,0.8421052631578947,0.421704700042028,19,0.014004479113869803,0.003415024777866273,SlideLeft -> LiftFromLeftSupport -> FreeTransferWorkspace -> PlaceOnRightSupport,37,7,True,6.836744699976407,0.92,1.1,-0.05,0.7,0.1,0.05000000000000002,0.7,1.1,-0.05,0.7,0.1,0.05000000000000002,0.7,36,0.09238236441492931,SlideLeft,0.1,0.05000000000000002,0.7,7.557123999984469
ok,11,9,largest-feasible,3,1.057379259953702,-0.04034189067687961,0.8935040560481678,0.17996236388930476,0.08777668459853102,0.7267103672170623,0.04418148758945098,FreeTransferWorkspace,1.1,-0.05,0.9,9,0.6923076923076923,0.29839529999298975,13,0.019590681283011863,0.007559165873328331,SlideLeft -> LiftFromLeftSupport -> FreeTransferWorkspace,24,7,True,6.871877100027632,0.92,1.1,-0.05,0.9,0.1,0.05000000000000002,0.7,1.1,-0.05,0.9,0.1,0.05000000000000002,0.7,23,0.09238236441492931,SlideLeft,0.1,0.05000000000000002,0.7,7.472503900004085
ok,17,15,largest-feasible,3,1.0206743884080653,-0.02232006816956215,0.7,0.17996236388930476,0.08777668459853102,0.7267103672170623,0.08240593484408992,PlaceOnRightSupport,1.1,0.0,0.7,15,0.7894736842105263,0.42220149998320267,19,0.014004479113869803,0.0035408982696519937,SlideLeft -> LiftFromLeftSupport -> FreeTransferWorkspace -> PlaceOnRightSupport,37,7,True,6.9545882000238635,0.92,1.1,0.0,0.7,0.1,0.05000000000000002,0.7,1.1,0.0,0.7,0.1,0.05000000000000002,0.7,36,0.09238236441492931,SlideLeft,0.1,0.05000000000000002,0.7,7.672869300004095
ok,10,8,largest-feasible,3,0.9492167483056861,0.025329410592515353,0.8770187108244186,0.17996236388930476,0.08777668459853102,0.7267103672170623,0.15461341366339065,FreeTransferWorkspace,1.1,0.0,0.9,8,0.6153846153846154,0.2930737999849953,13,0.0222191127616775,0.007934164034010177,SlideLeft -> LiftFromLeftSupport -> FreeTransferWorkspace,24,7,True,6.898251999984495,0.92,1.1,0.0,0.9,0.1,0.05000000000000002,0.7,1.1,0.0,0.9,0.1,0.05000000000000002,0.7,23,0.09238236441492931,SlideLeft,0.1,0.05000000000000002,0.7,7.490471400029492
ok,17,15,largest-feasible,3,1.0133130549546323,-0.0060098042365801865,0.7,0.17996236388930476,0.08777668459853102,0.7267103672170623,0.10320719263655344,PlaceOnRightSupport,1.1,0.05000000000000002,0.7,15,0.7894736842105263,0.4241486999671906,19,0.014004479113869803,0.003709627699316159,SlideLeft -> LiftFromLeftSupport -> FreeTransferWorkspace -> PlaceOnRightSupport,37,7,True,6.867916100018192,0.92,1.1,0.05000000000000002,0.7,0.1,0.05000000000000002,0.7,1.1,0.05000000000000002,0.7,0.1,0.05000000000000002,0.7,36,0.09238236441492931,SlideLeft,0.1,0.05000000000000002,0.7,7.590849599975627
ok,10,8,largest-feasible,3,0.9547092521907627,0.06588976396735918,0.877855838414271,0.17996236388930476,0.08777668459853102,0.7267103672170623,0.14782506516230823,FreeTransferWorkspace,1.1,0.05000000000000002,0.9,8,0.6153846153846154,0.3064301999984309,13,0.02666649183837831,0.008742352405628233,SlideLeft -> LiftFromLeftSupport -> FreeTransferWorkspace,24,7,True,6.87545739999041,0.92,1.1,0.05000000000000002,0.9,0.1,0.05000000000000002,0.7,1.1,0.05000000000000002,0.9,0.1,0.05000000000000002,0.7,23,0.09238236441492931,SlideLeft,0.1,0.05000000000000002,0.7,7.471269099973142
ok,17,15,largest-feasible,3,1.0051138662582284,0.004083516520626322,0.7,0.17996236388930476,0.08777668459853102,0.7267103672170623,0.1349197916523382,PlaceOnRightSupport,1.1,0.1,0.7,15,0.75,0.44953979999991134,20,0.015589913962698458,0.0038698977506419923,SlideLeft -> LiftFromLeftSupport -> FreeTransferWorkspace -> PlaceOnRightSupport,38,7,True,6.924157199973706,0.92,1.1,0.1,0.7,0.1,0.05000000000000002,0.7,1.1,0.1,0.7,0.1,0.05000000000000002,0.7,37,0.09238236441492931,SlideLeft,0.1,0.05000000000000002,0.7,7.685347900027409
ok,10,8,largest-feasible,3,0.9579392694341486,0.10720887152274325,0.8783481342062656,0.17996236388930476,0.08777668459853102,0.7267103672170623,0.1438819734709138,FreeTransferWorkspace,1.1,0.1,0.9,8,0.6153846153846154,0.3477810000185855,13,0.03388041236643763,0.010251743361994158,SlideLeft -> LiftFromLeftSupport -> FreeTransferWorkspace,24,7,True,7.088820300006773,0.92,1.1,0.1,0.9,0.1,0.05000000000000002,0.7,1.1,0.1,0.9,0.1,0.05000000000000002,0.7,23,0.09238236441492931,SlideLeft,0.1,0.05000000000000002,0.7,7.742971500032581
ok,12,10,largest-feasible,3,0.85,-0.1,0.7,0.22135828660862628,0.12202480666888177,0.7534207344341245,0.0,PlaceOnRightSupport,0.85,-0.1,0.7,10,0.7692307692307693,0.28329449996817857,13,0.016974993026787247,0.0039379694180547075,SlideLeft -> LiftFromLeftSupport -> FreeTransferWorkspace -> PlaceOnRightSupport,25,7,True,6.912080299982335,0.92,0.85,-0.1,0.7,0.1,0.1,0.7,0.85,-0.1,0.7,0.1,0.1,0.7,24,0.13441242764292427,SlideLeft,0.1,0.1,0.7,7.4826375000411645
ok,10,8,largest-feasible,3,0.85,-0.1,0.9,0.22135828660862628,0.12202480666888177,0.7534207344341245,0.0,FreeTransferWorkspace,0.85,-0.1,0.9,8,0.7272727272727273,0.26117379998322576,11,0.016968270402392467,0.004702372416356507,SlideLeft -> LiftFromLeftSupport -> FreeTransferWorkspace,20,7,True,6.9306426999974065,0.92,0.85,-0.1,0.9,0.1,0.1,0.7,0.85,-0.1,0.9,0.1,0.1,0.7,19,0.13441242764292427,SlideLeft,0.1,0.1,0.7,7.486280900018755
ok,11,9,largest-feasible,3,0.8665362484677875,-0.03324303549665785,0.7,0.22135828660862628,0.12202480666888177,0.7534207344341245,0.0,PlaceOnRightSupport,0.85,-0.05,0.7,9,0.75,0.2884551000315696,12,0.01696335728204634,0.003939394259108859,SlideLeft -> LiftFromLeftSupport -> FreeTransferWorkspace -> PlaceOnRightSupport,22,7,True,6.802842299977783,0.92,0.85,-0.05,0.7,0.1,0.1,0.7,0.8665362484677875,-0.03324303549665785,0.7,0.1,0.1,0.7,21,0.13441242764292427,SlideLeft,0.1,0.1,0.7,7.3902439000085
ok,9,7,largest-feasible,3,0.85,-0.05,0.9,0.22135828660862628,0.12202480666888177,0.7534207344341245,0.0,FreeTransferWorkspace,0.85,-0.05,0.9,7,0.7,0.24287239997647703,10,0.016968270402392467,0.0049403291146347065,SlideLeft -> LiftFromLeftSupport -> FreeTransferWorkspace,19,7,True,6.758275599975605,0.92,0.85,-0.05,0.9,0.1,0.1,0.7,0.85,-0.05,0.9,0.1,0.1,0.7,18,0.13441242764292427,SlideLeft,0.1,0.1,0.7,7.296017500048038
ok,10,8,largest-feasible,3,0.85,0.0,0.7,0.22135828660862628,0.12202480666888177,0.7534207344341245,0.0,PlaceOnRightSupport,0.85,0.0,0.7,8,0.7272727272727273,0.2541289000073448,11,0.01696335728204634,0.004060074370032675,SlideLeft -> LiftFromLeftSupport -> FreeTransferWorkspace -> PlaceOnRightSupport,21,7,True,6.8538297999766655,0.92,0.85,0.0,0.7,0.1,0.1,0.7,0.85,0.0,0.7,0.1,0.1,0.7,20,0.13441242764292427,SlideLeft,0.1,0.1,0.7,7.420610300032422
ok,9,7,largest-feasible,3,0.85,0.0,0.9,0.22135828660862628,0.12202480666888177,0.7534207344341245,0.0,FreeTransferWorkspace,0.85,0.0,0.9,7,0.7,0.24159919994417578,10,0.016968270402392467,0.00486855386319081,SlideLeft -> LiftFromLeftSupport -> FreeTransferWorkspace,19,7,True,6.798078100022394,0.92,0.85,0.0,0.9,0.1,0.1,0.7,0.85,0.0,0.9,0.1,0.1,0.7,18,0.13441242764292427,SlideLeft,0.1,0.1,0.7,7.333281800034456
ok,10,8,largest-feasible,3,0.85,0.05000000000000002,0.7,0.22135828660862628,0.12202480666888177,0.7534207344341245,0.0,PlaceOnRightSupport,0.85,0.05000000000000002,0.7,8,0.7272727272727273,0.23434359999373555,11,0.01696335728204634,0.0038333401655629706,SlideLeft -> LiftFromLeftSupport -> FreeTransferWorkspace -> PlaceOnRightSupport,21,7,True,6.845650399976876,0.92,0.85,0.05000000000000002,0.7,0.1,0.1,0.7,0.85,0.05000000000000002,0.7,0.1,0.1,0.7,20,0.13441242764292427,SlideLeft,0.1,0.1,0.7,7.377947400033008
ok,9,7,largest-feasible,3,0.85,0.05000000000000002,0.9,0.22135828660862628,0.12202480666888177,0.7534207344341245,0.0,FreeTransferWorkspace,0.85,0.05000000000000002,0.9,7,0.7,0.22605090000433847,10,0.016968270402392467,0.0048737656432785706,SlideLeft -> LiftFromLeftSupport -> FreeTransferWorkspace,19,7,True,6.881972000002861,0.92,0.85,0.05000000000000002,0.9,0.1,0.1,0.7,0.85,0.05000000000000002,0.9,0.1,0.1,0.7,18,0.13441242764292427,SlideLeft,0.1,0.1,0.7,7.41846070002066
ok,10,8,largest-feasible,3,0.85,0.1,0.7,0.22135828660862628,0.12202480666888177,0.7534207344341245,0.0,PlaceOnRightSupport,0.85,0.1,0.7,8,0.7272727272727273,0.25340559997130185,11,0.01696335728204634,0.003933854359781467,SlideLeft -> LiftFromLeftSupport -> FreeTransferWorkspace -> PlaceOnRightSupport,20,7,True,6.9386930000036955,0.92,0.85,0.1,0.7,0.1,0.1,0.7,0.85,0.1,0.7,0.1,0.1,0.7,19,0.13441242764292427,SlideLeft,0.1,0.1,0.7,7.4800950000062585
ok,9,7,largest-feasible,3,0.85,0.1,0.9,0.22135828660862628,0.12202480666888177,0.7534207344341245,0.0,FreeTransferWorkspace,0.85,0.1,0.9,7,0.7,0.23930509999627247,10,0.016968270402392467,0.004987336844213863,SlideLeft -> LiftFromLeftSupport -> FreeTransferWorkspace,19,7,True,6.893444999994244,0.92,0.85,0.1,0.9,0.1,0.1,0.7,0.85,0.1,0.9,0.1,0.1,0.7,18,0.13441242764292427,SlideLeft,0.1,0.1,0.7,7.428704300022218
ok,17,15,largest-feasible,3,0.9333333333333333,-0.1,0.7,0.22135828660862628,0.12202480666888177,0.7534207344341245,0.0,PlaceOnRightSupport,0.9333333333333333,-0.1,0.7,15,0.8333333333333334,0.40277240000432357,18,0.016974993026787247,0.0027632234625437,SlideLeft -> LiftFromLeftSupport -> FreeTransferWorkspace -> PlaceOnRightSupport,35,7,True,7.129759799980093,0.92,0.9333333333333333,-0.1,0.7,0.1,0.1,0.7,0.9333333333333333,-0.1,0.7,0.1,0.1,0.7,34,0.13441242764292427,SlideLeft,0.1,0.1,0.7,7.834320699970704
ok,10,8,largest-feasible,3,0.9333333333333333,-0.1,0.9,0.22135828660862628,0.12202480666888177,0.7534207344341245,0.0,FreeTransferWorkspace,0.9333333333333333,-0.1,0.9,8,0.7272727272727273,0.2931674999999814,11,0.016968270402392467,0.0054354917391175464,SlideLeft -> LiftFromLeftSupport -> FreeTransferWorkspace,21,7,True,6.814415699976962,0.92,0.9333333333333333,-0.1,0.9,0.1,0.1,0.7,0.9333333333333333,-0.1,0.9,0.1,0.1,0.7,20,0.13441242764292427,SlideLeft,0.1,0.1,0.7,7.56057700002566
ok,12,10,largest-feasible,3,0.9333333333333333,-0.05,0.7,0.22135828660862628,0.12202480666888177,0.7534207344341245,0.0,PlaceOnRightSupport,0.9333333333333333,-0.05,0.7,10,0.7692307692307693,0.30248389998450875,13,0.016974993026787247,0.0036210661434195874,SlideLeft -> LiftFromLeftSupport -> FreeTransferWorkspace -> PlaceOnRightSupport,24,7,True,6.860930799972266,0.92,0.9333333333333333,-0.05,0.7,0.1,0.1,0.7,0.9333333333333333,-0.05,0.7,0.1,0.1,0.7,23,0.13441242764292427,SlideLeft,0.1,0.1,0.7,7.458035100018606
ok,10,8,largest-feasible,3,0.9333333333333333,-0.05,0.9,0.22135828660862628,0.12202480666888177,0.7534207344341245,0.0,FreeTransferWorkspace,0.9333333333333333,-0.05,0.9,8,0.7272727272727273,0.2771428999840282,11,0.016968270402392467,0.005321090230070904,SlideLeft -> LiftFromLeftSupport -> FreeTransferWorkspace,21,7,True,6.919859100016765,0.92,0.9333333333333333,-0.05,0.9,0.1,0.1,0.7,0.9333333333333333,-0.05,0.9,0.1,0.1,0.7,20,0.13441242764292427,SlideLeft,0.1,0.1,0.7,7.511995900014881
ok,11,9,largest-feasible,3,0.9333333333333333,0.0,0.7,0.22135828660862628,0.12202480666888177,0.7534207344341245,0.0,PlaceOnRightSupport,0.9333333333333333,0.0,0.7,9,0.75,0.27252419997239485,12,0.016974993026787247,0.003687325144604635,SlideLeft -> LiftFromLeftSupport -> FreeTransferWorkspace -> PlaceOnRightSupport,23,7,True,6.988887499959674,0.92,0.9333333333333333,0.0,0.7,0.1,0.1,0.7,0.9333333333333333,0.0,0.7,0.1,0.1,0.7,22,0.13441242764292427,SlideLeft,0.1,0.1,0.7,7.573512200033292
ok,10,8,largest-feasible,3,0.9333333333333333,0.0,0.9,0.22135828660862628,0.12202480666888177,0.7534207344341245,0.0,FreeTransferWorkspace,0.9333333333333333,0.0,0.9,8,0.7272727272727273,0.2637731999857351,11,0.016968270402392467,0.005294632234571397,SlideLeft -> LiftFromLeftSupport -> FreeTransferWorkspace,20,7,True,6.902150299982168,0.92,0.9333333333333333,0.0,0.9,0.1,0.1,0.7,0.9333333333333333,0.0,0.9,0.1,0.1,0.7,19,0.13441242764292427,SlideLeft,0.1,0.1,0.7,7.458435199980158
ok,11,9,largest-feasible,3,0.9333333333333333,0.05000000000000002,0.7,0.22135828660862628,0.12202480666888177,0.7534207344341245,0.0,PlaceOnRightSupport,0.9333333333333333,0.05000000000000002,0.7,9,0.75,0.26737350004259497,12,0.016974993026787247,0.0038960299841462823,SlideLeft -> LiftFromLeftSupport -> FreeTransferWorkspace -> PlaceOnRightSupport,22,7,True,6.962586799985729,0.92,0.9333333333333333,0.05000000000000002,0.7,0.1,0.1,0.7,0.9333333333333333,0.05000000000000002,0.7,0.1,0.1,0.7,21,0.13441242764292427,SlideLeft,0.1,0.1,0.7,7.526579700002912
ok,10,8,largest-feasible,3,0.9333333333333333,0.05000000000000002,0.9,0.22135828660862628,0.12202480666888177,0.7534207344341245,0.0,FreeTransferWorkspace,0.9333333333333333,0.05000000000000002,0.9,8,0.7272727272727273,0.256320999993477,11,0.016968270402392467,0.005383058702958152,SlideLeft -> LiftFromLeftSupport -> FreeTransferWorkspace,20,7,True,6.847630399977788,0.92,0.9333333333333333,0.05000000000000002,0.9,0.1,0.1,0.7,0.9333333333333333,0.05000000000000002,0.9,0.1,0.1,0.7,19,0.13441242764292427,SlideLeft,0.1,0.1,0.7,7.3981340999598615
ok,11,9,largest-feasible,3,0.9333333333333333,0.1,0.7,0.22135828660862628,0.12202480666888177,0.7534207344341245,0.0,PlaceOnRightSupport,0.9333333333333333,0.1,0.7,9,0.75,0.270351400016807,12,0.016974993026787247,0.004109552859772798,SlideLeft -> LiftFromLeftSupport -> FreeTransferWorkspace -> PlaceOnRightSupport,22,7,True,7.045197199971881,0.92,0.9333333333333333,0.1,0.7,0.1,0.1,0.7,0.9333333333333333,0.1,0.7,0.1,0.1,0.7,21,0.13441242764292427,SlideLeft,0.1,0.1,0.7,7.616868200013414
ok,10,8,largest-feasible,3,0.9333333333333333,0.1,0.9,0.22135828660862628,0.12202480666888177,0.7534207344341245,0.0,FreeTransferWorkspace,0.9333333333333333,0.1,0.9,8,0.7272727272727273,0.24562809994677082,11,0.016968270402392467,0.005634155575758587,SlideLeft -> LiftFromLeftSupport -> FreeTransferWorkspace,20,7,True,6.815265899989754,0.92,0.9333333333333333,0.1,0.9,0.1,0.1,0.7,0.9333333333333333,0.1,0.9,0.1,0.1,0.7,19,0.13441242764292427,SlideLeft,0.1,0.1,0.7,7.363410799996927
ok,17,15,largest-feasible,3,1.0166666666666666,-0.1,0.7,0.22135828660862628,0.12202480666888177,0.7534207344341245,0.0,PlaceOnRightSupport,1.0166666666666666,-0.1,0.7,15,0.8333333333333334,0.374357599997893,18,0.016974993026787247,0.0026785143321841143,SlideLeft -> LiftFromLeftSupport -> FreeTransferWorkspace -> PlaceOnRightSupport,35,7,True,6.841335800010711,0.92,1.0166666666666666,-0.1,0.7,0.1,0.1,0.7,1.0166666666666666,-0.1,0.7,0.1,0.1,0.7,34,0.13441242764292427,SlideLeft,0.1,0.1,0.7,7.5091843999689445
ok,11,9,largest-feasible,3,1.0166666666666666,-0.1,0.9,0.22135828660862628,0.12202480666888177,0.7534207344341245,0.0,FreeTransferWorkspace,1.0166666666666666,-0.1,0.9,9,0.75,0.2935241999803111,12,0.016968270402392467,0.006101607004330791,SlideLeft -> LiftFromLeftSupport -> FreeTransferWorkspace,22,7,True,6.80819990002783,0.92,1.0166666666666666,-0.1,0.9,0.1,0.1,0.7,1.0166666666666666,-0.1,0.9,0.1,0.1,0.7,21,0.13441242764292427,SlideLeft,0.1,0.1,0.7,7.394626599969342
ok,17,15,largest-feasible,3,1.0166666666666666,-0.05,0.7,0.22135828660862628,0.12202480666888177,0.7534207344341245,0.0,PlaceOnRightSupport,1.0166666666666666,-0.05,0.7,15,0.8333333333333334,0.39670860004844144,18,0.016974993026787247,0.0027570434338545784,SlideLeft -> LiftFromLeftSupport -> FreeTransferWorkspace -> PlaceOnRightSupport,34,7,True,7.027447499975096,0.92,1.0166666666666666,-0.05,0.7,0.1,0.1,0.7,1.0166666666666666,-0.05,0.7,0.1,0.1,0.7,33,0.13441242764292427,SlideLeft,0.1,0.1,0.7,7.724212099972647
ok,11,9,largest-feasible,3,1.0166666666666666,-0.05,0.9,0.22135828660862628,0.12202480666888177,0.7534207344341245,0.0,FreeTransferWorkspace,1.0166666666666666,-0.05,0.9,9,0.75,0.3003160000080243,12,0.016968270402392467,0.006035713367205723,SlideLeft -> LiftFromLeftSupport -> FreeTransferWorkspace,22,7,True,6.95652250002604,0.92,1.0166666666666666,-0.05,0.9,0.1,0.1,0.7,1.0166666666666666,-0.05,0.9,0.1,0.1,0.7,21,0.13441242764292427,SlideLeft,0.1,0.1,0.7,7.5523944000015035
ok,17,15,largest-feasible,3,1.0166666666666666,0.0,0.7,0.22135828660862628,0.12202480666888177,0.7534207344341245,0.0,PlaceOnRightSupport,1.0166666666666666,0.0,0.7,15,0.8333333333333334,0.4030814999714494,18,0.016974993026787247,0.0028726674952948175,SlideLeft -> LiftFromLeftSupport -> FreeTransferWorkspace -> PlaceOnRightSupport,35,7,True,6.758464000013191,0.92,1.0166666666666666,0.0,0.7,0.1,0.1,0.7,1.0166666666666666,0.0,0.7,0.1,0.1,0.7,34,0.13441242764292427,SlideLeft,0.1,0.1,0.7,7.453410600021016
ok,11,9,largest-feasible,3,1.0166666666666666,0.0,0.9,0.22135828660862628,0.12202480666888177,0.7534207344341245,0.0,FreeTransferWorkspace,1.0166666666666666,0.0,0.9,9,0.75,0.28857849998166785,12,0.016968270402392467,0.006128627234630111,SlideLeft -> LiftFromLeftSupport -> FreeTransferWorkspace,22,7,True,6.909099699987564,0.92,1.0166666666666666,0.0,0.9,0.1,0.1,0.7,1.0166666666666666,0.0,0.9,0.1,0.1,0.7,21,0.13441242764292427,SlideLeft,0.1,0.1,0.7,7.487239899986889
ok,12,10,largest-feasible,3,1.0166666666666666,0.05000000000000002,0.7,0.22135828660862628,0.12202480666888177,0.7534207344341245,0.0,PlaceOnRightSupport,1.0166666666666666,0.05000000000000002,0.7,10,0.7692307692307693,0.3008417000528425,13,0.016974993026787247,0.004183593828476839,SlideLeft -> LiftFromLeftSupport -> FreeTransferWorkspace -> PlaceOnRightSupport,25,7,True,6.913713599962648,0.92,1.0166666666666666,0.05000000000000002,0.7,0.1,0.1,0.7,1.0166666666666666,0.05000000000000002,0.7,0.1,0.1,0.7,24,0.13441242764292427,SlideLeft,0.1,0.1,0.7,7.531838599999901
ok,11,9,largest-feasible,3,1.0166666666666666,0.05000000000000002,0.9,0.22135828660862628,0.12202480666888177,0.7534207344341245,0.0,FreeTransferWorkspace,1.0166666666666666,0.05000000000000002,0.9,9,0.75,0.30486309999832883,12,0.019288228993300124,0.006443141213021542,SlideLeft -> LiftFromLeftSupport -> FreeTransferWorkspace,22,7,True,7.047329899971373,0.92,1.0166666666666666,0.05000000000000002,0.9,0.1,0.1,0.7,1.0166666666666666,0.05000000000000002,0.9,0.1,0.1,0.7,21,0.13441242764292427,SlideLeft,0.1,0.1,0.7,7.647617299982812
ok,12,10,largest-feasible,3,1.0166666666666666,0.1,0.7,0.22135828660862628,0.12202480666888177,0.7534207344341245,0.0,PlaceOnRightSupport,1.0166666666666666,0.1,0.7,10,0.7692307692307693,0.31933059997390956,13,0.016974993026787247,0.0045275603278943834,SlideLeft -> LiftFromLeftSupport -> FreeTransferWorkspace -> PlaceOnRightSupport,24,7,True,6.901388900005259,0.92,1.0166666666666666,0.1,0.7,0.1,0.1,0.7,1.0166666666666666,0.1,0.7,0.1,0.1,0.7,23,0.13441242764292427,SlideLeft,0.1,0.1,0.7,7.5240657000103965
ok,10,8,largest-feasible,3,1.014978010600863,0.10009496940529436,0.8997147591254114,0.22135828660862628,0.12202480666888177,0.7534207344341245,0.001715208690816748,FreeTransferWorkspace,1.0166666666666666,0.1,0.9,8,0.6666666666666666,0.3276183999842033,12,0.023440146348323147,0.0071197910341723744,SlideLeft -> LiftFromLeftSupport -> FreeTransferWorkspace,22,7,True,7.152159099990968,0.92,1.0166666666666666,0.1,0.9,0.1,0.1,0.7,1.0166666666666666,0.1,0.9,0.1,0.1,0.7,21,0.13441242764292427,SlideLeft,0.1,0.1,0.7,7.7915752999833785
ok,18,16,largest-feasible,3,1.1,-0.1,0.7,0.22135828660862628,0.12202480666888177,0.7534207344341245,0.0,PlaceOnRightSupport,1.1,-0.1,0.7,16,0.8421052631578947,0.4258366000140086,19,0.016974993026787247,0.003062979259691474,SlideLeft -> LiftFromLeftSupport -> FreeTransferWorkspace -> PlaceOnRightSupport,36,7,True,6.837378100026399,0.92,1.1,-0.1,0.7,0.1,0.1,0.7,1.1,-0.1,0.7,0.1,0.1,0.7,35,0.13441242764292427,SlideLeft,0.1,0.1,0.7,7.556224600004498
ok,11,9,largest-feasible,3,1.1,-0.1,0.9,0.22135828660862628,0.12202480666888177,0.7534207344341245,0.0,FreeTransferWorkspace,1.1,-0.1,0.9,9,0.75,0.31045849999645725,12,0.023574790349204407,0.007292200064568141,SlideLeft -> LiftFromLeftSupport -> FreeTransferWorkspace,23,7,True,6.7933188999886625,0.92,1.1,-0.1,0.9,0.1,0.1,0.7,1.1,-0.1,0.9,0.1,0.1,0.7,22,0.13441242764292427,SlideLeft,0.1,0.1,0.7,7.406468399974983
ok,18,16,largest-feasible,3,1.1,-0.05,0.7,0.22135828660862628,0.12202480666888177,0.7534207344341245,0.0,PlaceOnRightSupport,1.1,-0.05,0.7,16,0.8421052631578947,0.4099230999709107,19,0.016974993026787247,0.003167309146116634,SlideLeft -> LiftFromLeftSupport -> FreeTransferWorkspace -> PlaceOnRightSupport,36,7,True,6.969974700012244,0.92,1.1,-0.05,0.7,0.1,0.1,0.7,1.1,-0.05,0.7,0.1,0.1,0.7,35,0.13441242764292427,SlideLeft,0.1,0.1,0.7,7.672596100019291
ok,10,8,largest-feasible,3,0.9994988095139012,-0.027225841602841992,0.8846823377590131,0.22135828660862628,0.12202480666888177,0.7534207344341245,0.10418148758945096,FreeTransferWorkspace,1.1,-0.05,0.9,8,0.6666666666666666,0.29338310001185164,12,0.023314333762490314,0.007340154099793225,SlideLeft -> LiftFromLeftSupport -> FreeTransferWorkspace,23,7,True,6.8116237000213005,0.92,1.1,-0.05,0.9,0.1,0.1,0.7,1.1,-0.05,0.9,0.1,0.1,0.7,22,0.13441242764292427,SlideLeft,0.1,0.1,0.7,7.395829699991737
ok,17,15,largest-feasible,3,1.0784315961203619,-0.00606876184426566,0.7,0.22135828660862628,0.12202480666888177,0.7534207344341245,0.02240593484409002,PlaceOnRightSupport,1.1,0.0,0.7,15,0.7894736842105263,0.3938841000199318,19,0.016974993026787247,0.0033015499704318703,SlideLeft -> LiftFromLeftSupport -> FreeTransferWorkspace -> PlaceOnRightSupport,36,7,True,6.658472999988589,0.92,1.1,0.0,0.7,0.1,0.1,0.7,1.1,0.0,0.7,0.1,0.1,0.7,35,0.13441242764292427,SlideLeft,0.1,0.1,0.7,7.338771799986716
ok,10,8,largest-feasible,3,1.007730397848119,0.015499961778587697,0.8859369367264535,0.22135828660862628,0.12202480666888177,0.7534207344341245,0.09461341366339072,FreeTransferWorkspace,1.1,0.0,0.9,8,0.6666666666666666,0.2968964999890886,12,0.024937606351659754,0.0076148423572962995,SlideLeft -> LiftFromLeftSupport -> FreeTransferWorkspace,23,7,True,6.930061499995645,0.92,1.1,0.0,0.9,0.1,0.1,0.7,1.1,0.0,0.9,0.1,0.1,0.7,22,0.13441242764292427,SlideLeft,0.1,0.1,0.7,7.52148880000459
ok,17,15,largest-feasible,3,1.063708929213496,0.026551766021698252,0.7,0.22135828660862628,0.12202480666888177,0.7534207344341245,0.0432071926365534,PlaceOnRightSupport,1.1,0.05000000000000002,0.7,15,0.7894736842105263,0.4176306999870576,19,0.016974993026787247,0.0034662383359624436,SlideLeft -> LiftFromLeftSupport -> FreeTransferWorkspace -> PlaceOnRightSupport,36,7,True,6.842431500030216,0.92,1.1,0.05000000000000002,0.7,0.1,0.1,0.7,1.1,0.05000000000000002,0.7,0.1,0.1,0.7,35,0.13441242764292427,SlideLeft,0.1,0.1,0.7,7.556601800024509
ok,10,8,largest-feasible,3,1.0136806103902853,0.05944034460133519,0.8868438249487935,0.22135828660862628,0.12202480666888177,0.7534207344341245,0.08782506516230816,FreeTransferWorkspace,1.1,0.05000000000000002,0.9,8,0.6666666666666666,0.3015633000177331,12,0.02927996017165198,0.008219045436450877,SlideLeft -> LiftFromLeftSupport -> FreeTransferWorkspace,23,7,True,6.717494699987583,0.92,1.1,0.05000000000000002,0.9,0.1,0.1,0.7,1.1,0.05000000000000002,0.9,0.1,0.1,0.7,22,0.13441242764292427,SlideLeft,0.1,0.1,0.7,7.3165365000022575
ok,17,15,largest-feasible,3,1.0473105518206882,0.04673840753611126,0.7,0.22135828660862628,0.12202480666888177,0.7534207344341245,0.07491979165233818,PlaceOnRightSupport,1.1,0.1,0.7,15,0.7894736842105263,0.42733310000039637,19,0.016974993026787247,0.0036833611363922196,SlideLeft -> LiftFromLeftSupport -> FreeTransferWorkspace -> PlaceOnRightSupport,37,7,True,6.848630999971647,0.92,1.1,0.1,0.7,0.1,0.1,0.7,1.1,0.1,0.7,0.1,0.1,0.7,36,0.13441242764292427,SlideLeft,0.1,0.1,0.7,7.57392749999417
ok,10,8,largest-feasible,3,1.0171797957372868,0.10420271111966793,0.8873771453901209,0.22135828660862628,0.12202480666888177,0.7534207344341245,0.08388197347091376,FreeTransferWorkspace,1.1,0.1,0.9,8,0.6666666666666666,0.31398999999510124,12,0.037835105324585776,0.009326213340217068,SlideLeft -> LiftFromLeftSupport -> FreeTransferWorkspace,23,7,True,6.835476799984463,0.92,1.1,0.1,0.9,0.1,0.1,0.7,1.1,0.1,0.9,0.1,0.1,0.7,22,0.13441242764292427,SlideLeft,0.1,0.1,0.7,7.442754699965008
ok,39,40,start-anchored,0,0.11335274407593349,-0.0010442895567029722,0.69999994,0.18333333333333335,-0.1,0.7,0.7432640259623751,PlaceOnRightSupport,0.85,-0.1,0.7,51,0.9622641509433962,0.9987207999802195,53,0.009206535653301935,0.001235395794073893,SlideLeft -> LiftFromLeftSupport -> FreeTransferWorkspace -> PlaceOnRightSupport,104,7,True,6.801680899981875,0.92,0.85,-0.1,0.7,0.18333333333333335,-0.1,0.7,0.85,-0.1,0.7,0.18333333333333335,-0.1,0.7,103,0.0,SlideLeft,0.18333333333333335,-0.1,0.7,8.089888699993026
ok,39,40,start-anchored,0,0.11335274407593349,-0.0010442895567029722,0.69999994,0.18333333333333335,-0.1,0.7,0.7697021737593043,FreeTransferWorkspace,0.85,-0.1,0.9,48,0.96,0.9306584999430925,50,0.009206045856933211,0.0012980113322917433,SlideLeft -> LiftFromLeftSupport -> FreeTransferWorkspace,99,7,True,6.946154500008561,0.92,0.85,-0.1,0.9,0.18333333333333335,-0.1,0.7,0.85,-0.1,0.9,0.18333333333333335,-0.1,0.7,98,0.0,SlideLeft,0.18333333333333335,-0.1,0.7,8.177717100013979
ok,39,40,start-anchored,0,0.11335274407593349,-0.0010442895567029722,0.69999994,0.18333333333333335,-0.1,0.7,0.7538714416451278,PlaceOnRightSupport,0.85,-0.05,0.7,49,0.9607843137254902,0.9009933999623172,51,0.009198358580449699,0.001148121608014161,SlideLeft -> LiftFromLeftSupport -> FreeTransferWorkspace -> PlaceOnRightSupport,101,7,True,6.965908899961505,0.92,0.85,-0.05,0.7,0.18333333333333335,-0.1,0.7,0.8665362484677875,-0.03324303549665785,0.7,0.18333333333333335,-0.1,0.7,100,0.0,SlideLeft,0.18333333333333335,-0.1,0.7,8.15339460002724
ok,39,40,start-anchored,0,0.11335274407593349,-0.0010442895567029722,0.69999994,0.18333333333333335,-0.1,0.7,0.7648829095001852,FreeTransferWorkspace,0.85,-0.05,0.9,48,0.96,0.9518114000093192,50,0.009206045856933211,0.001271969594724424,SlideLeft -> LiftFromLeftSupport -> FreeTransferWorkspace,98,7,True,6.787720999971498,0.92,0.85,-0.05,0.9,0.18333333333333335,-0.1,0.7,0.85,-0.05,0.9,0.18333333333333335,-0.1,0.7,97,0.0,SlideLeft,0.18333333333333335,-0.1,0.7,8.031863700016402
ok,39,40,start-anchored,0,0.11335274407593349,-0.0010442895567029722,0.69999994,0.18333333333333335,-0.1,0.7,0.7366479961291816,PlaceOnRightSupport,0.85,0.0,0.7,49,0.9607843137254902,0.9257027999847196,51,0.009198358580449699,0.0011360651267692096,SlideLeft -> LiftFromLeftSupport -> FreeTransferWorkspace -> PlaceOnRightSupport,100,7,True,6.859421599947382,0.92,0.85,0.0,0.7,0.18333333333333335,-0.1,0.7,0.85,0.0,0.7,0.18333333333333335,-0.1,0.7,99,0.0,SlideLeft,0.18333333333333335,-0.1,0.7,8.069990699994378
ok,39,40,start-anchored,0,0.11335274407593349,-0.0010442895567029722,0.69999994,0.18333333333333335,-0.1,0.7,0.7633153307782694,FreeTransferWorkspace,0.85,0.0,0.9,48,0.96,0.9435353000299074,50,0.009206045856933211,0.0012563303394799755,SlideLeft -> LiftFromLeftSupport -> FreeTransferWorkspace,98,7,True,6.88804250000976,0.92,0.85,0.0,0.9,0.18333333333333335,-0.1,0.7,0.85,0.0,0.9,0.18333333333333335,-0.1,0.7,97,0.0,SlideLeft,0.18333333333333335,-0.1,0.7,8.136110100022051
ok,39,40,start-anchored,0,0.11335274407593349,-0.0010442895567029722,0.69999994,0.18333333333333335,-0.1,0.7,0.7384136368979172,PlaceOnRightSupport,0.85,0.05000000000000002,0.7,49,0.9607843137254902,0.9924253999488428,51,0.009198358580449699,0.0010890446818081123,SlideLeft -> LiftFromLeftSupport -> FreeTransferWorkspace -> PlaceOnRightSupport,100,7,True,6.663822199974675,0.92,0.85,0.05000000000000002,0.7,0.18333333333333335,-0.1,0.7,0.85,0.05000000000000002,0.7,0.18333333333333335,-0.1,0.7,99,0.0,SlideLeft,0.18333333333333335,-0.1,0.7,7.951906999980565
ok,39,40,start-anchored,0,0.11335274407593349,-0.0010442895567029722,0.69999994,0.18333333333333335,-0.1,0.7,0.765019426653212,FreeTransferWorkspace,0.85,0.05000000000000002,0.9,48,0.96,0.8993945000111125,50,0.009206045856933211,0.0012560960207104474,SlideLeft -> LiftFromLeftSupport -> FreeTransferWorkspace,98,7,True,6.743947000009939,0.92,0.85,0.05000000000000002,0.9,0.18333333333333335,-0.1,0.7,0.85,0.05000000000000002,0.9,0.18333333333333335,-0.1,0.7,97,0.0,SlideLeft,0.18333333333333335,-0.1,0.7,7.936735700001009
ok,39,40,start-anchored,0,0.11335274407593349,-0.0010442895567029722,0.69999994,0.18333333333333335,-0.1,0.7,0.7435449738331095,PlaceOnRightSupport,0.85,0.1,0.7,48,0.96,0.9254795000306331,50,0.009198358580449699,0.0010971588462582004,SlideLeft -> LiftFromLeftSupport -> FreeTransferWorkspace -> PlaceOnRightSupport,99,7,True,6.9427123999921605,0.92,0.85,0.1,0.7,0.18333333333333335,-0.1,0.7,0.85,0.1,0.7,0.18333333333333335,-0.1,0.7,98,0.0,SlideLeft,0.18333333333333335,-0.1,0.7,8.167247399978805
ok,39,40,start-anchored,0,0.11335274407593349,-0.0010442895567029722,0.69999994,0.18333333333333335,-0.1,0.7,0.7699734749408446,FreeTransferWorkspace,0.85,0.1,0.9,48,0.96,0.9275447999825701,50,0.009206045856933211,0.0012796048585622568,SlideLeft -> LiftFromLeftSupport -> FreeTransferWorkspace,98,7,True,6.825177900027484,0.92,0.85,0.1,0.9,0.18333333333333335,-0.1,0.7,0.85,0.1,0.9,0.18333333333333335,-0.1,0.7,97,0.0,SlideLeft,0.18333333333333335,-0.1,0.7,8.037545100029092
ok,39,40,start-anchored,0,0.11335274407593349,-0.0010442895567029722,0.69999994,0.18333333333333335,-0.1,0.7,0.8259300208784361,PlaceOnRightSupport,0.9333333333333333,-0.1,0.7,56,0.9655172413793104,1.1314543999615125,58,0.009206535653301935,0.0010753621696292972,SlideLeft -> LiftFromLeftSupport -> FreeTransferWorkspace -> PlaceOnRightSupport,114,7,True,6.97738890000619,0.92,0.9333333333333333,-0.1,0.7,0.18333333333333335,-0.1,0.7,0.9333333333333333,-0.1,0.7,0.18333333333333335,-0.1,0.7,113,0.0,SlideLeft,0.18333333333333335,-0.1,0.7,8.416483299981337
ok,39,40,start-anchored,0,0.11335274407593349,-0.0010442895567029722,0.69999994,0.18333333333333335,-0.1,0.7,0.849800225575549,FreeTransferWorkspace,0.9333333333333333,-0.1,0.9,49,0.9607843137254902,0.9624789000372402,51,0.01037620663960972,0.0014455692747231503,SlideLeft -> LiftFromLeftSupport -> FreeTransferWorkspace,100,7,True,6.86140609998256,0.92,0.9333333333333333,-0.1,0.9,0.18333333333333335,-0.1,0.7,0.9333333333333333,-0.1,0.9,0.18333333333333335,-0.1,0.7,99,0.0,SlideLeft,0.18333333333333335,-0.1,0.7,8.270548800006509
ok,39,40,start-anchored,0,0.11335274407593349,-0.0010442895567029722,0.69999994,0.18333333333333335,-0.1,0.7,0.8214407028775262,PlaceOnRightSupport,0.9333333333333333,-0.05,0.7,50,0.9615384615384616,0.9805064999964088,52,0.009206535653301935,0.001120480629168574,SlideLeft -> LiftFromLeftSupport -> FreeTransferWorkspace -> PlaceOnRightSupport,103,7,True,7.0069351000129245,0.92,0.9333333333333333,-0.05,0.7,0.18333333333333335,-0.1,0.7,0.9333333333333333,-0.05,0.7,0.18333333333333335,-0.1,0.7,102,0.0,SlideLeft,0.18333333333333335,-0.1,0.7,8.30467449995922
ok,39,40,start-anchored,0,0.11335274407593349,-0.0010442895567029722,0.69999994,0.18333333333333335,-0.1,0.7,0.8454376691063181,FreeTransferWorkspace,0.9333333333333333,-0.05,0.9,49,0.9607843137254902,0.96184889995493,51,0.011051863084952656,0.0014246426797515914,SlideLeft -> LiftFromLeftSupport -> FreeTransferWorkspace,100,7,True,6.941232500015758,0.92,0.9333333333333333,-0.05,0.9,0.18333333333333335,-0.1,0.7,0.9333333333333333,-0.05,0.9,0.18333333333333335,-0.1,0.7,99,0.0,SlideLeft,0.18333333333333335,-0.1,0.7,8.19703339994885
ok,39,40,start-anchored,0,0.11335274407593349,-0.0010442895567029722,0.69999994,0.18333333333333335,-0.1,0.7,0.8199812542367018,PlaceOnRightSupport,0.9333333333333333,0.0,0.7,50,0.9615384615384616,0.9835300999693573,52,0.009206535653301935,0.0011001145168232991,SlideLeft -> LiftFromLeftSupport -> FreeTransferWorkspace -> PlaceOnRightSupport,102,7,True,6.85703499999363,0.92,0.9333333333333333,0.0,0.7,0.18333333333333335,-0.1,0.7,0.9333333333333333,0.0,0.7,0.18333333333333335,-0.1,0.7,101,0.0,SlideLeft,0.18333333333333335,-0.1,0.7,8.144819199980702
ok,39,40,start-anchored,0,0.11335274407593349,-0.0010442895567029722,0.69999994,0.18333333333333335,-0.1,0.7,0.8440197161794235,FreeTransferWorkspace,0.9333333333333333,0.0,0.9,48,0.96,0.9074573999969289,50,0.011234819729786506,0.0014079956392287199,SlideLeft -> LiftFromLeftSupport -> FreeTransferWorkspace,99,7,True,6.928536299965344,0.92,0.9333333333333333,0.0,0.9,0.18333333333333335,-0.1,0.7,0.9333333333333333,0.0,0.9,0.18333333333333335,-0.1,0.7,98,0.0,SlideLeft,0.18333333333333335,-0.1,0.7,8.12847180000972
ok,39,40,start-anchored,0,0.11335274407593349,-0.0010442895567029722,0.69999994,0.18333333333333335,-0.1,0.7,0.8215678220666051,PlaceOnRightSupport,0.9333333333333333,0.05000000000000002,0.7,49,0.9607843137254902,0.9739990999805741,51,0.009206535653301935,0.0011564518016828717,SlideLeft -> LiftFromLeftSupport -> FreeTransferWorkspace -> PlaceOnRightSupport,101,7,True,6.734934099949896,0.92,0.9333333333333333,0.05000000000000002,0.7,0.18333333333333335,-0.1,0.7,0.9333333333333333,0.05000000000000002,0.7,0.18333333333333335,-0.1,0.7,100,0.0,SlideLeft,0.18333333333333335,-0.1,0.7,7.998535999970045
ok,39,40,start-anchored,0,0.11335274407593349,-0.0010442895567029722,0.69999994,0.18333333333333335,-0.1,0.7,0.8455611806695391,FreeTransferWorkspace,0.9333333333333333,0.05000000000000002,0.9,48,0.96,1.0260387999587692,50,0.011638144132328292,0.001419411393535088,SlideLeft -> LiftFromLeftSupport -> FreeTransferWorkspace,99,7,True,6.78883069998119,0.92,0.9333333333333333,0.05000000000000002,0.9,0.18333333333333335,-0.1,0.7,0.9333333333333333,0.05000000000000002,0.9,0.18333333333333335,-0.1,0.7,98,0.0,SlideLeft,0.18333333333333335,-0.1,0.7,8.113673600018956
ok,39,40,start-anchored,0,0.11335274407593349,-0.0010442895567029722,0.69999994,0.18333333333333335,-0.1,0.7,0.8261828582165907,PlaceOnRightSupport,0.9333333333333333,0.1,0.7,49,0.9607843137254902,1.0213479999802075,51,0.009206535653301935,0.0012151500552148478,SlideLeft -> LiftFromLeftSupport -> FreeTransferWorkspace -> PlaceOnRightSupport,101,7,True,6.935344800003804,0.92,0.9333333333333333,0.1,0.7,0.18333333333333335,-0.1,0.7,0.9333333333333333,0.1,0.7,0.18333333333333335,-0.1,0.7,100,0.0,SlideLeft,0.18333333333333335,-0.1,0.7,8.245027299970388
ok,39,40,start-anchored,0,0.11335274407593349,-0.0010442895567029722,0.69999994,0.18333333333333335,-0.1,0.7,0.8500459629990222,FreeTransferWorkspace,0.9333333333333333,0.1,0.9,48,0.96,0.9519204000243917,50,0.013097824249251369,0.001462761011287229,SlideLeft -> LiftFromLeftSupport -> FreeTransferWorkspace,99,7,True,6.81991709995782,0.92,0.9333333333333333,0.1,0.9,0.18333333333333335,-0.1,0.7,0.9333333333333333,0.1,0.9,0.18333333333333335,-0.1,0.7,98,0.0,SlideLeft,0.18333333333333335,-0.1,0.7,8.070882499974687
ok,39,40,start-anchored,0,0.11335274407593349,-0.0010442895567029722,0.69999994,0.18333333333333335,-0.1,0.7,0.9087179294894528,PlaceOnRightSupport,1.0166666666666666,-0.1,0.7,56,0.9655172413793104,1.0435599000193179,58,0.009206535653301935,0.00104549159092894,SlideLeft -> LiftFromLeftSupport -> FreeTransferWorkspace -> PlaceOnRightSupport,114,7,True,7.120808799983934,0.92,1.0166666666666666,-0.1,0.7,0.18333333333333335,-0.1,0.7,1.0166666666666666,-0.1,0.7,0.18333333333333335,-0.1,0.7,113,0.0,SlideLeft,0.18333333333333335,-0.1,0.7,8.45870510005625
ok,39,40,start-anchored,0,0.11335274407593349,-0.0010442895567029722,0.69999994,0.18333333333333335,-0.1,0.7,0.9304667105144592,FreeTransferWorkspace,1.0166666666666666,-0.1,0.9,49,0.9607843137254902,0.9437608000007458,51,0.013869191094696472,0.0016355349253420449,SlideLeft -> LiftFromLeftSupport -> FreeTransferWorkspace,101,7,True,6.70206350000808,0.92,1.0166666666666666,-0.1,0.9,0.18333333333333335,-0.1,0.7,1.0166666666666666,-0.1,0.9,0.18333333333333335,-0.1,0.7,100,0.0,SlideLeft,0.18333333333333335,-0.1,0.7,7.966096299991477
ok,39,40,start-anchored,0,0.11335274407593349,-0.0010442895567029722,0.69999994,0.18333333333333335,-0.1,0.7,0.9046395438688652,PlaceOnRightSupport,1.0166666666666666,-0.05,0.7,55,0.9649122807017544,1.0151708999765106,57,0.009206535653301935,0.0010852258641261138,SlideLeft -> LiftFromLeftSupport -> FreeTransferWorkspace -> PlaceOnRightSupport,113,7,True,6.842008100007661,0.92,1.0166666666666666,-0.05,0.7,0.18333333333333335,-0.1,0.7,1.0166666666666666,-0.05,0.7,0.18333333333333335,-0.1,0.7,112,0.0,SlideLeft,0.18333333333333335,-0.1,0.7,8.141177700017579
ok,39,40,start-anchored,0,0.11335274407593349,-0.0010442895567029722,0.69999994,0.18333333333333335,-0.1,0.7,0.9264840680396337,FreeTransferWorkspace,1.0166666666666666,-0.05,0.9,49,0.9607843137254902,0.9822778000379913,51,0.012735428123666823,0.0016190659462738705,SlideLeft -> LiftFromLeftSupport -> FreeTransferWorkspace,101,7,True,6.771837799984496,0.92,1.0166666666666666,-0.05,0.9,0.18333333333333335,-0.1,0.7,1.0166666666666666,-0.05,0.9,0.18333333333333335,-0.1,0.7,100,0.0,SlideLeft,0.18333333333333335,-0.1,0.7,8.05896070000017
ok,39,40,start-anchored,0,0.11335274407593349,-0.0010442895567029722,0.69999994,0.18333333333333335,-0.1,0.7,0.9033145262238059,PlaceOnRightSupport,1.0166666666666666,0.0,0.7,56,0.9655172413793104,1.1114559999550693,58,0.009206535653301935,0.0011120938071197157,SlideLeft -> LiftFromLeftSupport -> FreeTransferWorkspace -> PlaceOnRightSupport,114,7,True,6.861820699996315,0.92,1.0166666666666666,0.0,0.7,0.18333333333333335,-0.1,0.7,1.0166666666666666,0.0,0.7,0.18333333333333335,-0.1,0.7,113,0.0,SlideLeft,0.18333333333333335,-0.1,0.7,8.27406919997884
ok,39,40,start-anchored,0,0.11335274407593349,-0.0010442895567029722,0.69999994,0.18333333333333335,-0.1,0.7,0.9251903357077066,FreeTransferWorkspace,1.0166666666666666,0.0,0.9,49,0.9607843137254902,1.0360035999910906,51,0.012575123501988899,0.001631307813672255,SlideLeft -> LiftFromLeftSupport -> FreeTransferWorkspace,101,7,True,6.790811999992002,0.92,1.0166666666666666,0.0,0.9,0.18333333333333335,-0.1,0.7,1.0166666666666666,0.0,0.9,0.18333333333333335,-0.1,0.7,100,0.0,SlideLeft,0.18333333333333335,-0.1,0.7,8.1268900000141
ok,39,40,start-anchored,0,0.11335274407593349,-0.0010442895567029722,0.69999994,0.18333333333333335,-0.1,0.7,0.90475497359374,PlaceOnRightSupport,1.0166666666666666,0.05000000000000002,0.7,51,0.9622641509433962,1.021773900021799,53,0.009206535653301935,0.0012630748887226336,SlideLeft -> LiftFromLeftSupport -> FreeTransferWorkspace -> PlaceOnRightSupport,104,7,True,6.907300399965607,0.92,1.0166666666666666,0.05000000000000002,0.7,0.18333333333333335,-0.1,0.7,1.0166666666666666,0.05000000000000002,0.7,0.18333333333333335,-0.1,0.7,103,0.0,SlideLeft,0.18333333333333335,-0.1,0.7,8.219395599968266
ok,39,40,start-anchored,0,0.11335274407593349,-0.0010442895567029722,0.69999994,0.18333333333333335,-0.1,0.7,0.9265967765120972,FreeTransferWorkspace,1.0166666666666666,0.05000000000000002,0.9,49,0.9607843137254902,1.0094269000110216,51,0.013647976174735241,0.0016831021199473395,SlideLeft -> LiftFromLeftSupport -> FreeTransferWorkspace,101,7,True,6.827708100026939,0.92,1.0166666666666666,0.05000000000000002,0.9,0.18333333333333335,-0.1,0.7,1.0166666666666666,0.05000000000000002,0.9,0.18333333333333335,-0.1,0.7,100,0.0,SlideLeft,0.18333333333333335,-0.1,0.7,8.148092499992345
ok,39,40,start-anchored,0,0.11335274407593349,-0.0010442895567029722,0.69999994,0.18333333333333335,-0.1,0.7,0.9089477384306974,PlaceOnRightSupport,1.0166666666666666,0.1,0.7,50,0.9615384615384616,1.0243458999902941,52,0.009212999707505635,0.0013395612796878573,SlideLeft -> LiftFromLeftSupport -> FreeTransferWorkspace -> PlaceOnRightSupport,103,7,True,6.766295899986289,0.92,1.0166666666666666,0.1,0.7,0.18333333333333335,-0.1,0.7,1.0166666666666666,0.1,0.7,0.18333333333333335,-0.1,0.7,102,0.0,SlideLeft,0.18333333333333335,-0.1,0.7,8.084842000040226
ok,39,40,start-anchored,0,0.11335274407593349,-0.0010442895567029722,0.69999994,0.18333333333333335,-0.1,0.7,0.9306911491994966,FreeTransferWorkspace,1.0166666666666666,0.1,0.9,48,0.9411764705882353,0.9671457000076771,51,0.016690147760322224,0.0017969029576367528,SlideLeft -> LiftFromLeftSupport -> FreeTransferWorkspace,101,7,True,6.703441199962981,0.92,1.0166666666666666,0.1,0.9,0.18333333333333335,-0.1,0.7,1.0166666666666666,0.1,0.9,0.18333333333333335,-0.1,0.7,100,0.0,SlideLeft,0.18333333333333335,-0.1,0.7,7.960431499988772
ok,39,40,start-anchored,0,0.11335274407593349,-0.0010442895567029722,0.69999994,0.18333333333333335,-0.1,0.7,0.9915972167426812,PlaceOnRightSupport,1.1,-0.1,0.7,56,0.9655172413793104,1.1001802000100724,58,0.009206535653301935,0.001191779640277215,SlideLeft -> LiftFromLeftSupport -> FreeTransferWorkspace -> PlaceOnRightSupport,115,7,True,7.056089200021233,0.92,1.1,-0.1,0.7,0.18333333333333335,-0.1,0.7,1.1,-0.1,0.7,0.18333333333333335,-0.1,0.7,114,0.0,SlideLeft,0.18333333333333335,-0.1,0.7,8.45098850002978
ok,39,40,start-anchored,0,0.11335274407593349,-0.0010442895567029722,0.69999994,0.18333333333333335,-0.1,0.7,1.011565649996001,FreeTransferWorkspace,1.1,-0.1,0.9,49,0.9423076923076923,1.0224857999710366,52,0.017070757930494843,0.0019451011460330336,SlideLeft -> LiftFromLeftSupport -> FreeTransferWorkspace,102,7,True,7.004495400004089,0.92,1.1,-0.1,0.9,0.18333333333333335,-0.1,0.7,1.1,-0.1,0.9,0.18333333333333335,-0.1,0.7,101,0.0,SlideLeft,0.18333333333333335,-0.1,0.7,8.329192399978638
ok,39,40,start-anchored,0,0.11335274407593349,-0.0010442895567029722,0.69999994,0.18333333333333335,-0.1,0.7,0.9878610576429775,PlaceOnRightSupport,1.1,-0.05,0.7,56,0.9655172413793104,1.117584599996917,58,0.009206535653301935,0.0012216978876906403,SlideLeft -> LiftFromLeftSupport -> FreeTransferWorkspace -> PlaceOnRightSupport,115,7,True,6.819810700020753,0.92,1.1,-0.05,0.7,0.18333333333333335,-0.1,0.7,1.1,-0.05,0.7,0.18333333333333335,-0.1,0.7,114,0.0,SlideLeft,0.18333333333333335,-0.1,0.7,8.241802399978042
ok,39,40,start-anchored,0,0.11335274407593349,-0.0010442895567029722,0.69999994,0.18333333333333335,-0.1,0.7,1.0079035138382555,FreeTransferWorkspace,1.1,-0.05,0.9,49,0.9423076923076923,0.9488643999793567,52,0.018666527267584953,0.0019768147442725294,SlideLeft -> LiftFromLeftSupport -> FreeTransferWorkspace,102,7,True,6.7182459000032395,0.92,1.1,-0.05,0.9,0.18333333333333335,-0.1,0.7,1.1,-0.05,0.9,0.18333333333333335,-0.1,0.7,101,0.0,SlideLeft,0.18333333333333335,-0.1,0.7,7.952766100002918
ok,39,40,start-anchored,0,0.11335274407593349,-0.0010442895567029722,0.69999994,0.18333333333333335,-0.1,0.7,0.9866478085736432,PlaceOnRightSupport,1.1,0.0,0.7,55,0.9482758620689655,1.104124600009527,58,0.009995555164771817,0.0012633452368769438,SlideLeft -> LiftFromLeftSupport -> FreeTransferWorkspace -> PlaceOnRightSupport,115,7,True,6.881190599990077,0.92,1.1,0.0,0.7,0.18333333333333335,-0.1,0.7,1.1,0.0,0.7,0.18333333333333335,-0.1,0.7,114,0.0,SlideLeft,0.18333333333333335,-0.1,0.7,8.290124899998773
ok,39,40,start-anchored,0,0.11335274407593349,-0.0010442895567029722,0.69999994,0.18333333333333335,-0.1,0.7,1.0067144193678625,FreeTransferWorkspace,1.1,0.0,0.9,48,0.9230769230769231,0.9868040999863297,52,0.021438169125599378,0.0020742305343019202,SlideLeft -> LiftFromLeftSupport -> FreeTransferWorkspace,102,7,True,6.867846000008285,0.92,1.1,0.0,0.9,0.18333333333333335,-0.1,0.7,1.1,0.0,0.9,0.18333333333333335,-0.1,0.7,101,0.0,SlideLeft,0.18333333333333335,-0.1,0.7,8.15411960001802
ok,39,40,start-anchored,0,0.11335274407593349,-0.0010442895567029722,0.69999994,0.18333333333333335,-0.1,0.7,0.9879667641772383,PlaceOnRightSupport,1.1,0.05000000000000002,0.7,55,0.9482758620689655,1.0949582000030205,58,0.013186590404713167,0.001319156146816193,SlideLeft -> LiftFromLeftSupport -> FreeTransferWorkspace -> PlaceOnRightSupport,115,7,True,6.505260800011456,0.92,1.1,0.05000000000000002,0.7,0.18333333333333335,-0.1,0.7,1.1,0.05000000000000002,0.7,0.18333333333333335,-0.1,0.7,114,0.0,SlideLeft,0.18333333333333335,-0.1,0.7,7.907522399968002
ok,39,40,start-anchored,0,0.11335274407593349,-0.0010442895567029722,0.69999994,0.18333333333333335,-0.1,0.7,1.0080071185854012,FreeTransferWorkspace,1.1,0.05000000000000002,0.9,48,0.9230769230769231,0.9809495999943465,52,0.025999358052990956,0.0022790704451828955,SlideLeft -> LiftFromLeftSupport -> FreeTransferWorkspace,102,7,True,6.7555886000045575,0.92,1.1,0.05000000000000002,0.9,0.18333333333333335,-0.1,0.7,1.1,0.05000000000000002,0.9,0.18333333333333335,-0.1,0.7,101,0.0,SlideLeft,0.18333333333333335,-0.1,0.7,8.02910869999323
ok,39,40,start-anchored,0,0.11335274407593349,-0.0010442895567029722,0.69999994,0.18333333333333335,-0.1,0.7,0.9918078221482794,PlaceOnRightSupport,1.1,0.1,0.7,55,0.9322033898305084,1.0780090999905951,59,0.015226013192820473,0.001412727456822926,SlideLeft -> LiftFromLeftSupport -> FreeTransferWorkspace -> PlaceOnRightSupport,116,7,True,6.735725499980617,0.92,1.1,0.1,0.7,0.18333333333333335,-0.1,0.7,1.1,0.1,0.7,0.18333333333333335,-0.1,0.7,115,0.0,SlideLeft,0.18333333333333335,-0.1,0.7,8.108199500013143
ok,39,40,start-anchored,0,0.11335274407593349,-0.0010442895567029722,0.69999994,0.18333333333333335,-0.1,0.7,1.011772098881222,FreeTransferWorkspace,1.1,0.1,0.9,48,0.9230769230769231,1.037855500006117,52,0.033363030810283446,0.0026600773409991207,SlideLeft -> LiftFromLeftSupport -> FreeTransferWorkspace,102,7,True,6.905119000002742,0.92,1.1,0.1,0.9,0.18333333333333335,-0.1,0.7,1.1,0.1,0.9,0.18333333333333335,-0.1,0.7,101,0.0,SlideLeft,0.18333333333333335,-0.1,0.7,8.234068299992941
ok,37,38,start-anchored,0,0.1133527448776946,-0.001044291741131049,0.69999994,0.18333333333333335,-0.05,0.7,0.743264024876924,PlaceOnRightSupport,0.85,-0.1,0.7,48,0.9411764705882353,0.9178823999827728,51,0.006739362620570678,0.0010853031493773821,SlideLeft -> LiftFromLeftSupport -> FreeTransferWorkspace -> PlaceOnRightSupport,101,7,True,6.8874287999933586,0.92,0.85,-0.1,0.7,0.18333333333333335,-0.05,0.7,0.85,-0.1,0.7,0.18333333333333335,-0.05,0.7,100,0.0,SlideLeft,0.18333333333333335,-0.05,0.7,8.087984599987976
ok,37,38,start-anchored,0,0.1133527448776946,-0.001044291741131049,0.69999994,0.18333333333333335,-0.05,0.7,0.7697021727111368,FreeTransferWorkspace,0.85,-0.1,0.9,46,0.9387755102040817,0.9142695000045933,49,0.007732122275104577,0.0011447582391588672,SlideLeft -> LiftFromLeftSupport -> FreeTransferWorkspace,96,7,True,6.686652800010052,0.92,0.85,-0.1,0.9,0.18333333333333335,-0.05,0.7,0.85,-0.1,0.9,0.18333333333333335,-0.05,0.7,95,0.0,SlideLeft,0.18333333333333335,-0.05,0.7,7.900096800003666
ok,37,38,start-anchored,0,0.1133527448776946,-0.001044291741131049,0.69999994,0.18333333333333335,-0.05,0.7,0.7538714407507988,PlaceOnRightSupport,0.85,-0.05,0.7,47,0.94,0.968103000021074,50,0.006740006788957763,0.0010327388399240323,SlideLeft -> LiftFromLeftSupport -> FreeTransferWorkspace -> PlaceOnRightSupport,98,7,True,6.972318100044504,0.92,0.85,-0.05,0.7,0.18333333333333335,-0.05,0.7,0.8665362484677875,-0.03324303549665785,0.7,0.18333333333333335,-0.05,0.7,97,0.0,SlideLeft,0.18333333333333335,-0.05,0.7,8.248587600013707
ok,37,38,start-anchored,0,0.1133527448776946,-0.001044291741131049,0.69999994,0.18333333333333335,-0.05,0.7,0.7648829085882086,FreeTransferWorkspace,0.85,-0.05,0.9,45,0.9375,0.8857266000122763,48,0.007247127173264097,0.0011195665998969678,SlideLeft -> LiftFromLeftSupport -> FreeTransferWorkspace,95,7,True,6.832740299985744,0.92,0.85,-0.05,0.9,0.18333333333333335,-0.05,0.7,0.85,-0.05,0.9,0.18333333333333335,-0.05,0.7,94,0.0,SlideLeft,0.18333333333333335,-0.05,0.7,8.008452599984594
ok,37,38,start-anchored,0,0.1133527448776946,-0.001044291741131049,0.69999994,0.18333333333333335,-0.05,0.7,0.7366479953305181,PlaceOnRightSupport,0.85,0.0,0.7,46,0.9387755102040817,0.9087634999887086,49,0.006740006788957763,0.001004782773322729,SlideLeft -> LiftFromLeftSupport -> FreeTransferWorkspace -> PlaceOnRightSupport,97,7,True,6.582252699998207,0.92,0.85,0.0,0.7,0.18333333333333335,-0.05,0.7,0.85,0.0,0.7,0.18333333333333335,-0.05,0.7,96,0.0,SlideLeft,0.18333333333333335,-0.05,0.7,7.795495399972424
ok,37,38,start-anchored,0,0.1133527448776946,-0.001044291741131049,0.69999994,0.18333333333333335,-0.05,0.7,0.7633153300075081,FreeTransferWorkspace,0.85,0.0,0.9,45,0.9375,0.8778603000100702,48,0.006864295560445708,0.0011011442796645397,SlideLeft -> LiftFromLeftSupport -> FreeTransferWorkspace,95,7,True,6.80788290000055,0.92,0.85,0.0,0.9,0.18333333333333335,-0.05,0.7,0.85,0.0,0.9,0.18333333333333335,-0.05,0.7,94,0.0,SlideLeft,0.18333333333333335,-0.05,0.7,7.983771300001536
ok,37,38,start-anchored,0,0.1133527448776946,-0.001044291741131049,0.69999994,0.18333333333333335,-0.05,0.7,0.738413636249077,PlaceOnRightSupport,0.85,0.05000000000000002,0.7,46,0.9387755102040817,0.8712190999649465,49,0.006740006788957763,0.0009552758936722813,SlideLeft -> LiftFromLeftSupport -> FreeTransferWorkspace -> PlaceOnRightSupport,97,7,True,6.9749211999587715,0.92,0.85,0.05000000000000002,0.7,0.18333333333333335,-0.05,0.7,0.85,0.05000000000000002,0.7,0.18333333333333335,-0.05,0.7,96,0.0,SlideLeft,0.18333333333333335,-0.05,0.7,8.139930700010154
ok,37,38,start-anchored,0,0.1133527448776946,-0.001044291741131049,0.69999994,0.18333333333333335,-0.05,0.7,0.765019426026937,FreeTransferWorkspace,0.85,0.05000000000000002,0.9,45,0.9375,0.8792625999776646,48,0.006937309865081818,0.0010982126009822543,SlideLeft -> LiftFromLeftSupport -> FreeTransferWorkspace,95,7,True,6.84210719994735,0.92,0.85,0.05000000000000002,0.9,0.18333333333333335,-0.05,0.7,0.85,0.05000000000000002,0.9,0.18333333333333335,-0.05,0.7,94,0.0,SlideLeft,0.18333333333333335,-0.05,0.7,8.023435899987817
ok,37,38,start-anchored,0,0.1133527448776946,-0.001044291741131049,0.69999994,0.18333333333333335,-0.05,0.7,0.7435449733356397,PlaceOnRightSupport,0.85,0.1,0.7,46,0.9387755102040817,0.9217950000311248,49,0.006740006788957763,0.0009754552812903836,SlideLeft -> LiftFromLeftSupport -> FreeTransferWorkspace -> PlaceOnRightSupport,96,7,True,6.71297069999855,0.92,0.85,0.1,0.7,0.18333333333333335,-0.05,0.7,0.85,0.1,0.7,0.18333333333333335,-0.05,0.7,95,0.0,SlideLeft,0.18333333333333335,-0.05,0.7,7.940233000030275
ok,37,38,start-anchored,0,0.1133527448776946,-0.001044291741131049,0.69999994,0.18333333333333335,-0.05,0.7,0.76997347446045,FreeTransferWorkspace,0.85,0.1,0.9,45,0.9375,0.8612981999758631,48,0.007631707058649127,0.0011177907917143363,SlideLeft -> LiftFromLeftSupport -> FreeTransferWorkspace,95,7,True,6.94155689998297,0.92,0.85,0.1,0.9,0.18333333333333335,-0.05,0.7,0.85,0.1,0.9,0.18333333333333335,-0.05,0.7,94,0.0,SlideLeft,0.18333333333333335,-0.05,0.7,8.113074399996549
ok,37,38,start-anchored,0,0.1133527448776946,-0.001044291741131049,0.69999994,0.18333333333333335,-0.05,0.7,0.8259300198207312,PlaceOnRightSupport,0.9333333333333333,-0.1,0.7,53,0.9464285714285714,0.9809146000188775,56,0.006739362620570678,0.000961164300136495,SlideLeft -> LiftFromLeftSupport -> FreeTransferWorkspace -> PlaceOnRightSupport,111,7,True,6.801014300028328,0.92,0.9333333333333333,-0.1,0.7,0.18333333333333335,-0.05,0.7,0.9333333333333333,-0.1,0.7,0.18333333333333335,-0.05,0.7,110,0.0,SlideLeft,0.18333333333333335,-0.05,0.7,8.042545500036795
ok,37,38,start-anchored,0,0.1133527448776946,-0.001044291741131049,0.69999994,0.18333333333333335,-0.05,0.7,0.8498002245475542,FreeTransferWorkspace,0.9333333333333333,-0.1,0.9,46,0.9387755102040817,1.0182732000248507,49,0.008733711672168461,0.00129171050515397,SlideLeft -> LiftFromLeftSupport -> FreeTransferWorkspace,97,7,True,7.144793400017079,0.92,0.9333333333333333,-0.1,0.9,0.18333333333333335,-0.05,0.7,0.9333333333333333,-0.1,0.9,0.18333333333333335,-0.05,0.7,96,0.0,SlideLeft,0.18333333333333335,-0.05,0.7,8.556633299973328
ok,37,38,start-anchored,0,0.1133527448776946,-0.001044291741131049,0.69999994,0.18333333333333335,-0.05,0.7,0.8214407019470039,PlaceOnRightSupport,0.9333333333333333,-0.05,0.7,48,0.9411764705882353,0.9597554000210948,51,0.006739362620570678,0.0010068004528692262,SlideLeft -> LiftFromLeftSupport -> FreeTransferWorkspace -> PlaceOnRightSupport,100,7,True,6.890578000049572,0.92,0.9333333333333333,-0.05,0.7,0.18333333333333335,-0.05,0.7,0.9333333333333333,-0.05,0.7,0.18333333333333335,-0.05,0.7,99,0.0,SlideLeft,0.18333333333333335,-0.05,0.7,8.167100699967705
ok,37,38,start-anchored,0,0.1133527448776946,-0.001044291741131049,0.69999994,0.18333333333333335,-0.05,0.7,0.8454376682022079,FreeTransferWorkspace,0.9333333333333333,-0.05,0.9,46,0.9387755102040817,0.9345380999729969,49,0.008235062946616818,0.0012659528937905757,SlideLeft -> LiftFromLeftSupport -> FreeTransferWorkspace,97,7,True,6.994230700016487,0.92,0.9333333333333333,-0.05,0.9,0.18333333333333335,-0.05,0.7,0.9333333333333333,-0.05,0.9,0.18333333333333335,-0.05,0.7,96,0.0,SlideLeft,0.18333333333333335,-0.05,0.7,8.262792900030036
ok,37,38,start-anchored,0,0.1133527448776946,-0.001044291741131049,0.69999994,0.18333333333333335,-0.05,0.7,0.8199812534377232,PlaceOnRightSupport,0.9333333333333333,0.0,0.7,47,0.94,0.9492895000148565,50,0.006739362620570678,0.0009737678272670141,SlideLeft -> LiftFromLeftSupport -> FreeTransferWorkspace -> PlaceOnRightSupport,99,7,True,7.13439500000095,0.92,0.9333333333333333,0.0,0.7,0.18333333333333335,-0.05,0.7,0.9333333333333333,0.0,0.7,0.18333333333333335,-0.05,0.7,98,0.0,SlideLeft,0.18333333333333335,-0.05,0.7,8.37208499998087
ok,37,38,start-anchored,0,0.1133527448776946,-0.001044291741131049,0.69999994,0.18333333333333335,-0.05,0.7,0.8440197154032005,FreeTransferWorkspace,0.9333333333333333,0.0,0.9,46,0.9387755102040817,0.9480618999805301,49,0.00904017460539268,0.001259139565916279,SlideLeft -> LiftFromLeftSupport -> FreeTransferWorkspace,96,7,True,6.771291599958204,0.92,0.9333333333333333,0.0,0.9,0.18333333333333335,-0.05,0.7,0.9333333333333333,0.0,0.9,0.18333333333333335,-0.05,0.7,95,0.0,SlideLeft,0.18333333333333335,-0.05,0.7,8.026004299987108
ok,37,38,start-anchored,0,0.1133527448776946,-0.001044291741131049,0.69999994,0.18333333333333335,-0.05,0.7,0.8215678214021122,PlaceOnRightSupport,0.9333333333333333,0.05000000000000002,0.7,47,0.94,0.8904401999898255,50,0.006739362620570678,0.0010226234382911116,SlideLeft -> LiftFromLeftSupport -> FreeTransferWorkspace -> PlaceOnRightSupport,98,7,True,7.494919699965976,0.92,0.9333333333333333,0.05000000000000002,0.7,0.18333333333333335,-0.05,0.7,0.9333333333333333,0.05000000000000002,0.7,0.18333333333333335,-0.05,0.7,97,0.0,SlideLeft,0.18333333333333335,-0.05,0.7,8.665162699995562
ok,37,38,start-anchored,0,0.1133527448776946,-0.001044291741131049,0.69999994,0.18333333333333335,-0.05,0.7,0.8455611800239016,FreeTransferWorkspace,0.9333333333333333,0.05000000000000002,0.9,46,0.9387755102040817,1.0545721999951638,49,0.010156131043938301,0.0012769181739565694,SlideLeft -> LiftFromLeftSupport -> FreeTransferWorkspace,96,7,True,6.819607500045095,0.92,0.9333333333333333,0.05000000000000002,0.9,0.18333333333333335,-0.05,0.7,0.9333333333333333,0.05000000000000002,0.9,0.18333333333333335,-0.05,0.7,95,0.0,SlideLeft,0.18333333333333335,-0.05,0.7,8.14738620002754
ok,37,38,start-anchored,0,0.1133527448776946,-0.001044291741131049,0.69999994,0.18333333333333335,-0.05,0.7,0.8261828576880096,PlaceOnRightSupport,0.9333333333333333,0.1,0.7,47,0.94,0.9088972000172362,50,0.006739362620570678,0.0010698789014446839,SlideLeft -> LiftFromLeftSupport -> FreeTransferWorkspace -> PlaceOnRightSupport,98,7,True,6.893384699942544,0.92,0.9333333333333333,0.1,0.7,0.18333333333333335,-0.05,0.7,0.9333333333333333,0.1,0.7,0.18333333333333335,-0.05,0.7,97,0.0,SlideLeft,0.18333333333333335,-0.05,0.7,8.076371399976779
ok,37,38,start-anchored,0,0.1133527448776946,-0.001044291741131049,0.69999994,0.18333333333333335,-0.05,0.7,0.85004596248528,FreeTransferWorkspace,0.9333333333333333,0.1,0.9,46,0.9387755102040817,1.0303702999954112,49,0.011789792930175397,0.0013309633234973258,SlideLeft -> LiftFromLeftSupport -> FreeTransferWorkspace,96,7,True,7.092929400037974,0.92,0.9333333333333333,0.1,0.9,0.18333333333333335,-0.05,0.7,0.9333333333333333,0.1,0.9,0.18333333333333335,-0.05,0.7,95,0.0,SlideLeft,0.18333333333333335,-0.05,0.7,8.557104300009087
ok,37,38,start-anchored,0,0.1133527448776946,-0.001044291741131049,0.69999994,0.18333333333333335,-0.05,0.7,0.9087179284545842,PlaceOnRightSupport,1.0166666666666666,-0.1,0.7,53,0.9464285714285714,1.0990066000376828,56,0.006739362620570678,0.000933909556496762,SlideLeft -> LiftFromLeftSupport -> FreeTransferWorkspace -> PlaceOnRightSupport,111,7,True,7.048830099985935,0.92,1.0166666666666666,-0.1,0.7,0.18333333333333335,-0.05,0.7,1.0166666666666666,-0.1,0.7,0.18333333333333335,-0.05,0.7,110,0.0,SlideLeft,0.18333333333333335,-0.05,0.7,8.44016090000514
ok,37,38,start-anchored,0,0.1133527448776946,-0.001044291741131049,0.69999994,0.18333333333333335,-0.05,0.7,0.9304667095037795,FreeTransferWorkspace,1.0166666666666666,-0.1,0.9,47,0.94,0.9580917000421323,50,0.013474319766468897,0.0015096851014495378,SlideLeft -> LiftFromLeftSupport -> FreeTransferWorkspace,98,7,True,6.79769400000805,0.92,1.0166666666666666,-0.1,0.9,0.18333333333333335,-0.05,0.7,1.0166666666666666,-0.1,0.9,0.18333333333333335,-0.05,0.7,97,0.0,SlideLeft,0.18333333333333335,-0.05,0.7,8.056591400003526
ok,37,38,start-anchored,0,0.1133527448776946,-0.001044291741131049,0.69999994,0.18333333333333335,-0.05,0.7,0.9046395429500658,PlaceOnRightSupport,1.0166666666666666,-0.05,0.7,53,0.9464285714285714,1.0885705999680795,56,0.006739362620570678,0.0009582586220637292,SlideLeft -> LiftFromLeftSupport -> FreeTransferWorkspace -> PlaceOnRightSupport,110,7,True,6.99179160001222,0.92,1.0166666666666666,-0.05,0.7,0.18333333333333335,-0.05,0.7,1.0166666666666666,-0.05,0.7,0.18333333333333335,-0.05,0.7,109,0.0,SlideLeft,0.18333333333333335,-0.05,0.7,8.404123600048479
ok,37,38,start-anchored,0,0.1133527448776946,-0.001044291741131049,0.69999994,0.18333333333333335,-0.05,0.7,0.9264840671424975,FreeTransferWorkspace,1.0166666666666666,-0.05,0.9,47,0.94,1.0093830999685451,50,0.014328283933950154,0.0014989161050195717,SlideLeft -> LiftFromLeftSupport -> FreeTransferWorkspace,98,7,True,6.898314699996263,0.92,1.0166666666666666,-0.05,0.9,0.18333333333333335,-0.05,0.7,1.0166666666666666,-0.05,0.9,0.18333333333333335,-0.05,0.7,97,0.0,SlideLeft,0.18333333333333335,-0.05,0.7,8.22159129998181
ok,37,38,start-anchored,0,0.1133527448776946,-0.001044291741131049,0.69999994,0.18333333333333335,-0.05,0.7,0.9033145254245705,PlaceOnRightSupport,1.0166666666666666,0.0,0.7,53,0.9464285714285714,1.2041294000227936,56,0.006739362620570678,0.0009949782087072406,SlideLeft -> LiftFromLeftSupport -> FreeTransferWorkspace -> PlaceOnRightSupport,111,7,True,6.974719099991489,0.92,1.0166666666666666,0.0,0.7,0.18333333333333335,-0.05,0.7,1.0166666666666666,0.0,0.7,0.18333333333333335,-0.05,0.7,110,0.0,SlideLeft,0.18333333333333335,-0.05,0.7,8.49440720002167
ok,37,38,start-anchored,0,0.1133527448776946,-0.001044291741131049,0.69999994,0.18333333333333335,-0.05,0.7,0.9251903349273689,FreeTransferWorkspace,1.0166666666666666,0.0,0.9,47,0.94,0.9825034000095911,50,0.015862278356266395,0.001523456016795037,SlideLeft -> LiftFromLeftSupport -> FreeTransferWorkspace,98,7,True,6.919242099975236,0.92,1.0166666666666666,0.0,0.9,0.18333333333333335,-0.05,0.7,1.0166666666666666,0.0,0.9,0.18333333333333335,-0.05,0.7,97,0.0,SlideLeft,0.18333333333333335,-0.05,0.7,8.216764399956446
ok,37,38,start-anchored,0,0.1133527448776946,-0.001044291741131049,0.69999994,0.18333333333333335,-0.05,0.7,0.9047549729164964,PlaceOnRightSupport,1.0166666666666666,0.05000000000000002,0.7,48,0.9411764705882353,0.9259326999890618,51,0.009198154713963928,0.001144980909888962,SlideLeft -> LiftFromLeftSupport -> FreeTransferWorkspace -> PlaceOnRightSupport,101,7,True,6.997046799981035,0.92,1.0166666666666666,0.05000000000000002,0.7,0.18333333333333335,-0.05,0.7,1.0166666666666666,0.05000000000000002,0.7,0.18333333333333335,-0.05,0.7,100,0.0,SlideLeft,0.18333333333333335,-0.05,0.7,8.228835899964906
ok,37,38,start-anchored,0,0.1133527448776946,-0.001044291741131049,0.69999994,0.18333333333333335,-0.05,0.7,0.9265967758508176,FreeTransferWorkspace,1.0166666666666666,0.05000000000000002,0.9,46,0.92,0.9867164000170305,50,0.018437294247015155,0.001598920917269495,SlideLeft -> LiftFromLeftSupport -> FreeTransferWorkspace,98,7,True,6.799522400018759,0.92,1.0166666666666666,0.05000000000000002,0.9,0.18333333333333335,-0.05,0.7,1.0166666666666666,0.05000000000000002,0.9,0.18333333333333335,-0.05,0.7,97,0.0,SlideLeft,0.18333333333333335,-0.05,0.7,8.104967600025702
ok,37,38,start-anchored,0,0.1133527448776946,-0.001044291741131049,0.69999994,0.18333333333333335,-0.05,0.7,0.9089477378767402,PlaceOnRightSupport,1.0166666666666666,0.1,0.7,48,0.9411764705882353,0.9621162000112236,51,0.011491470929722131,0.0012307599059724029,SlideLeft -> LiftFromLeftSupport -> FreeTransferWorkspace -> PlaceOnRightSupport,100,7,True,7.007983100018464,0.92,1.0166666666666666,0.1,0.7,0.18333333333333335,-0.05,0.7,1.0166666666666666,0.1,0.7,0.18333333333333335,-0.05,0.7,99,0.0,SlideLeft,0.18333333333333335,-0.05,0.7,8.271766300022136
ok,37,38,start-anchored,0,0.1133527448776946,-0.001044291741131049,0.69999994,0.18333333333333335,-0.05,0.7,0.9306911486584812,FreeTransferWorkspace,1.0166666666666666,0.1,0.9,45,0.9,0.9501314999652095,50,0.022693850306292566,0.0017611989500479117,SlideLeft -> LiftFromLeftSupport -> FreeTransferWorkspace,98,7,True,6.904208399995696,0.92,1.0166666666666666,0.1,0.9,0.18333333333333335,-0.05,0.7,1.0166666666666666,0.1,0.9,0.18333333333333335,-0.05,0.7,97,0.0,SlideLeft,0.18333333333333335,-0.05,0.7,8.171879399975296
ok,37,38,start-anchored,0,0.1133527448776946,-0.001044291741131049,0.69999994,0.18333333333333335,-0.05,0.7,0.9915972157269289,PlaceOnRightSupport,1.1,-0.1,0.7,54,0.9473684210526315,1.0953255000058562,57,0.008343049362928666,0.001080878171517046,SlideLeft -> LiftFromLeftSupport -> FreeTransferWorkspace -> PlaceOnRightSupport,112,7,True,6.895250800007489,0.92,1.1,-0.1,0.7,0.18333333333333335,-0.05,0.7,1.1,-0.1,0.7,0.18333333333333335,-0.05,0.7,111,0.0,SlideLeft,0.18333333333333335,-0.05,0.7,8.316883000021335
ok,37,38,start-anchored,0,0.1133527448776946,-0.001044291741131049,0.69999994,0.18333333333333335,-0.05,0.7,1.0115656490002998,FreeTransferWorkspace,1.1,-0.1,0.9,46,0.92,0.965930899954401,50,0.02233422931446594,0.0017884718377537449,SlideLeft -> LiftFromLeftSupport -> FreeTransferWorkspace,99,7,True,6.991613999998663,0.92,1.1,-0.1,0.9,0.18333333333333335,-0.05,0.7,1.1,-0.1,0.9,0.18333333333333335,-0.05,0.7,98,0.0,SlideLeft,0.18333333333333335,-0.05,0.7,8.277800200041384
ok,37,38,start-anchored,0,0.1133527448776946,-0.001044291741131049,0.69999994,0.18333333333333335,-0.05,0.7,0.9878610567339471,PlaceOnRightSupport,1.1,-0.05,0.7,54,0.9473684210526315,1.0976981000276282,57,0.010729286540928171,0.0011162797807326005,SlideLeft -> LiftFromLeftSupport -> FreeTransferWorkspace -> PlaceOnRightSupport,112,7,True,6.827339000010397,0.92,1.1,-0.05,0.7,0.18333333333333335,-0.05,0.7,1.1,-0.05,0.7,0.18333333333333335,-0.05,0.7,111,0.0,SlideLeft,0.18333333333333335,-0.05,0.7,8.23259109997889
ok,37,38,start-anchored,0,0.1133527448776946,-0.001044291741131049,0.69999994,0.18333333333333335,-0.05,0.7,1.0079035129473013,FreeTransferWorkspace,1.1,-0.05,0.9,46,0.92,1.010168300010264,50,0.02234711244440551,0.0018051664666849548,SlideLeft -> LiftFromLeftSupport -> FreeTransferWorkspace,99,7,True,6.974617500032764,0.92,1.1,-0.05,0.9,0.18333333333333335,-0.05,0.7,1.1,-0.05,0.9,0.18333333333333335,-0.05,0.7,98,0.0,SlideLeft,0.18333333333333335,-0.05,0.7,8.29270250000991
ok,37,38,start-anchored,0,0.1133527448776946,-0.001044291741131049,0.69999994,0.18333333333333335,-0.05,0.7,0.9866478077741945,PlaceOnRightSupport,1.1,0.0,0.7,53,0.9298245614035088,1.0584231999819167,57,0.012167244001314451,0.001161753423173622,SlideLeft -> LiftFromLeftSupport -> FreeTransferWorkspace -> PlaceOnRightSupport,112,7,True,7.011859499965794,0.92,1.1,0.0,0.7,0.18333333333333335,-0.05,0.7,1.1,0.0,0.7,0.18333333333333335,-0.05,0.7,111,0.0,SlideLeft,0.18333333333333335,-0.05,0.7,8.380851799971424
ok,37,38,start-anchored,0,0.1133527448776946,-0.001044291741131049,0.69999994,0.18333333333333335,-0.05,0.7,1.006714418584349,FreeTransferWorkspace,1.1,0.0,0.9,46,0.92,0.9635661999927834,50,0.02416706164673164,0.0018744560463467622,SlideLeft -> LiftFromLeftSupport -> FreeTransferWorkspace,99,7,True,6.91524559998652,0.92,1.1,0.0,0.9,0.18333333333333335,-0.05,0.7,1.1,0.0,0.9,0.18333333333333335,-0.05,0.7,98,0.0,SlideLeft,0.18333333333333335,-0.05,0.7,8.203986199980136
ok,37,38,start-anchored,0,0.1133527448776946,-0.001044291741131049,0.69999994,0.18333333333333335,-0.05,0.7,0.9879667634894086,PlaceOnRightSupport,1.1,0.05000000000000002,0.7,53,0.9298245614035088,1.0525183000136167,57,0.01228918993705878,0.0012172406451252421,SlideLeft -> LiftFromLeftSupport -> FreeTransferWorkspace -> PlaceOnRightSupport,112,7,True,6.85903450002661,0.92,1.1,0.05000000000000002,0.7,0.18333333333333335,-0.05,0.7,1.1,0.05000000000000002,0.7,0.18333333333333335,-0.05,0.7,111,0.0,SlideLeft,0.18333333333333335,-0.05,0.7,8.226918699976522
ok,37,38,start-anchored,0,0.1133527448776946,-0.001044291741131049,0.69999994,0.18333333333333335,-0.05,0.7,1.0080071179112462,FreeTransferWorkspace,1.1,0.05000000000000002,0.9,46,0.92,0.9668436999781989,50,0.0286810347605049,0.002022011250043078,SlideLeft -> LiftFromLeftSupport -> FreeTransferWorkspace,99,7,True,6.938780600030441,0.92,1.1,0.05000000000000002,0.9,0.18333333333333335,-0.05,0.7,1.1,0.05000000000000002,0.9,0.18333333333333335,-0.05,0.7,98,0.0,SlideLeft,0.18333333333333335,-0.05,0.7,8.21568689995911
ok,37,38,start-anchored,0,0.1133527448776946,-0.001044291741131049,0.69999994,0.18333333333333335,-0.05,0.7,0.9918078215732371,PlaceOnRightSupport,1.1,0.1,0.7,53,0.9298245614035088,1.153762599977199,57,0.012190422550289298,0.0012903786133444126,SlideLeft -> LiftFromLeftSupport -> FreeTransferWorkspace -> PlaceOnRightSupport,113,7,True,7.050712800002657,0.92,1.1,0.1,0.7,0.18333333333333335,-0.05,0.7,1.1,0.1,0.7,0.18333333333333335,-0.05,0.7,112,0.0,SlideLeft,0.18333333333333335,-0.05,0.7,8.52139890001854
ok,37,38,start-anchored,0,0.1133527448776946,-0.001044291741131049,0.69999994,0.18333333333333335,-0.05,0.7,1.0117720983175262,FreeTransferWorkspace,1.1,0.1,0.9,45,0.9,0.9938317000051029,50,0.03741740212288316,0.002290297725520591,SlideLeft -> LiftFromLeftSupport -> FreeTransferWorkspace,99,7,True,6.818659499986097,0.92,1.1,0.1,0.9,0.18333333333333335,-0.05,0.7,1.1,0.1,0.9,0.18333333333333335,-0.05,0.7,98,0.0,SlideLeft,0.18333333333333335,-0.05,0.7,8.12157679995289
ok,37,38,start-anchored,0,0.11335274483275258,-0.0010442881307229875,0.69999994,0.18333333333333335,0.0,0.7,0.7432640254021438,PlaceOnRightSupport,0.85,-0.1,0.7,49,0.9607843137254902,1.0222519999952056,51,0.0091613172801463,0.001188289803394815,SlideLeft -> LiftFromLeftSupport -> FreeTransferWorkspace -> PlaceOnRightSupport,100,7,True,6.972164699982386,0.92,0.85,-0.1,0.7,0.18333333333333335,0.0,0.7,0.85,-0.1,0.7,0.18333333333333335,0.0,0.7,99,0.0,SlideLeft,0.18333333333333335,0.0,0.7,8.311193499946967
ok,37,38,start-anchored,0,0.11335274483275258,-0.0010442881307229875,0.69999994,0.18333333333333335,0.0,0.7,0.7697021732183161,FreeTransferWorkspace,0.85,-0.1,0.9,46,0.9583333333333334,1.3154257999849506,48,0.009150793150318628,0.0012484101588637764,SlideLeft -> LiftFromLeftSupport -> FreeTransferWorkspace,95,7,True,6.806425099959597,0.92,0.85,-0.1,0.9,0.18333333333333335,0.0,0.7,0.85,-0.1,0.9,0.18333333333333335,0.0,0.7,94,0.0,SlideLeft,0.18333333333333335,0.0,0.7,8.421598900051322
ok,37,38,start-anchored,0,0.11335274483275258,-0.0010442881307229875,0.69999994,0.18333333333333335,0.0,0.7,0.7538714409499045,PlaceOnRightSupport,0.85,-0.05,0.7,47,0.9591836734693877,0.9247762999730185,49,0.009161099896817777,0.0010925707735895212,SlideLeft -> LiftFromLeftSupport -> FreeTransferWorkspace -> PlaceOnRightSupport,97,7,True,7.23748660000274,0.92,0.85,-0.05,0.7,0.18333333333333335,0.0,0.7,0.8665362484677875,-0.03324303549665785,0.7,0.18333333333333335,0.0,0.7,96,0.0,SlideLeft,0.18333333333333335,0.0,0.7,8.455850400030613
ok,37,38,start-anchored,0,0.11335274483275258,-0.0010442881307229875,0.69999994,0.18333333333333335,0.0,0.7,0.7648829088625729,FreeTransferWorkspace,0.85,-0.05,0.9,46,0.9583333333333334,0.8767149999621324,48,0.009150793150318628,0.001222174275093848,SlideLeft -> LiftFromLeftSupport -> FreeTransferWorkspace,94,7,True,6.852041299978737,0.92,0.85,-0.05,0.9,0.18333333333333335,0.0,0.7,0.85,-0.05,0.9,0.18333333333333335,0.0,0.7,93,0.0,SlideLeft,0.18333333333333335,0.0,0.7,8.05635909998091
ok,37,38,start-anchored,0,0.11335274483275258,-0.0010442881307229875,0.69999994,0.18333333333333335,0.0,0.7,0.7366479953703419,PlaceOnRightSupport,0.85,0.0,0.7,47,0.9591836734693877,0.963050700025633,49,0.009161099896817777,0.001080115826131557,SlideLeft -> LiftFromLeftSupport -> FreeTransferWorkspace -> PlaceOnRightSupport,96,7,True,6.990022399986628,0.92,0.85,0.0,0.7,0.18333333333333335,0.0,0.7,0.85,0.0,0.7,0.18333333333333335,0.0,0.7,95,0.0,SlideLeft,0.18333333333333335,0.0,0.7,8.26797590003116
ok,37,38,start-anchored,0,0.11335274483275258,-0.0010442881307229875,0.69999994,0.18333333333333335,0.0,0.7,0.7633153300459405,FreeTransferWorkspace,0.85,0.0,0.9,46,0.9583333333333334,0.8713767000008374,48,0.009150793150318628,0.0012065532717892666,SlideLeft -> LiftFromLeftSupport -> FreeTransferWorkspace,94,7,True,6.932919299986679,0.92,0.85,0.0,0.9,0.18333333333333335,0.0,0.7,0.85,0.0,0.9,0.18333333333333335,0.0,0.7,93,0.0,SlideLeft,0.18333333333333335,0.0,0.7,8.118617800006177
ok,37,38,start-anchored,0,0.11335274483275258,-0.0010442881307229875,0.69999994,0.18333333333333335,0.0,0.7,0.738413636044335,PlaceOnRightSupport,0.85,0.05000000000000002,0.7,47,0.9591836734693877,0.9738361000199802,49,0.009161099896817777,0.0010308550298031688,SlideLeft -> LiftFromLeftSupport -> FreeTransferWorkspace -> PlaceOnRightSupport,96,7,True,6.792807499994524,0.92,0.85,0.05000000000000002,0.7,0.18333333333333335,0.0,0.7,0.85,0.05000000000000002,0.7,0.18333333333333335,0.0,0.7,95,0.0,SlideLeft,0.18333333333333335,0.0,0.7,8.066476499952842
ok,37,38,start-anchored,0,0.11335274483275258,-0.0010442881307229875,0.69999994,0.18333333333333335,0.0,0.7,0.7650194258293155,FreeTransferWorkspace,0.85,0.05000000000000002,0.9,46,0.9583333333333334,0.90117409999948,48,0.009150793150318628,0.0012070746282247017,SlideLeft -> LiftFromLeftSupport -> FreeTransferWorkspace,94,7,True,7.0194615999935195,0.92,0.85,0.05000000000000002,0.9,0.18333333333333335,0.0,0.7,0.85,0.05000000000000002,0.9,0.18333333333333335,0.0,0.7,93,0.0,SlideLeft,0.18333333333333335,0.0,0.7,8.216220100002829
ok,37,38,start-anchored,0,0.11335274483275258,-0.0010442881307229875,0.69999994,0.18333333333333335,0.0,0.7,0.7435449728895273,PlaceOnRightSupport,0.85,0.1,0.7,46,0.9583333333333334,0.9448476000106893,48,0.009161099896817777,0.0010389658950987187,SlideLeft -> LiftFromLeftSupport -> FreeTransferWorkspace -> PlaceOnRightSupport,95,7,True,6.808619100018404,0.92,0.85,0.1,0.7,0.18333333333333335,0.0,0.7,0.85,0.1,0.7,0.18333333333333335,0.0,0.7,94,0.0,SlideLeft,0.18333333333333335,0.0,0.7,8.053319300001021
ok,37,38,start-anchored,0,0.11335274483275258,-0.0010442881307229875,0.69999994,0.18333333333333335,0.0,0.7,0.7699734740296499,FreeTransferWorkspace,0.85,0.1,0.9,46,0.9583333333333334,0.9727178000030108,48,0.009244290072923196,0.0012330156280249925,SlideLeft -> LiftFromLeftSupport -> FreeTransferWorkspace,94,7,True,7.092642200004775,0.92,0.85,0.1,0.9,0.18333333333333335,0.0,0.7,0.85,0.1,0.9,0.18333333333333335,0.0,0.7,93,0.0,SlideLeft,0.18333333333333335,0.0,0.7,8.417249499994796
ok,37,38,start-anchored,0,0.11335274483275258,-0.0010442881307229875,0.69999994,0.18333333333333335,0.0,0.7,0.8259300202979171,PlaceOnRightSupport,0.9333333333333333,-0.1,0.7,54,0.9642857142857143,1.0398739000083879,56,0.0091613172801463,0.0010263971248985003,SlideLeft -> LiftFromLeftSupport -> FreeTransferWorkspace -> PlaceOnRightSupport,110,7,True,6.851002499985043,0.92,0.9333333333333333,-0.1,0.7,0.18333333333333335,0.0,0.7,0.9333333333333333,-0.1,0.7,0.18333333333333335,0.0,0.7,109,0.0,SlideLeft,0.18333333333333335,0.0,0.7,8.185749500000384
ok,37,38,start-anchored,0,0.11335274483275258,-0.0010442881307229875,0.69999994,0.18333333333333335,0.0,0.7,0.8498002250113362,FreeTransferWorkspace,0.9333333333333333,-0.1,0.9,47,0.9591836734693877,0.896203999989666,49,0.010605332576086212,0.0014086488548003587,SlideLeft -> LiftFromLeftSupport -> FreeTransferWorkspace,96,7,True,7.067595999978948,0.92,0.9333333333333333,-0.1,0.9,0.18333333333333335,0.0,0.7,0.9333333333333333,-0.1,0.9,0.18333333333333335,0.0,0.7,95,0.0,SlideLeft,0.18333333333333335,0.0,0.7,8.262272500025574
ok,37,38,start-anchored,0,0.11335274483275258,-0.0010442881307229875,0.69999994,0.18333333333333335,0.0,0.7,0.821440702207037,PlaceOnRightSupport,0.9333333333333333,-0.05,0.7,48,0.96,0.8793096000445075,50,0.0091613172801463,0.001065690228633862,SlideLeft -> LiftFromLeftSupport -> FreeTransferWorkspace -> PlaceOnRightSupport,99,7,True,6.852275200013537,0.92,0.9333333333333333,-0.05,0.7,0.18333333333333335,0.0,0.7,0.9333333333333333,-0.05,0.7,0.18333333333333335,0.0,0.7,98,0.0,SlideLeft,0.18333333333333335,0.0,0.7,8.027114900003653
ok,37,38,start-anchored,0,0.11335274483275258,-0.0010442881307229875,0.69999994,0.18333333333333335,0.0,0.7,0.8454376684548602,FreeTransferWorkspace,0.9333333333333333,-0.05,0.9,47,0.9591836734693877,0.9502203000010923,49,0.011276335586804652,0.001386606453784841,SlideLeft -> LiftFromLeftSupport -> FreeTransferWorkspace,96,7,True,6.7451497000292875,0.92,0.9333333333333333,-0.05,0.9,0.18333333333333335,0.0,0.7,0.9333333333333333,-0.05,0.9,0.18333333333333335,0.0,0.7,95,0.0,SlideLeft,0.18333333333333335,0.0,0.7,7.979784599971026
ok,37,38,start-anchored,0,0.11335274483275258,-0.0010442881307229875,0.69999994,0.18333333333333335,0.0,0.7,0.8199812534780672,PlaceOnRightSupport,0.9333333333333333,0.0,0.7,48,0.96,1.0645375000312924,50,0.0091613172801463,0.0010444035140900689,SlideLeft -> LiftFromLeftSupport -> FreeTransferWorkspace -> PlaceOnRightSupport,98,7,True,6.681811399990693,0.92,0.9333333333333333,0.0,0.7,0.18333333333333335,0.0,0.7,0.9333333333333333,0.0,0.7,0.18333333333333335,0.0,0.7,97,0.0,SlideLeft,0.18333333333333335,0.0,0.7,8.019951900001615
ok,37,38,start-anchored,0,0.11335274483275258,-0.0010442881307229875,0.69999994,0.18333333333333335,0.0,0.7,0.8440197154423955,FreeTransferWorkspace,0.9333333333333333,0.0,0.9,46,0.9583333333333334,0.889100199972745,48,0.011443382176489492,0.001367497073690939,SlideLeft -> LiftFromLeftSupport -> FreeTransferWorkspace,95,7,True,7.088169599999674,0.92,0.9333333333333333,0.0,0.9,0.18333333333333335,0.0,0.7,0.9333333333333333,0.0,0.9,0.18333333333333335,0.0,0.7,94,0.0,SlideLeft,0.18333333333333335,0.0,0.7,8.294173299975228
ok,37,38,start-anchored,0,0.11335274483275258,-0.0010442881307229875,0.69999994,0.18333333333333335,0.0,0.7,0.8215678212226515,PlaceOnRightSupport,0.9333333333333333,0.05000000000000002,0.7,47,0.9591836734693877,0.9429780000355095,49,0.0091613172801463,0.0011023535560908588,SlideLeft -> LiftFromLeftSupport -> FreeTransferWorkspace -> PlaceOnRightSupport,97,7,True,6.999405800015666,0.92,0.9333333333333333,0.05000000000000002,0.7,0.18333333333333335,0.0,0.7,0.9333333333333333,0.05000000000000002,0.7,0.18333333333333335,0.0,0.7,96,0.0,SlideLeft,0.18333333333333335,0.0,0.7,8.244971300009638
ok,37,38,start-anchored,0,0.11335274483275258,-0.0010442881307229875,0.69999994,0.18333333333333335,0.0,0.7,0.8455611798495332,FreeTransferWorkspace,0.9333333333333333,0.05000000000000002,0.9,46,0.9583333333333334,0.9113262000028044,48,0.011822608912743181,0.001379747856473351,SlideLeft -> LiftFromLeftSupport -> FreeTransferWorkspace,95,7,True,7.036759199982043,0.92,0.9333333333333333,0.05000000000000002,0.9,0.18333333333333335,0.0,0.7,0.9333333333333333,0.05000000000000002,0.9,0.18333333333333335,0.0,0.7,94,0.0,SlideLeft,0.18333333333333335,0.0,0.7,8.263373900030274
ok,37,38,start-anchored,0,0.11335274483275258,-0.0010442881307229875,0.69999994,0.18333333333333335,0.0,0.7,0.8261828572910521,PlaceOnRightSupport,0.9333333333333333,0.1,0.7,47,0.9591836734693877,0.9405488999909721,49,0.0091613172801463,0.0011636552693001182,SlideLeft -> LiftFromLeftSupport -> FreeTransferWorkspace -> PlaceOnRightSupport,97,7,True,6.784010500006843,0.92,0.9333333333333333,0.1,0.7,0.18333333333333335,0.0,0.7,0.9333333333333333,0.1,0.7,0.18333333333333335,0.0,0.7,96,0.0,SlideLeft,0.18333333333333335,0.0,0.7,8.045789700001478
ok,37,38,start-anchored,0,0.11335274483275258,-0.0010442881307229875,0.69999994,0.18333333333333335,0.0,0.7,0.8500459620994661,FreeTransferWorkspace,0.9333333333333333,0.1,0.9,46,0.9583333333333334,0.934229200007394,48,0.013262138199786016,0.001425711655265518,SlideLeft -> LiftFromLeftSupport -> FreeTransferWorkspace,95,7,True,6.981673699978273,0.92,0.9333333333333333,0.1,0.9,0.18333333333333335,0.0,0.7,0.9333333333333333,0.1,0.9,0.18333333333333335,0.0,0.7,94,0.0,SlideLeft,0.18333333333333335,0.0,0.7,8.219472200027667
ok,37,38,start-anchored,0,0.11335274483275258,-0.0010442881307229875,0.69999994,0.18333333333333335,0.0,0.7,0.9087179288924179,PlaceOnRightSupport,1.0166666666666666,-0.1,0.7,54,0.9642857142857143,1.0906074999948032,56,0.0091613172801463,0.0009955224076827853,SlideLeft -> LiftFromLeftSupport -> FreeTransferWorkspace -> PlaceOnRightSupport,110,7,True,6.922922199999448,0.92,1.0166666666666666,-0.1,0.7,0.18333333333333335,0.0,0.7,1.0166666666666666,-0.1,0.7,0.18333333333333335,0.0,0.7,109,0.0,SlideLeft,0.18333333333333335,0.0,0.7,8.316106799989939
ok,37,38,start-anchored,0,0.11335274483275258,-0.0010442881307229875,0.69999994,0.18333333333333335,0.0,0.7,0.9304667099313793,FreeTransferWorkspace,1.0166666666666666,-0.1,0.9,47,0.9591836734693877,0.9444956000079401,49,0.014175313414905811,0.00161030658113147,SlideLeft -> LiftFromLeftSupport -> FreeTransferWorkspace,97,7,True,7.064942399971187,0.92,1.0166666666666666,-0.1,0.9,0.18333333333333335,0.0,0.7,1.0166666666666666,-0.1,0.9,0.18333333333333335,0.0,0.7,96,0.0,SlideLeft,0.18333333333333335,0.0,0.7,8.308275300019886
ok,37,38,start-anchored,0,0.11335274483275258,-0.0010442881307229875,0.69999994,0.18333333333333335,0.0,0.7,0.9046395431903238,PlaceOnRightSupport,1.0166666666666666,-0.05,0.7,53,0.9636363636363636,1.015051599999424,55,0.0091613172801463,0.0010358708722034199,SlideLeft -> LiftFromLeftSupport -> FreeTransferWorkspace -> PlaceOnRightSupport,109,7,True,7.264771500020288,0.92,1.0166666666666666,-0.05,0.7,0.18333333333333335,0.0,0.7,1.0166666666666666,-0.05,0.7,0.18333333333333335,0.0,0.7,108,0.0,SlideLeft,0.18333333333333335,0.0,0.7,8.577999099972658
ok,37,38,start-anchored,0,0.11335274483275258,-0.0010442881307229875,0.69999994,0.18333333333333335,0.0,0.7,0.9264840673770909,FreeTransferWorkspace,1.0166666666666666,-0.05,0.9,47,0.9591836734693877,0.9614317999803461,49,0.012968753365215127,0.0015921556688064053,SlideLeft -> LiftFromLeftSupport -> FreeTransferWorkspace,97,7,True,6.8763041000347584,0.92,1.0166666666666666,-0.05,0.9,0.18333333333333335,0.0,0.7,1.0166666666666666,-0.05,0.9,0.18333333333333335,0.0,0.7,96,0.0,SlideLeft,0.18333333333333335,0.0,0.7,8.15201259998139
ok,37,38,start-anchored,0,0.11335274483275258,-0.0010442881307229875,0.69999994,0.18333333333333335,0.0,0.7,0.9033145254653386,PlaceOnRightSupport,1.0166666666666666,0.0,0.7,54,0.9642857142857143,1.0330770000000484,56,0.0091613172801463,0.001064978018961186,SlideLeft -> LiftFromLeftSupport -> FreeTransferWorkspace -> PlaceOnRightSupport,110,7,True,7.34932649997063,0.92,1.0166666666666666,0.0,0.7,0.18333333333333335,0.0,0.7,1.0166666666666666,0.0,0.7,0.18333333333333335,0.0,0.7,109,0.0,SlideLeft,0.18333333333333335,0.0,0.7,8.70478730002651
ok,37,38,start-anchored,0,0.11335274483275258,-0.0010442881307229875,0.69999994,0.18333333333333335,0.0,0.7,0.9251903349671732,FreeTransferWorkspace,1.0166666666666666,0.0,0.9,47,0.9591836734693877,1.2707461999962106,49,0.012766442934733595,0.0016047100944237029,SlideLeft -> LiftFromLeftSupport -> FreeTransferWorkspace,97,7,True,6.863097299996298,0.92,1.0166666666666666,0.0,0.9,0.18333333333333335,0.0,0.7,1.0166666666666666,0.0,0.9,0.18333333333333335,0.0,0.7,96,0.0,SlideLeft,0.18333333333333335,0.0,0.7,8.66295570001239
ok,37,38,start-anchored,0,0.11335274483275258,-0.0010442881307229875,0.69999994,0.18333333333333335,0.0,0.7,0.9047549727576756,PlaceOnRightSupport,1.0166666666666666,0.05000000000000002,0.7,49,0.9607843137254902,1.0192534999805503,51,0.0091613172801463,0.0012171998716155109,SlideLeft -> LiftFromLeftSupport -> FreeTransferWorkspace -> PlaceOnRightSupport,100,7,True,7.337735100009013,0.92,1.0166666666666666,0.05000000000000002,0.7,0.18333333333333335,0.0,0.7,1.0166666666666666,0.05000000000000002,0.7,0.18333333333333335,0.0,0.7,99,0.0,SlideLeft,0.18333333333333335,0.0,0.7,8.688613099977374
ok,37,38,start-anchored,0,0.11335274483275258,-0.0010442881307229875,0.69999994,0.18333333333333335,0.0,0.7,0.9265967756957404,FreeTransferWorkspace,1.0166666666666666,0.05000000000000002,0.9,47,0.9591836734693877,0.8939543999731541,49,0.013812136818924152,0.0016583846943816947,SlideLeft -> LiftFromLeftSupport -> FreeTransferWorkspace,97,7,True,7.011457699991297,0.92,1.0166666666666666,0.05000000000000002,0.9,0.18333333333333335,0.0,0.7,1.0166666666666666,0.05000000000000002,0.9,0.18333333333333335,0.0,0.7,96,0.0,SlideLeft,0.18333333333333335,0.0,0.7,8.205947099952027
ok,37,38,start-anchored,0,0.11335274483275258,-0.0010442881307229875,0.69999994,0.18333333333333335,0.0,0.7,0.9089477375200483,PlaceOnRightSupport,1.0166666666666666,0.1,0.7,48,0.96,0.8831361000193283,50,0.009298149172098855,0.0012960415333745185,SlideLeft -> LiftFromLeftSupport -> FreeTransferWorkspace -> PlaceOnRightSupport,99,7,True,6.968035000027157,0.92,1.0166666666666666,0.1,0.7,0.18333333333333335,0.0,0.7,1.0166666666666666,0.1,0.7,0.18333333333333335,0.0,0.7,98,0.0,SlideLeft,0.18333333333333335,0.0,0.7,8.158671199984383
ok,37,38,start-anchored,0,0.11335274483275258,-0.0010442881307229875,0.69999994,0.18333333333333335,0.0,0.7,0.9306911483101227,FreeTransferWorkspace,1.0166666666666666,0.1,0.9,46,0.9387755102040817,0.9933224000269547,49,0.016837034399462426,0.001777425670039143,SlideLeft -> LiftFromLeftSupport -> FreeTransferWorkspace,97,7,True,6.956635500013363,0.92,1.0166666666666666,0.1,0.9,0.18333333333333335,0.0,0.7,1.0166666666666666,0.1,0.9,0.18333333333333335,0.0,0.7,96,0.0,SlideLeft,0.18333333333333335,0.0,0.7,8.251063300005626
ok,37,38,start-anchored,0,0.11335274483275258,-0.0010442881307229875,0.69999994,0.18333333333333335,0.0,0.7,0.9915972161319446,PlaceOnRightSupport,1.1,-0.1,0.7,54,0.9642857142857143,1.0479129999876022,56,0.0091613172801463,0.0011496023476460823,SlideLeft -> LiftFromLeftSupport -> FreeTransferWorkspace -> PlaceOnRightSupport,111,7,True,7.161470699997153,0.92,1.1,-0.1,0.7,0.18333333333333335,0.0,0.7,1.1,-0.1,0.7,0.18333333333333335,0.0,0.7,110,0.0,SlideLeft,0.18333333333333335,0.0,0.7,8.49861820001388
ok,37,38,start-anchored,0,0.11335274483275258,-0.0010442881307229875,0.69999994,0.18333333333333335,0.0,0.7,1.0115656493973204,FreeTransferWorkspace,1.1,-0.1,0.9,47,0.94,1.0224063000059687,50,0.01738235878255769,0.0019370427297827756,SlideLeft -> LiftFromLeftSupport -> FreeTransferWorkspace,98,7,True,6.782645999977831,0.92,1.1,-0.1,0.9,0.18333333333333335,0.0,0.7,1.1,-0.1,0.9,0.18333333333333335,0.0,0.7,97,0.0,SlideLeft,0.18333333333333335,0.0,0.7,8.113240799983032
ok,37,38,start-anchored,0,0.11335274483275258,-0.0010442881307229875,0.69999994,0.18333333333333335,0.0,0.7,0.9878610569577561,PlaceOnRightSupport,1.1,-0.05,0.7,54,0.9642857142857143,1.0889174000476487,56,0.0091613172801463,0.0011804347949881146,SlideLeft -> LiftFromLeftSupport -> FreeTransferWorkspace -> PlaceOnRightSupport,111,7,True,6.991455400013365,0.92,1.1,-0.05,0.7,0.18333333333333335,0.0,0.7,1.1,-0.05,0.7,0.18333333333333335,0.0,0.7,110,0.0,SlideLeft,0.18333333333333335,0.0,0.7,8.39819640002679
ok,37,38,start-anchored,0,0.11335274483275258,-0.0010442881307229875,0.69999994,0.18333333333333335,0.0,0.7,1.0079035131666598,FreeTransferWorkspace,1.1,-0.05,0.9,47,0.94,0.9703301000408828,50,0.018937356634587375,0.0019689539599291486,SlideLeft -> LiftFromLeftSupport -> FreeTransferWorkspace,98,7,True,7.003005200007465,0.92,1.1,-0.05,0.9,0.18333333333333335,0.0,0.7,1.1,-0.05,0.9,0.18333333333333335,0.0,0.7,97,0.0,SlideLeft,0.18333333333333335,0.0,0.7,8.284496599982958
ok,37,38,start-anchored,0,0.11335274483275258,-0.0010442881307229875,0.69999994,0.18333333333333335,0.0,0.7,0.9866478078153151,PlaceOnRightSupport,1.1,0.0,0.7,53,0.9464285714285714,1.1317410999909043,56,0.010110449360341719,0.001223455591638207,SlideLeft -> LiftFromLeftSupport -> FreeTransferWorkspace -> PlaceOnRightSupport,111,7,True,7.040266399970278,0.92,1.1,0.0,0.7,0.18333333333333335,0.0,0.7,1.1,0.0,0.7,0.18333333333333335,0.0,0.7,110,0.0,SlideLeft,0.18333333333333335,0.0,0.7,8.490096699970309
ok,37,38,start-anchored,0,0.11335274483275258,-0.0010442881307229875,0.69999994,0.18333333333333335,0.0,0.7,1.00671441862465,FreeTransferWorkspace,1.1,0.0,0.9,46,0.92,1.0185544999549165,50,0.021675743685828683,0.002069424939410307,SlideLeft -> LiftFromLeftSupport -> FreeTransferWorkspace,98,7,True,6.908866700017825,0.92,1.1,0.0,0.9,0.18333333333333335,0.0,0.7,1.1,0.0,0.9,0.18333333333333335,0.0,0.7,97,0.0,SlideLeft,0.18333333333333335,0.0,0.7,8.370089900039602
ok,37,38,start-anchored,0,0.11335274483275258,-0.0010442881307229875,0.69999994,0.18333333333333335,0.0,0.7,0.9879667633477552,PlaceOnRightSupport,1.1,0.05000000000000002,0.7,53,0.9464285714285714,1.1295727999531664,56,0.013300531463462367,0.0012811201364324423,SlideLeft -> LiftFromLeftSupport -> FreeTransferWorkspace -> PlaceOnRightSupport,111,7,True,6.969584400008898,0.92,1.1,0.05000000000000002,0.7,0.18333333333333335,0.0,0.7,1.1,0.05000000000000002,0.7,0.18333333333333335,0.0,0.7,110,0.0,SlideLeft,0.18333333333333335,0.0,0.7,8.419218800030649
ok,37,38,start-anchored,0,0.11335274483275258,-0.0010442881307229875,0.69999994,0.18333333333333335,0.0,0.7,1.0080071177724093,FreeTransferWorkspace,1.1,0.05000000000000002,0.9,46,0.92,1.0061678999918513,50,0.026209673077015452,0.0022817451207358228,SlideLeft -> LiftFromLeftSupport -> FreeTransferWorkspace,98,7,True,6.8540943000116386,0.92,1.1,0.05000000000000002,0.9,0.18333333333333335,0.0,0.7,1.1,0.05000000000000002,0.9,0.18333333333333335,0.0,0.7,97,0.0,SlideLeft,0.18333333333333335,0.0,0.7,8.16311720001977
ok,37,38,start-anchored,0,0.11335274483275258,-0.0010442881307229875,0.69999994,0.18333333333333335,0.0,0.7,0.9918078212501209,PlaceOnRightSupport,1.1,0.1,0.7,53,0.9298245614035088,1.0845355999772437,57,0.015331163221319567,0.0013791043328924722,SlideLeft -> LiftFromLeftSupport -> FreeTransferWorkspace -> PlaceOnRightSupport,112,7,True,6.927766299981158,0.92,1.1,0.1,0.7,0.18333333333333335,0.0,0.7,1.1,0.1,0.7,0.18333333333333335,0.0,0.7,111,0.0,SlideLeft,0.18333333333333335,0.0,0.7,8.308745599992108
ok,37,38,start-anchored,0,0.11335274483275258,-0.0010442881307229875,0.69999994,0.18333333333333335,0.0,0.7,1.0117720980007858,FreeTransferWorkspace,1.1,0.1,0.9,46,0.92,0.9871663000085391,50,0.03353497731941441,0.002676967046201739,SlideLeft -> LiftFromLeftSupport -> FreeTransferWorkspace,98,7,True,6.759393000043929,0.92,1.1,0.1,0.9,0.18333333333333335,0.0,0.7,1.1,0.1,0.9,0.18333333333333335,0.0,0.7,97,0.0,SlideLeft,0.18333333333333335,0.0,0.7,8.052419500018004
ok,1,2,start-anchored,0,0.15892156497994492,0.03219390152411287,0.6999999415631544,0.18333333333333335,0.05000000000000002,0.7,0.703608293690416,PlaceOnRightSupport,0.85,-0.1,0.7,12,0.8,0.3579621000098996,15,0.007778313929283092,0.0034251533828347893,SlideLeft -> LiftFromLeftSupport -> FreeTransferWorkspace -> PlaceOnRightSupport,29,7,True,6.908679699990898,0.92,0.85,-0.1,0.7,0.18333333333333335,0.05000000000000002,0.7,0.85,-0.1,0.7,0.18333333333333335,0.05000000000000002,0.7,28,0.0,SlideLeft,0.18333333333333335,0.05000000000000002,0.7,7.569449800008442
ok,1,2,start-anchored,0,0.15892156497994492,0.03219390152411287,0.6999999415631544,0.18333333333333335,0.05000000000000002,0.7,0.7314811373676542,FreeTransferWorkspace,0.85,-0.1,0.9,10,0.7692307692307693,0.3231138000264764,13,0.007932219084522886,0.004005402987261991,SlideLeft -> LiftFromLeftSupport -> FreeTransferWorkspace,24,7,True,6.92647120001493,0.92,0.85,-0.1,0.9,0.18333333333333335,0.05000000000000002,0.7,0.85,-0.1,0.9,0.18333333333333335,0.05000000000000002,0.7,23,0.0,SlideLeft,0.18333333333333335,0.05000000000000002,0.7,7.5545339999953285
ok,1,2,start-anchored,0,0.15892156497994492,0.03219390152411287,0.6999999415631544,0.18333333333333335,0.05000000000000002,0.7,0.7106338952050228,PlaceOnRightSupport,0.85,-0.05,0.7,11,0.7857142857142857,0.3174721999675967,14,0.007777828132566262,0.0033997939802171114,SlideLeft -> LiftFromLeftSupport -> FreeTransferWorkspace -> PlaceOnRightSupport,26,7,True,7.126479399972595,0.92,0.85,-0.05,0.7,0.18333333333333335,0.05000000000000002,0.7,0.8665362484677875,-0.03324303549665785,0.7,0.18333333333333335,0.05000000000000002,0.7,25,0.0,SlideLeft,0.18333333333333335,0.05000000000000002,0.7,7.738690799975302
ok,1,2,start-anchored,0,0.15892156497994492,0.03219390152411287,0.6999999415631544,0.18333333333333335,0.05000000000000002,0.7,0.7241168857113233,FreeTransferWorkspace,0.85,-0.05,0.9,9,0.75,0.2754175000009127,12,0.007775732281699921,0.004142971572388255,SlideLeft -> LiftFromLeftSupport -> FreeTransferWorkspace,23,7,True,6.8621947999927215,0.92,0.85,-0.05,0.9,0.18333333333333335,0.05000000000000002,0.7,0.85,-0.05,0.9,0.18333333333333335,0.05000000000000002,0.7,22,0.0,SlideLeft,0.18333333333333335,0.05000000000000002,0.7,7.45238909998443
ok,1,2,start-anchored,0,0.15892156497994492,0.03219390152411287,0.6999999415631544,0.18333333333333335,0.05000000000000002,0.7,0.6918279053674521,PlaceOnRightSupport,0.85,0.0,0.7,10,0.7692307692307693,0.2719284999766387,13,0.007777828132566262,0.0034698113443701927,SlideLeft -> LiftFromLeftSupport -> FreeTransferWorkspace -> PlaceOnRightSupport,25,7,True,6.923163199971896,0.92,0.85,0.0,0.7,0.18333333333333335,0.05000000000000002,0.7,0.85,0.0,0.7,0.18333333333333335,0.05000000000000002,0.7,24,0.0,SlideLeft,0.18333333333333335,0.05000000000000002,0.7,7.48999139998341
ok,1,2,start-anchored,0,0.15892156497994492,0.03219390152411287,0.6999999415631544,0.18333333333333335,0.05000000000000002,0.7,0.7201568398757693,FreeTransferWorkspace,0.85,0.0,0.9,9,0.75,0.3236900999909267,12,0.007775732281699921,0.004074399541562913,SlideLeft -> LiftFromLeftSupport -> FreeTransferWorkspace,23,7,True,6.799322900013067,0.92,0.85,0.0,0.9,0.18333333333333335,0.05000000000000002,0.7,0.85,0.0,0.9,0.18333333333333335,0.05000000000000002,0.7,22,0.0,SlideLeft,0.18333333333333335,0.05000000000000002,0.7,7.425837600021623
ok,1,2,start-anchored,0,0.15892156497994492,0.03219390152411287,0.6999999415631544,0.18333333333333335,0.05000000000000002,0.7,0.6913077899841031,PlaceOnRightSupport,0.85,0.05000000000000002,0.7,10,0.7692307692307693,0.28782939998200163,13,0.007777828132566262,0.0032812947438050685,SlideLeft -> LiftFromLeftSupport -> FreeTransferWorkspace -> PlaceOnRightSupport,25,7,True,7.026734399958514,0.92,0.85,0.05000000000000002,0.7,0.18333333333333335,0.05000000000000002,0.7,0.85,0.05000000000000002,0.7,0.18333333333333335,0.05000000000000002,0.7,24,0.0,SlideLeft,0.18333333333333335,0.05000000000000002,0.7,7.601856800029054
ok,1,2,start-anchored,0,0.15892156497994492,0.03219390152411287,0.6999999415631544,0.18333333333333335,0.05000000000000002,0.7,0.7196571988575138,FreeTransferWorkspace,0.85,0.05000000000000002,0.9,9,0.75,0.3049656000221148,12,0.007775732281699921,0.004068921775529568,SlideLeft -> LiftFromLeftSupport -> FreeTransferWorkspace,23,7,True,6.884155899984762,0.92,0.85,0.05000000000000002,0.9,0.18333333333333335,0.05000000000000002,0.7,0.85,0.05000000000000002,0.9,0.18333333333333335,0.05000000000000002,0.7,22,0.0,SlideLeft,0.18333333333333335,0.05000000000000002,0.7,7.484925400000066
ok,1,2,start-anchored,0,0.15892156497994492,0.03219390152411287,0.6999999415631544,0.18333333333333335,0.05000000000000002,0.7,0.6943969112404617,PlaceOnRightSupport,0.85,0.1,0.7,10,0.7692307692307693,0.3334446999942884,13,0.007777828132566262,0.003361027051793989,SlideLeft -> LiftFromLeftSupport -> FreeTransferWorkspace -> PlaceOnRightSupport,24,7,True,7.09755090001272,0.92,0.85,0.1,0.7,0.18333333333333335,0.05000000000000002,0.7,0.85,0.1,0.7,0.18333333333333335,0.05000000000000002,0.7,23,0.0,SlideLeft,0.18333333333333335,0.05000000000000002,0.7,7.730627699987963
ok,1,2,start-anchored,0,0.15892156497994492,0.03219390152411287,0.6999999415631544,0.18333333333333335,0.05000000000000002,0.7,0.7226251405224093,FreeTransferWorkspace,0.85,0.1,0.9,9,0.75,0.2865297999815084,12,0.007812109796423332,0.004154172022325461,SlideLeft -> LiftFromLeftSupport -> FreeTransferWorkspace,23,7,True,7.073621699993964,0.92,0.85,0.1,0.9,0.18333333333333335,0.05000000000000002,0.7,0.85,0.1,0.9,0.18333333333333335,0.05000000000000002,0.7,22,0.0,SlideLeft,0.18333333333333335,0.05000000000000002,0.7,7.668831999995746
ok,1,2,start-anchored,0,0.15892156497994492,0.03219390152411287,0.6999999415631544,0.18333333333333335,0.05000000000000002,0.7,0.7856136547721103,PlaceOnRightSupport,0.9333333333333333,-0.1,0.7,17,0.85,0.42926549998810515,20,0.007778313929283092,0.002494256080120753,SlideLeft -> LiftFromLeftSupport -> FreeTransferWorkspace -> PlaceOnRightSupport,39,7,True,6.939460900030099,0.92,0.9333333333333333,-0.1,0.7,0.18333333333333335,0.05000000000000002,0.7,0.9333333333333333,-0.1,0.7,0.18333333333333335,0.05000000000000002,0.7,38,0.0,SlideLeft,0.18333333333333335,0.05000000000000002,0.7,7.6843953000498
ok,1,2,start-anchored,0,0.15892156497994492,0.03219390152411287,0.6999999415631544,0.18333333333333335,0.05000000000000002,0.7,0.8106718435588661,FreeTransferWorkspace,0.9333333333333333,-0.1,0.9,10,0.7692307692307693,0.331518099992536,13,0.009091110478290806,0.004584517312116539,SlideLeft -> LiftFromLeftSupport -> FreeTransferWorkspace,25,7,True,6.975886700034607,0.92,0.9333333333333333,-0.1,0.9,0.18333333333333335,0.05000000000000002,0.7,0.9333333333333333,-0.1,0.9,0.18333333333333335,0.05000000000000002,0.7,24,0.0,SlideLeft,0.18333333333333335,0.05000000000000002,0.7,7.628360699978657
ok,1,2,start-anchored,0,0.15892156497994492,0.03219390152411287,0.6999999415631544,0.18333333333333335,0.05000000000000002,0.7,0.778761468237856,PlaceOnRightSupport,0.9333333333333333,-0.05,0.7,12,0.8,0.36181900004157797,15,0.007778313929283092,0.003155580228654628,SlideLeft -> LiftFromLeftSupport -> FreeTransferWorkspace -> PlaceOnRightSupport,28,7,True,6.961804000020493,0.92,0.9333333333333333,-0.05,0.7,0.18333333333333335,0.05000000000000002,0.7,0.9333333333333333,-0.05,0.7,0.18333333333333335,0.05000000000000002,0.7,27,0.0,SlideLeft,0.18333333333333335,0.05000000000000002,0.7,7.626124100002926
ok,1,2,start-anchored,0,0.15892156497994492,0.03219390152411287,0.6999999415631544,0.18333333333333335,0.05000000000000002,0.7,0.8040332379862908,FreeTransferWorkspace,0.9333333333333333,-0.05,0.9,10,0.7692307692307693,0.30242160003399476,13,0.008481751134519766,0.004487570350611154,SlideLeft -> LiftFromLeftSupport -> FreeTransferWorkspace,25,7,True,6.956275000004098,0.92,0.9333333333333333,-0.05,0.9,0.18333333333333335,0.05000000000000002,0.7,0.9333333333333333,-0.05,0.9,0.18333333333333335,0.05000000000000002,0.7,24,0.0,SlideLeft,0.18333333333333335,0.05000000000000002,0.7,7.551224399998318
ok,1,2,start-anchored,0,0.15892156497994492,0.03219390152411287,0.6999999415631544,0.18333333333333335,0.05000000000000002,0.7,0.7750806630664772,PlaceOnRightSupport,0.9333333333333333,0.0,0.7,11,0.7857142857142857,0.3341849999851547,14,0.007778313929283092,0.0031862331419501215,SlideLeft -> LiftFromLeftSupport -> FreeTransferWorkspace -> PlaceOnRightSupport,27,7,True,6.902224000019487,0.92,0.9333333333333333,0.0,0.7,0.18333333333333335,0.05000000000000002,0.7,0.9333333333333333,0.0,0.7,0.18333333333333335,0.05000000000000002,0.7,26,0.0,SlideLeft,0.18333333333333335,0.05000000000000002,0.7,7.532846799993422
ok,1,2,start-anchored,0,0.15892156497994492,0.03219390152411287,0.6999999415631544,0.18333333333333335,0.05000000000000002,0.7,0.8004686487516598,FreeTransferWorkspace,0.9333333333333333,0.0,0.9,10,0.7692307692307693,0.3305121000157669,13,0.009293283780889387,0.004463197542144231,SlideLeft -> LiftFromLeftSupport -> FreeTransferWorkspace,24,7,True,6.948212299961597,0.92,0.9333333333333333,0.0,0.9,0.18333333333333335,0.05000000000000002,0.7,0.9333333333333333,0.0,0.9,0.18333333333333335,0.05000000000000002,0.7,23,0.0,SlideLeft,0.18333333333333335,0.05000000000000002,0.7,7.582583800016437
ok,1,2,start-anchored,0,0.15892156497994492,0.03219390152411287,0.6999999415631544,0.18333333333333335,0.05000000000000002,0.7,0.7746164496750366,PlaceOnRightSupport,0.9333333333333333,0.05000000000000002,0.7,11,0.7857142857142857,0.342924700002186,14,0.007778313929283092,0.0033621406493726217,SlideLeft -> LiftFromLeftSupport -> FreeTransferWorkspace -> PlaceOnRightSupport,26,7,True,7.2362321999971755,0.92,0.9333333333333333,0.05000000000000002,0.7,0.18333333333333335,0.05000000000000002,0.7,0.9333333333333333,0.05000000000000002,0.7,0.18333333333333335,0.05000000000000002,0.7,25,0.0,SlideLeft,0.18333333333333335,0.05000000000000002,0.7,7.904683000000659
ok,1,2,start-anchored,0,0.15892156497994492,0.03219390152411287,0.6999999415631544,0.18333333333333335,0.05000000000000002,0.7,0.800019166946578,FreeTransferWorkspace,0.9333333333333333,0.05000000000000002,0.9,10,0.7692307692307693,0.31536229996709153,13,0.010417666520512259,0.004533693794021399,SlideLeft -> LiftFromLeftSupport -> FreeTransferWorkspace,24,7,True,7.084860600007232,0.92,0.9333333333333333,0.05000000000000002,0.9,0.18333333333333335,0.05000000000000002,0.7,0.9333333333333333,0.05000000000000002,0.9,0.18333333333333335,0.05000000000000002,0.7,23,0.0,SlideLeft,0.18333333333333335,0.05000000000000002,0.7,7.709031000034884
ok,1,2,start-anchored,0,0.15892156497994492,0.03219390152411287,0.6999999415631544,0.18333333333333335,0.05000000000000002,0.7,0.77737459049981,PlaceOnRightSupport,0.9333333333333333,0.1,0.7,11,0.7857142857142857,0.31991449999623,14,0.007778313929283092,0.0035369926304281217,SlideLeft -> LiftFromLeftSupport -> FreeTransferWorkspace -> PlaceOnRightSupport,26,7,True,7.05913030001102,0.92,0.9333333333333333,0.1,0.7,0.18333333333333335,0.05000000000000002,0.7,0.9333333333333333,0.1,0.7,0.18333333333333335,0.05000000000000002,0.7,25,0.0,SlideLeft,0.18333333333333335,0.05000000000000002,0.7,7.681155500002205
ok,1,2,start-anchored,0,0.15892156497994492,0.03219390152411287,0.6999999415631544,0.18333333333333335,0.05000000000000002,0.7,0.802690025682072,FreeTransferWorkspace,0.9333333333333333,0.1,0.9,10,0.7692307692307693,0.3237472999608144,13,0.012041704873712917,0.004740890545001956,SlideLeft -> LiftFromLeftSupport -> FreeTransferWorkspace,24,7,True,6.994201899971813,0.92,0.9333333333333333,0.1,0.9,0.18333333333333335,0.05000000000000002,0.7,0.9333333333333333,0.1,0.9,0.18333333333333335,0.05000000000000002,0.7,23,0.0,SlideLeft,0.18333333333333335,0.05000000000000002,0.7,7.641957600018941
ok,1,2,start-anchored,0,0.15892156497994492,0.03219390152411287,0.6999999415631544,0.18333333333333335,0.05000000000000002,0.7,0.8678720453314157,PlaceOnRightSupport,1.0166666666666666,-0.1,0.7,17,0.85,0.40851360000669956,20,0.007778313929283092,0.0024183371076326875,SlideLeft -> LiftFromLeftSupport -> FreeTransferWorkspace -> PlaceOnRightSupport,39,7,True,6.861363500007428,0.92,1.0166666666666666,-0.1,0.7,0.18333333333333335,0.05000000000000002,0.7,1.0166666666666666,-0.1,0.7,0.18333333333333335,0.05000000000000002,0.7,38,0.0,SlideLeft,0.18333333333333335,0.05000000000000002,0.7,7.5788092000293545
ok,1,2,start-anchored,0,0.15892156497994492,0.03219390152411287,0.6999999415631544,0.18333333333333335,0.05000000000000002,0.7,0.8906188356656696,FreeTransferWorkspace,1.0166666666666666,-0.1,0.9,11,0.7857142857142857,0.353805199963972,14,0.013961403502154975,0.0051616382037371344,SlideLeft -> LiftFromLeftSupport -> FreeTransferWorkspace,26,7,True,6.947731100022793,0.92,1.0166666666666666,-0.1,0.9,0.18333333333333335,0.05000000000000002,0.7,1.0166666666666666,-0.1,0.9,0.18333333333333335,0.05000000000000002,0.7,25,0.0,SlideLeft,0.18333333333333335,0.05000000000000002,0.7,7.606506899988744
ok,1,2,start-anchored,0,0.15892156497994492,0.03219390152411287,0.6999999415631544,0.18333333333333335,0.05000000000000002,0.7,0.8616742406010078,PlaceOnRightSupport,1.0166666666666666,-0.05,0.7,17,0.85,0.45592050004052,20,0.007778313929283092,0.0024874603705876993,SlideLeft -> LiftFromLeftSupport -> FreeTransferWorkspace -> PlaceOnRightSupport,38,7,True,6.758523900003638,0.92,1.0166666666666666,-0.05,0.7,0.18333333333333335,0.05000000000000002,0.7,1.0166666666666666,-0.05,0.7,0.18333333333333335,0.05000000000000002,0.7,37,0.0,SlideLeft,0.18333333333333335,0.05000000000000002,0.7,7.518291699991096
ok,1,2,start-anchored,0,0.15892156497994492,0.03219390152411287,0.6999999415631544,0.18333333333333335,0.05000000000000002,0.7,0.8845804204763192,FreeTransferWorkspace,1.0166666666666666,-0.05,0.9,11,0.7857142857142857,0.35550900001544505,14,0.01475678622284271,0.005117004029276193,SlideLeft -> LiftFromLeftSupport -> FreeTransferWorkspace,26,7,True,7.228792700043414,0.92,1.0166666666666666,-0.05,0.9,0.18333333333333335,0.05000000000000002,0.7,1.0166666666666666,-0.05,0.9,0.18333333333333335,0.05000000000000002,0.7,25,0.0,SlideLeft,0.18333333333333335,0.05000000000000002,0.7,7.901344599958975
ok,1,2,start-anchored,0,0.15892156497994492,0.03219390152411287,0.6999999415631544,0.18333333333333335,0.05000000000000002,0.7,0.858349058811689,PlaceOnRightSupport,1.0166666666666666,0.0,0.7,17,0.85,0.4220165999722667,20,0.007778313929283092,0.00259061545921864,SlideLeft -> LiftFromLeftSupport -> FreeTransferWorkspace -> PlaceOnRightSupport,39,7,True,6.86845110001741,0.92,1.0166666666666666,0.0,0.7,0.18333333333333335,0.05000000000000002,0.7,1.0166666666666666,0.0,0.7,0.18333333333333335,0.05000000000000002,0.7,38,0.0,SlideLeft,0.18333333333333335,0.05000000000000002,0.7,7.599282899987884
ok,1,2,start-anchored,0,0.15892156497994492,0.03219390152411287,0.6999999415631544,0.18333333333333335,0.05000000000000002,0.7,0.8813416648143048,FreeTransferWorkspace,1.0166666666666666,0.0,0.9,11,0.7857142857142857,0.3531605000025593,14,0.016242119751468453,0.005202150923037027,SlideLeft -> LiftFromLeftSupport -> FreeTransferWorkspace,26,7,True,6.947833799989894,0.92,1.0166666666666666,0.0,0.9,0.18333333333333335,0.05000000000000002,0.7,1.0166666666666666,0.0,0.9,0.18333333333333335,0.05000000000000002,0.7,25,0.0,SlideLeft,0.18333333333333335,0.05000000000000002,0.7,7.615002599952277
ok,1,2,start-anchored,0,0.15892156497994492,0.03219390152411287,0.6999999415631544,0.18333333333333335,0.05000000000000002,0.7,0.857929901921189,PlaceOnRightSupport,1.0166666666666666,0.05000000000000002,0.7,12,0.8,0.36191600002348423,15,0.00934986651958025,0.0036324026380191903,SlideLeft -> LiftFromLeftSupport -> FreeTransferWorkspace -> PlaceOnRightSupport,29,7,True,6.898267599986866,0.92,1.0166666666666666,0.05000000000000002,0.7,0.18333333333333335,0.05000000000000002,0.7,1.0166666666666666,0.05000000000000002,0.7,0.18333333333333335,0.05000000000000002,0.7,28,0.0,SlideLeft,0.18333333333333335,0.05000000000000002,0.7,7.594493200012948
ok,1,2,start-anchored,0,0.15892156497994492,0.03219390152411287,0.6999999415631544,0.18333333333333335,0.05000000000000002,0.7,0.8809334481022043,FreeTransferWorkspace,1.0166666666666666,0.05000000000000002,0.9,11,0.7857142857142857,0.3447178000351414,14,0.018777976550928596,0.005471644736215292,SlideLeft -> LiftFromLeftSupport -> FreeTransferWorkspace,26,7,True,7.00730029999977,0.92,1.0166666666666666,0.05000000000000002,0.9,0.18333333333333335,0.05000000000000002,0.7,1.0166666666666666,0.05000000000000002,0.9,0.18333333333333335,0.05000000000000002,0.7,25,0.0,SlideLeft,0.18333333333333335,0.05000000000000002,0.7,7.645811699971091
ok,1,2,start-anchored,0,0.15892156497994492,0.03219390152411287,0.6999999415631544,0.18333333333333335,0.05000000000000002,0.7,0.8604210169783684,PlaceOnRightSupport,1.0166666666666666,0.1,0.7,12,0.8,0.3371307000052184,15,0.011681352466937911,0.003926923152433298,SlideLeft -> LiftFromLeftSupport -> FreeTransferWorkspace -> PlaceOnRightSupport,28,7,True,7.007646600017324,0.92,1.0166666666666666,0.1,0.7,0.18333333333333335,0.05000000000000002,0.7,1.0166666666666666,0.1,0.7,0.18333333333333335,0.05000000000000002,0.7,27,0.0,SlideLeft,0.18333333333333335,0.05000000000000002,0.7,7.637513900001068
ok,1,2,start-anchored,0,0.15892156497994492,0.03219390152411287,0.6999999415631544,0.18333333333333335,0.05000000000000002,0.7,0.8833596944805824,FreeTransferWorkspace,1.0166666666666666,0.1,0.9,9,0.6428571428571429,0.357691400044132,14,0.0230113814330427,0.006053473053427354,SlideLeft -> LiftFromLeftSupport -> FreeTransferWorkspace,26,7,True,6.85571129998425,0.92,1.0166666666666666,0.1,0.9,0.18333333333333335,0.05000000000000002,0.7,1.0166666666666666,0.1,0.9,0.18333333333333335,0.05000000000000002,0.7,25,0.0,SlideLeft,0.18333333333333335,0.05000000000000002,0.7,7.527164500032086
ok,1,2,start-anchored,0,0.15892156497994492,0.03219390152411287,0.6999999415631544,0.18333333333333335,0.05000000000000002,0.7,0.9503177618354645,PlaceOnRightSupport,1.1,-0.1,0.7,18,0.8571428571428571,0.43461009999737144,21,0.008594336611689011,0.002759302274320461,SlideLeft -> LiftFromLeftSupport -> FreeTransferWorkspace -> PlaceOnRightSupport,40,7,True,7.086065299983602,0.92,1.1,-0.1,0.7,0.18333333333333335,0.05000000000000002,0.7,1.1,-0.1,0.7,0.18333333333333335,0.05000000000000002,0.7,39,0.0,SlideLeft,0.18333333333333335,0.05000000000000002,0.7,7.879246599972248
ok,1,2,start-anchored,0,0.15892156497994492,0.03219390152411287,0.6999999415631544,0.18333333333333335,0.05000000000000002,0.7,0.9711353519642382,FreeTransferWorkspace,1.1,-0.1,0.9,11,0.7857142857142857,0.35561210004379973,14,0.02283271490377757,0.006168161145424922,SlideLeft -> LiftFromLeftSupport -> FreeTransferWorkspace,27,7,True,6.948531800007913,0.92,1.1,-0.1,0.9,0.18333333333333335,0.05000000000000002,0.7,1.1,-0.1,0.9,0.18333333333333335,0.05000000000000002,0.7,26,0.0,SlideLeft,0.18333333333333335,0.05000000000000002,0.7,7.642195099964738
ok,1,2,start-anchored,0,0.15892156497994492,0.03219390152411287,0.6999999415631544,0.18333333333333335,0.05000000000000002,0.7,0.9446610282569908,PlaceOnRightSupport,1.1,-0.05,0.7,18,0.8571428571428571,0.43816900003002957,21,0.010991070037285462,0.002854593862197833,SlideLeft -> LiftFromLeftSupport -> FreeTransferWorkspace -> PlaceOnRightSupport,40,7,True,7.0502489999635145,0.92,1.1,-0.05,0.7,0.18333333333333335,0.05000000000000002,0.7,1.1,-0.05,0.7,0.18333333333333335,0.05000000000000002,0.7,39,0.0,SlideLeft,0.18333333333333335,0.05000000000000002,0.7,7.789424600021448
ok,1,2,start-anchored,0,0.15892156497994492,0.03219390152411287,0.6999999415631544,0.18333333333333335,0.05000000000000002,0.7,0.9656005808212282,FreeTransferWorkspace,1.1,-0.05,0.9,10,0.7142857142857143,0.344803599989973,14,0.02274879182768362,0.006221884108614838,SlideLeft -> LiftFromLeftSupport -> FreeTransferWorkspace,27,7,True,7.050328999990597,0.92,1.1,-0.05,0.9,0.18333333333333335,0.05000000000000002,0.7,1.1,-0.05,0.9,0.18333333333333335,0.05000000000000002,0.7,26,0.0,SlideLeft,0.18333333333333335,0.05000000000000002,0.7,7.686366600042675
ok,1,2,start-anchored,0,0.15892156497994492,0.03219390152411287,0.6999999415631544,0.18333333333333335,0.05000000000000002,0.7,0.9416289439875688,PlaceOnRightSupport,1.1,0.0,0.7,17,0.8095238095238095,0.4807087000226602,21,0.01241000311836936,0.0029771074367647083,SlideLeft -> LiftFromLeftSupport -> FreeTransferWorkspace -> PlaceOnRightSupport,40,7,True,6.913682900019921,0.92,1.1,0.0,0.7,0.18333333333333335,0.05000000000000002,0.7,1.1,0.0,0.7,0.18333333333333335,0.05000000000000002,0.7,39,0.0,SlideLeft,0.18333333333333335,0.05000000000000002,0.7,7.698796699987724
ok,1,2,start-anchored,0,0.15892156497994492,0.03219390152411287,0.6999999415631544,0.18333333333333335,0.05000000000000002,0.7,0.9626344537413369,FreeTransferWorkspace,1.1,0.0,0.9,10,0.7142857142857143,0.34358179999981076,14,0.024486671592077135,0.006464684127610829,SlideLeft -> LiftFromLeftSupport -> FreeTransferWorkspace,27,7,True,6.832112899981439,0.92,1.1,0.0,0.9,0.18333333333333335,0.05000000000000002,0.7,1.1,0.0,0.9,0.18333333333333335,0.05000000000000002,0.7,26,0.0,SlideLeft,0.18333333333333335,0.05000000000000002,0.7,7.486201199993957
ok,1,2,start-anchored,0,0.15892156497994492,0.03219390152411287,0.6999999415631544,0.18333333333333335,0.05000000000000002,0.7,0.9412468740998466,PlaceOnRightSupport,1.1,0.05000000000000002,0.7,17,0.8095238095238095,0.48276289994828403,21,0.012502290841202107,0.003127363579321372,SlideLeft -> LiftFromLeftSupport -> FreeTransferWorkspace -> PlaceOnRightSupport,40,7,True,6.832701100036502,0.92,1.1,0.05000000000000002,0.7,0.18333333333333335,0.05000000000000002,0.7,1.1,0.05000000000000002,0.7,0.18333333333333335,0.05000000000000002,0.7,39,0.0,SlideLeft,0.18333333333333335,0.05000000000000002,0.7,7.602896099968348
ok,1,2,start-anchored,0,0.15892156497994492,0.03219390152411287,0.6999999415631544,0.18333333333333335,0.05000000000000002,0.7,0.962260724220557,FreeTransferWorkspace,1.1,0.05000000000000002,0.9,10,0.7142857142857143,0.3755535000236705,14,0.02895822252500627,0.00699002847576526,SlideLeft -> LiftFromLeftSupport -> FreeTransferWorkspace,27,7,True,7.0930745000368915,0.92,1.1,0.05000000000000002,0.9,0.18333333333333335,0.05000000000000002,0.7,1.1,0.05000000000000002,0.9,0.18333333333333335,0.05000000000000002,0.7,26,0.0,SlideLeft,0.18333333333333335,0.05000000000000002,0.7,7.778155700012576
ok,1,2,start-anchored,0,0.15892156497994492,0.03219390152411287,0.6999999415631544,0.18333333333333335,0.05000000000000002,0.7,0.9435180379040569,PlaceOnRightSupport,1.1,0.1,0.7,17,0.8095238095238095,0.45778779999818653,21,0.012315905961701228,0.0033249740056194867,SlideLeft -> LiftFromLeftSupport -> FreeTransferWorkspace -> PlaceOnRightSupport,41,7,True,6.770163399982266,0.92,1.1,0.1,0.7,0.18333333333333335,0.05000000000000002,0.7,1.1,0.1,0.7,0.18333333333333335,0.05000000000000002,0.7,40,0.0,SlideLeft,0.18333333333333335,0.05000000000000002,0.7,7.532207899959758
ok,1,2,start-anchored,0,0.15892156497994492,0.03219390152411287,0.6999999415631544,0.18333333333333335,0.05000000000000002,0.7,0.9644824058659959,FreeTransferWorkspace,1.1,0.1,0.9,10,0.7142857142857143,0.3739361999905668,14,0.037603070295454184,0.007944231760830983,SlideLeft -> LiftFromLeftSupport -> FreeTransferWorkspace,27,7,True,6.9085419999901205,0.92,1.1,0.1,0.9,0.18333333333333335,0.05000000000000002,0.7,1.1,0.1,0.9,0.18333333333333335,0.05000000000000002,0.7,26,0.0,SlideLeft,0.18333333333333335,0.05000000000000002,0.7,7.577641899988521
ok,13,11,largest-feasible,3,0.85,-0.1,0.7,0.17996236388930476,0.08777668459853102,0.7267103672170623,0.0,PlaceOnRightSupport,0.85,-0.1,0.7,12,0.8571428571428571,0.32659850001800805,14,0.009956380340601666,0.004124124456065278,SlideLeft -> LiftFromLeftSupport -> FreeTransferWorkspace -> PlaceOnRightSupport,26,7,True,6.956398000009358,0.92,0.85,-0.1,0.7,0.18333333333333335,0.1,0.7,0.85,-0.1,0.7,0.18333333333333335,0.1,0.7,25,0.029567153925710892,SlideLeft,0.18333333333333335,0.1,0.7,7.597641200001817
ok,10,8,largest-feasible,3,0.85,-0.1,0.9,0.17996236388930476,0.08777668459853102,0.7267103672170623,0.0,FreeTransferWorkspace,0.85,-0.1,0.9,9,0.8181818181818182,0.271954600000754,11,0.009955984306335819,0.005169983592566704,SlideLeft -> LiftFromLeftSupport -> FreeTransferWorkspace,21,7,True,6.834119600011036,0.92,0.85,-0.1,0.9,0.18333333333333335,0.1,0.7,0.85,-0.1,0.9,0.18333333333333335,0.1,0.7,20,0.029567153925710892,SlideLeft,0.18333333333333335,0.1,0.7,7.4277182999649085
ok,11,9,largest-feasible,3,0.8665362484677875,-0.03324303549665785,0.7,0.17996236388930476,0.08777668459853102,0.7267103672170623,0.0,PlaceOnRightSupport,0.85,-0.05,0.7,10,0.8333333333333334,0.27624100004322827,12,0.009956310802675566,0.004200196689740314,SlideLeft -> LiftFromLeftSupport -> FreeTransferWorkspace -> PlaceOnRightSupport,23,7,True,6.9413783000200056,0.92,0.85,-0.05,0.7,0.18333333333333335,0.1,0.7,0.8665362484677875,-0.03324303549665785,0.7,0.18333333333333335,0.1,0.7,22,0.029567153925710892,SlideLeft,0.18333333333333335,0.1,0.7,7.516347000026144
ok,10,8,largest-feasible,3,0.85,-0.05,0.9,0.17996236388930476,0.08777668459853102,0.7267103672170623,0.0,FreeTransferWorkspace,0.85,-0.05,0.9,9,0.8181818181818182,0.2822086999658495,11,0.009955984306335819,0.005065165284578856,SlideLeft -> LiftFromLeftSupport -> FreeTransferWorkspace,20,7,True,6.8992869000067,0.92,0.85,-0.05,0.9,0.18333333333333335,0.1,0.7,0.85,-0.05,0.9,0.18333333333333335,0.1,0.7,19,0.029567153925710892,SlideLeft,0.18333333333333335,0.1,0.7,7.49619239999447
ok,11,9,largest-feasible,3,0.85,0.0,0.7,0.17996236388930476,0.08777668459853102,0.7267103672170623,0.0,PlaceOnRightSupport,0.85,0.0,0.7,10,0.8333333333333334,0.2845238000154495,12,0.009956310802675566,0.004149246462440328,SlideLeft -> LiftFromLeftSupport -> FreeTransferWorkspace -> PlaceOnRightSupport,22,7,True,7.0373861999833025,0.92,0.85,0.0,0.7,0.18333333333333335,0.1,0.7,0.85,0.0,0.7,0.18333333333333335,0.1,0.7,21,0.029567153925710892,SlideLeft,0.18333333333333335,0.1,0.7,7.621404399978928
ok,10,8,largest-feasible,3,0.85,0.0,0.9,0.17996236388930476,0.08777668459853102,0.7267103672170623,0.0,FreeTransferWorkspace,0.85,0.0,0.9,9,0.8181818181818182,0.27042199997231364,11,0.009955984306335819,0.005005017451550616,SlideLeft -> LiftFromLeftSupport -> FreeTransferWorkspace,20,7,True,7.059817800007295,0.92,0.85,0.0,0.9,0.18333333333333335,0.1,0.7,0.85,0.0,0.9,0.18333333333333335,0.1,0.7,19,0.029567153925710892,SlideLeft,0.18333333333333335,0.1,0.7,7.627202300005592
ok,11,9,largest-feasible,3,0.85,0.05000000000000002,0.7,0.17996236388930476,0.08777668459853102,0.7267103672170623,0.0,PlaceOnRightSupport,0.85,0.05000000000000002,0.7,10,0.8333333333333334,0.30818439996801317,12,0.009956310802675566,0.003944760467849723,SlideLeft -> LiftFromLeftSupport -> FreeTransferWorkspace -> PlaceOnRightSupport,22,7,True,6.970700400008354,0.92,0.85,0.05000000000000002,0.7,0.18333333333333335,0.1,0.7,0.85,0.05000000000000002,0.7,0.18333333333333335,0.1,0.7,21,0.029567153925710892,SlideLeft,0.18333333333333335,0.1,0.7,7.618218999996316
ok,10,8,largest-feasible,3,0.85,0.05000000000000002,0.9,0.17996236388930476,0.08777668459853102,0.7267103672170623,0.0,FreeTransferWorkspace,0.85,0.05000000000000002,0.9,9,0.8181818181818182,0.2641363000147976,11,0.009955984306335819,0.005016332648338148,SlideLeft -> LiftFromLeftSupport -> FreeTransferWorkspace,20,7,True,7.006926800007932,0.92,0.85,0.05000000000000002,0.9,0.18333333333333335,0.1,0.7,0.85,0.05000000000000002,0.9,0.18333333333333335,0.1,0.7,19,0.029567153925710892,SlideLeft,0.18333333333333335,0.1,0.7,7.578978699981235
ok,10,8,largest-feasible,3,0.85,0.1,0.7,0.17996236388930476,0.08777668459853102,0.7267103672170623,0.0,PlaceOnRightSupport,0.85,0.1,0.7,9,0.8181818181818182,0.2569423000095412,11,0.009956310802675566,0.004252832505974064,SlideLeft -> LiftFromLeftSupport -> FreeTransferWorkspace -> PlaceOnRightSupport,21,7,True,7.040378200006671,0.92,0.85,0.1,0.7,0.18333333333333335,0.1,0.7,0.85,0.1,0.7,0.18333333333333335,0.1,0.7,20,0.029567153925710892,SlideLeft,0.18333333333333335,0.1,0.7,7.593963899998926
ok,10,8,largest-feasible,3,0.85,0.1,0.9,0.17996236388930476,0.08777668459853102,0.7267103672170623,0.0,FreeTransferWorkspace,0.85,0.1,0.9,9,0.8181818181818182,0.2622815999784507,11,0.009955984306335819,0.005140024584753599,SlideLeft -> LiftFromLeftSupport -> FreeTransferWorkspace,20,7,True,6.8606639000354335,0.92,0.85,0.1,0.9,0.18333333333333335,0.1,0.7,0.85,0.1,0.9,0.18333333333333335,0.1,0.7,19,0.029567153925710892,SlideLeft,0.18333333333333335,0.1,0.7,7.438161100028083
ok,18,16,largest-feasible,3,0.9333333333333333,-0.1,0.7,0.17996236388930476,0.08777668459853102,0.7267103672170623,0.0,PlaceOnRightSupport,0.9333333333333333,-0.1,0.7,17,0.8947368421052632,0.3907653000205755,19,0.009956380340601666,0.0028725190843085285,SlideLeft -> LiftFromLeftSupport -> FreeTransferWorkspace -> PlaceOnRightSupport,36,7,True,6.90453100000741,0.92,0.9333333333333333,-0.1,0.7,0.18333333333333335,0.1,0.7,0.9333333333333333,-0.1,0.7,0.18333333333333335,0.1,0.7,35,0.029567153925710892,SlideLeft,0.18333333333333335,0.1,0.7,7.598409099970013
ok,11,9,largest-feasible,3,0.9333333333333333,-0.1,0.9,0.17996236388930476,0.08777668459853102,0.7267103672170623,0.0,FreeTransferWorkspace,0.9333333333333333,-0.1,0.9,10,0.8333333333333334,0.3065714000258595,12,0.011102309195791983,0.005549602858385637,SlideLeft -> LiftFromLeftSupport -> FreeTransferWorkspace,22,7,True,6.9208546000299975,0.92,0.9333333333333333,-0.1,0.9,0.18333333333333335,0.1,0.7,0.9333333333333333,-0.1,0.9,0.18333333333333335,0.1,0.7,21,0.029567153925710892,SlideLeft,0.18333333333333335,0.1,0.7,7.550593900028616
ok,12,10,largest-feasible,3,0.9333333333333333,-0.05,0.7,0.17996236388930476,0.08777668459853102,0.7267103672170623,0.0,PlaceOnRightSupport,0.9333333333333333,-0.05,0.7,11,0.8461538461538461,0.29932190000545233,13,0.009956380340601666,0.0038603707512998835,SlideLeft -> LiftFromLeftSupport -> FreeTransferWorkspace -> PlaceOnRightSupport,25,7,True,6.954386500001419,0.92,0.9333333333333333,-0.05,0.7,0.18333333333333335,0.1,0.7,0.9333333333333333,-0.05,0.7,0.18333333333333335,0.1,0.7,24,0.029567153925710892,SlideLeft,0.18333333333333335,0.1,0.7,7.560370300023351
ok,11,9,largest-feasible,3,0.9333333333333333,-0.05,0.9,0.17996236388930476,0.08777668459853102,0.7267103672170623,0.0,FreeTransferWorkspace,0.9333333333333333,-0.05,0.9,10,0.8333333333333334,0.27134650002699345,12,0.011767069875746402,0.005459322184493086,SlideLeft -> LiftFromLeftSupport -> FreeTransferWorkspace,22,7,True,6.940071400022134,0.92,0.9333333333333333,-0.05,0.9,0.18333333333333335,0.1,0.7,0.9333333333333333,-0.05,0.9,0.18333333333333335,0.1,0.7,21,0.029567153925710892,SlideLeft,0.18333333333333335,0.1,0.7,7.524765999987721
ok,12,10,largest-feasible,3,0.9333333333333333,0.0,0.7,0.17996236388930476,0.08777668459853102,0.7267103672170623,0.0,PlaceOnRightSupport,0.9333333333333333,0.0,0.7,11,0.8461538461538461,0.2862357000121847,13,0.009956380340601666,0.0037770234001808854,SlideLeft -> LiftFromLeftSupport -> FreeTransferWorkspace -> PlaceOnRightSupport,24,7,True,6.930794600048102,0.92,0.9333333333333333,0.0,0.7,0.18333333333333335,0.1,0.7,0.9333333333333333,0.0,0.7,0.18333333333333335,0.1,0.7,23,0.029567153925710892,SlideLeft,0.18333333333333335,0.1,0.7,7.510484099970199
ok,10,8,largest-feasible,3,0.9333333333333333,0.0,0.9,0.17996236388930476,0.08777668459853102,0.7267103672170623,0.0,FreeTransferWorkspace,0.9333333333333333,0.0,0.9,9,0.8181818181818182,0.24939519999315962,11,0.011870921355689007,0.005734138190699909,SlideLeft -> LiftFromLeftSupport -> FreeTransferWorkspace,21,7,True,6.959286900004372,0.92,0.9333333333333333,0.0,0.9,0.18333333333333335,0.1,0.7,0.9333333333333333,0.0,0.9,0.18333333333333335,0.1,0.7,20,0.029567153925710892,SlideLeft,0.18333333333333335,0.1,0.7,7.520818999968469
ok,11,9,largest-feasible,3,0.9333333333333333,0.05000000000000002,0.7,0.17996236388930476,0.08777668459853102,0.7267103672170623,0.0,PlaceOnRightSupport,0.9333333333333333,0.05000000000000002,0.7,10,0.8333333333333334,0.27795789996162057,12,0.009956380340601666,0.004245459535734066,SlideLeft -> LiftFromLeftSupport -> FreeTransferWorkspace -> PlaceOnRightSupport,23,7,True,6.7828571000136435,0.92,0.9333333333333333,0.05000000000000002,0.7,0.18333333333333335,0.1,0.7,0.9333333333333333,0.05000000000000002,0.7,0.18333333333333335,0.1,0.7,22,0.029567153925710892,SlideLeft,0.18333333333333335,0.1,0.7,7.361382700037211
ok,10,8,largest-feasible,3,0.9333333333333333,0.05000000000000002,0.9,0.17996236388930476,0.08777668459853102,0.7267103672170623,0.0,FreeTransferWorkspace,0.9333333333333333,0.05000000000000002,0.9,9,0.8181818181818182,0.2882643999764696,11,0.01219614672926955,0.005791206708467825,SlideLeft -> LiftFromLeftSupport -> FreeTransferWorkspace,21,7,True,6.87170389998937,0.92,0.9333333333333333,0.05000000000000002,0.9,0.18333333333333335,0.1,0.7,0.9333333333333333,0.05000000000000002,0.9,0.18333333333333335,0.1,0.7,20,0.029567153925710892,SlideLeft,0.18333333333333335,0.1,0.7,7.475558199977968
ok,11,9,largest-feasible,3,0.9333333333333333,0.1,0.7,0.17996236388930476,0.08777668459853102,0.7267103672170623,0.0,PlaceOnRightSupport,0.9333333333333333,0.1,0.7,10,0.8333333333333334,0.2502851000172086,12,0.009956380340601666,0.00449789444636602,SlideLeft -> LiftFromLeftSupport -> FreeTransferWorkspace -> PlaceOnRightSupport,23,7,True,6.5014591999934055,0.92,0.9333333333333333,0.1,0.7,0.18333333333333335,0.1,0.7,0.9333333333333333,0.1,0.7,0.18333333333333335,0.1,0.7,22,0.029567153925710892,SlideLeft,0.18333333333333335,0.1,0.7,6.998729399987496
ok,10,8,largest-feasible,3,0.9333333333333333,0.1,0.9,0.17996236388930476,0.08777668459853102,0.7267103672170623,0.0,FreeTransferWorkspace,0.9333333333333333,0.1,0.9,9,0.8181818181818182,0.29895359999500215,11,0.013606819960021777,0.005998780628676958,SlideLeft -> LiftFromLeftSupport -> FreeTransferWorkspace,21,7,True,7.501319999981206,0.92,0.9333333333333333,0.1,0.9,0.18333333333333335,0.1,0.7,0.9333333333333333,0.1,0.9,0.18333333333333335,0.1,0.7,20,0.029567153925710892,SlideLeft,0.18333333333333335,0.1,0.7,8.148253299994394
ok,18,16,largest-feasible,3,1.0166666666666666,-0.1,0.7,0.17996236388930476,0.08777668459853102,0.7267103672170623,0.0,PlaceOnRightSupport,1.0166666666666666,-0.1,0.7,17,0.8947368421052632,0.44341170002007857,19,0.009956380340601666,0.002781235737179875,SlideLeft -> LiftFromLeftSupport -> FreeTransferWorkspace -> PlaceOnRightSupport,36,7,True,7.030103400000371,0.92,1.0166666666666666,-0.1,0.7,0.18333333333333335,0.1,0.7,1.0166666666666666,-0.1,0.7,0.18333333333333335,0.1,0.7,35,0.029567153925710892,SlideLeft,0.18333333333333335,0.1,0.7,7.812542699975893
ok,11,9,largest-feasible,3,1.0166666666666666,-0.1,0.9,0.17996236388930476,0.08777668459853102,0.7267103672170623,0.0,FreeTransferWorkspace,1.0166666666666666,-0.1,0.9,10,0.8333333333333334,0.30072719999589026,12,0.014861288661559615,0.006409016716377801,SlideLeft -> LiftFromLeftSupport -> FreeTransferWorkspace,23,7,True,7.0436804999480955,0.92,1.0166666666666666,-0.1,0.9,0.18333333333333335,0.1,0.7,1.0166666666666666,-0.1,0.9,0.18333333333333335,0.1,0.7,22,0.029567153925710892,SlideLeft,0.18333333333333335,0.1,0.7,7.681921599956695
ok,17,15,largest-feasible,3,1.0166666666666666,-0.05,0.7,0.17996236388930476,0.08777668459853102,0.7267103672170623,0.0,PlaceOnRightSupport,1.0166666666666666,-0.05,0.7,16,0.8888888888888888,0.391624900046736,18,0.009956380340601666,0.003004415459757081,SlideLeft -> LiftFromLeftSupport -> FreeTransferWorkspace -> PlaceOnRightSupport,35,7,True,6.968322500004433,0.92,1.0166666666666666,-0.05,0.7,0.18333333333333335,0.1,0.7,1.0166666666666666,-0.05,0.7,0.18333333333333335,0.1,0.7,34,0.029567153925710892,SlideLeft,0.18333333333333335,0.1,0.7,7.681255100003909
ok,11,9,largest-feasible,3,1.0166666666666666,-0.05,0.9,0.17996236388930476,0.08777668459853102,0.7267103672170623,0.0,FreeTransferWorkspace,1.0166666666666666,-0.05,0.9,10,0.8333333333333334,0.3099890000303276,12,0.013482861297791747,0.0063269521862766714,SlideLeft -> LiftFromLeftSupport -> FreeTransferWorkspace,23,7,True,7.02274430001853,0.92,1.0166666666666666,-0.05,0.9,0.18333333333333335,0.1,0.7,1.0166666666666666,-0.05,0.9,0.18333333333333335,0.1,0.7,22,0.029567153925710892,SlideLeft,0.18333333333333335,0.1,0.7,7.660814900009427
ok,18,16,largest-feasible,3,1.0166666666666666,0.0,0.7,0.17996236388930476,0.08777668459853102,0.7267103672170623,0.0,PlaceOnRightSupport,1.0166666666666666,0.0,0.7,17,0.8947368421052632,0.40010279999114573,19,0.009956380340601666,0.00298909845406601,SlideLeft -> LiftFromLeftSupport -> FreeTransferWorkspace -> PlaceOnRightSupport,36,7,True,7.104686599981505,0.92,1.0166666666666666,0.0,0.7,0.18333333333333335,0.1,0.7,1.0166666666666666,0.0,0.7,0.18333333333333335,0.1,0.7,35,0.029567153925710892,SlideLeft,0.18333333333333335,0.1,0.7,7.813682899984997
ok,11,9,largest-feasible,3,1.0166666666666666,0.0,0.9,0.17996236388930476,0.08777668459853102,0.7267103672170623,0.0,FreeTransferWorkspace,1.0166666666666666,0.0,0.9,10,0.8333333333333334,0.29925250000087544,12,0.013170300436880588,0.006372631477880132,SlideLeft -> LiftFromLeftSupport -> FreeTransferWorkspace,23,7,True,7.024640100018587,0.92,1.0166666666666666,0.0,0.9,0.18333333333333335,0.1,0.7,1.0166666666666666,0.0,0.9,0.18333333333333335,0.1,0.7,22,0.029567153925710892,SlideLeft,0.18333333333333335,0.1,0.7,7.643339899950661
ok,13,11,largest-feasible,3,1.0166666666666666,0.05000000000000002,0.7,0.17996236388930476,0.08777668459853102,0.7267103672170623,0.0,PlaceOnRightSupport,1.0166666666666666,0.05000000000000002,0.7,12,0.8571428571428571,0.3573238999815658,14,0.009956380340601666,0.004231335407991824,SlideLeft -> LiftFromLeftSupport -> FreeTransferWorkspace -> PlaceOnRightSupport,26,7,True,6.95132360002026,0.92,1.0166666666666666,0.05000000000000002,0.7,0.18333333333333335,0.1,0.7,1.0166666666666666,0.05000000000000002,0.7,0.18333333333333335,0.1,0.7,25,0.029567153925710892,SlideLeft,0.18333333333333335,0.1,0.7,7.624037799949292
ok,11,9,largest-feasible,3,1.0166666666666666,0.05000000000000002,0.9,0.17996236388930476,0.08777668459853102,0.7267103672170623,0.0,FreeTransferWorkspace,1.0166666666666666,0.05000000000000002,0.9,10,0.8333333333333334,0.29701609996845946,12,0.014148726303977286,0.006591592033287973,SlideLeft -> LiftFromLeftSupport -> FreeTransferWorkspace,23,7,True,7.068404500023462,0.92,1.0166666666666666,0.05000000000000002,0.9,0.18333333333333335,0.1,0.7,1.0166666666666666,0.05000000000000002,0.9,0.18333333333333335,0.1,0.7,22,0.029567153925710892,SlideLeft,0.18333333333333335,0.1,0.7,7.689825399953406
ok,12,10,largest-feasible,3,1.0166666666666666,0.1,0.7,0.17996236388930476,0.08777668459853102,0.7267103672170623,0.0,PlaceOnRightSupport,1.0166666666666666,0.1,0.7,11,0.8461538461538461,0.31478620000416413,13,0.009956380340601666,0.00476714190939167,SlideLeft -> LiftFromLeftSupport -> FreeTransferWorkspace -> PlaceOnRightSupport,25,7,True,7.231825800030492,0.92,1.0166666666666666,0.1,0.7,0.18333333333333335,0.1,0.7,1.0166666666666666,0.1,0.7,0.18333333333333335,0.1,0.7,24,0.029567153925710892,SlideLeft,0.18333333333333335,0.1,0.7,7.871931599976961
ok,10,8,largest-feasible,3,0.9559068523851422,0.10341710994024456,0.8897367007311491,0.17996236388930476,0.08777668459853102,0.7267103672170623,0.06171520869081668,FreeTransferWorkspace,1.0166666666666666,0.1,0.9,9,0.75,0.2925417000078596,12,0.017131317993816134,0.007079422818173188,SlideLeft -> LiftFromLeftSupport -> FreeTransferWorkspace,23,7,True,6.963096400024369,0.92,1.0166666666666666,0.1,0.9,0.18333333333333335,0.1,0.7,1.0166666666666666,0.1,0.9,0.18333333333333335,0.1,0.7,22,0.029567153925710892,SlideLeft,0.18333333333333335,0.1,0.7,7.571079199959058
ok,18,16,largest-feasible,3,1.1,-0.1,0.7,0.17996236388930476,0.08777668459853102,0.7267103672170623,0.0,PlaceOnRightSupport,1.1,-0.1,0.7,17,0.8947368421052632,0.4319061999558471,19,0.009956380340601666,0.0032521542865964607,SlideLeft -> LiftFromLeftSupport -> FreeTransferWorkspace -> PlaceOnRightSupport,37,7,True,7.044819200003985,0.92,1.1,-0.1,0.7,0.18333333333333335,0.1,0.7,1.1,-0.1,0.7,0.18333333333333335,0.1,0.7,36,0.029567153925710892,SlideLeft,0.18333333333333335,0.1,0.7,7.7987927999929525
ok,11,9,largest-feasible,3,1.0462980699118842,-0.08468280559748848,0.891815141464492,0.17996236388930476,0.08777668459853102,0.7267103672170623,0.05644028391848761,FreeTransferWorkspace,1.1,-0.1,0.9,10,0.7692307692307693,0.3495196999865584,13,0.01808451089786762,0.007334567507288805,SlideLeft -> LiftFromLeftSupport -> FreeTransferWorkspace,24,7,True,6.792214300017804,0.92,1.1,-0.1,0.9,0.18333333333333335,0.1,0.7,1.1,-0.1,0.9,0.18333333333333335,0.1,0.7,23,0.029567153925710892,SlideLeft,0.18333333333333335,0.1,0.7,7.464775400003418
ok,18,16,largest-feasible,3,1.1,-0.05,0.7,0.17996236388930476,0.08777668459853102,0.7267103672170623,0.0,PlaceOnRightSupport,1.1,-0.05,0.7,17,0.8947368421052632,0.41762990003917366,19,0.009956380340601666,0.00334226480844771,SlideLeft -> LiftFromLeftSupport -> FreeTransferWorkspace -> PlaceOnRightSupport,37,7,True,7.0731949000037275,0.92,1.1,-0.05,0.7,0.18333333333333335,0.1,0.7,1.1,-0.05,0.7,0.18333333333333335,0.1,0.7,36,0.029567153925710892,SlideLeft,0.18333333333333335,0.1,0.7,7.808111899998039
ok,11,9,largest-feasible,3,1.057379259953702,-0.04034189067687961,0.8935040560481678,0.17996236388930476,0.08777668459853102,0.7267103672170623,0.04418148758945098,FreeTransferWorkspace,1.1,-0.05,0.9,10,0.7692307692307693,0.31507690000580624,13,0.019527935031823308,0.007444446137226781,SlideLeft -> LiftFromLeftSupport -> FreeTransferWorkspace,24,7,True,7.064074599999003,0.92,1.1,-0.05,0.9,0.18333333333333335,0.1,0.7,1.1,-0.05,0.9,0.18333333333333335,0.1,0.7,23,0.029567153925710892,SlideLeft,0.18333333333333335,0.1,0.7,7.717559300013818
ok,17,15,largest-feasible,3,1.0206743884080653,-0.02232006816956215,0.7,0.17996236388930476,0.08777668459853102,0.7267103672170623,0.08240593484408992,PlaceOnRightSupport,1.1,0.0,0.7,16,0.8421052631578947,0.40027899999404326,19,0.010366322381194332,0.0034682787013618453,SlideLeft -> LiftFromLeftSupport -> FreeTransferWorkspace -> PlaceOnRightSupport,37,7,True,7.178949199966155,0.92,1.1,0.0,0.7,0.18333333333333335,0.1,0.7,1.1,0.0,0.7,0.18333333333333335,0.1,0.7,36,0.029567153925710892,SlideLeft,0.18333333333333335,0.1,0.7,7.9094800999737345
ok,10,8,largest-feasible,3,0.9492167483056861,0.025329410592515353,0.8770187108244186,0.17996236388930476,0.08777668459853102,0.7267103672170623,0.15461341366339065,FreeTransferWorkspace,1.1,0.0,0.9,9,0.6923076923076923,0.33238899998832494,13,0.022169990572027287,0.007820978262926086,SlideLeft -> LiftFromLeftSupport -> FreeTransferWorkspace,24,7,True,7.192506499995943,0.92,1.1,0.0,0.9,0.18333333333333335,0.1,0.7,1.1,0.0,0.9,0.18333333333333335,0.1,0.7,23,0.029567153925710892,SlideLeft,0.18333333333333335,0.1,0.7,7.866270099999383
ok,17,15,largest-feasible,3,1.0133130549546323,-0.0060098042365801865,0.7,0.17996236388930476,0.08777668459853102,0.7267103672170623,0.10320719263655344,PlaceOnRightSupport,1.1,0.05000000000000002,0.7,16,0.8421052631578947,0.4427138000028208,19,0.01355491347936867,0.0036372164624337536,SlideLeft -> LiftFromLeftSupport -> FreeTransferWorkspace -> PlaceOnRightSupport,37,7,True,7.134501100052148,0.92,1.1,0.05000000000000002,0.7,0.18333333333333335,0.1,0.7,1.1,0.05000000000000002,0.7,0.18333333333333335,0.1,0.7,36,0.029567153925710892,SlideLeft,0.18333333333333335,0.1,0.7,7.904236399976071
ok,10,8,largest-feasible,3,0.9547092521907627,0.06588976396735918,0.877855838414271,0.17996236388930476,0.08777668459853102,0.7267103672170623,0.14782506516230823,FreeTransferWorkspace,1.1,0.05000000000000002,0.9,9,0.6923076923076923,0.3434766999562271,13,0.02663038538669468,0.008630705293019496,SlideLeft -> LiftFromLeftSupport -> FreeTransferWorkspace,24,7,True,6.980602400028147,0.92,1.1,0.05000000000000002,0.9,0.18333333333333335,0.1,0.7,1.1,0.05000000000000002,0.9,0.18333333333333335,0.1,0.7,23,0.029567153925710892,SlideLeft,0.18333333333333335,0.1,0.7,7.659954599977937
ok,17,15,largest-feasible,3,1.0051138662582284,0.004083516520626322,0.7,0.17996236388930476,0.08777668459853102,0.7267103672170623,0.1349197916523382,PlaceOnRightSupport,1.1,0.1,0.7,16,0.8,0.478988999966532,20,0.015568405919319761,0.0038010608948435957,SlideLeft -> LiftFromLeftSupport -> FreeTransferWorkspace -> PlaceOnRightSupport,38,7,True,7.158744000014849,0.92,1.1,0.1,0.7,0.18333333333333335,0.1,0.7,1.1,0.1,0.7,0.18333333333333335,0.1,0.7,37,0.029567153925710892,SlideLeft,0.18333333333333335,0.1,0.7,8.13127459998941
ok,10,8,largest-feasible,3,0.9579392694341486,0.10720887152274325,0.8783481342062656,0.17996236388930476,0.08777668459853102,0.7267103672170623,0.1438819734709138,FreeTransferWorkspace,1.1,0.1,0.9,9,0.6923076923076923,0.3767278000013903,13,0.03385778980517009,0.010141744070152512,SlideLeft -> LiftFromLeftSupport -> FreeTransferWorkspace,24,7,True,6.878046800033189,0.92,1.1,0.1,0.9,0.18333333333333335,0.1,0.7,1.1,0.1,0.9,0.18333333333333335,0.1,0.7,23,0.029567153925710892,SlideLeft,0.18333333333333335,0.1,0.7,7.603912699967623
ok,50,51,start-anchored,0,0.85,-0.1,0.7,0.26666666666666666,-0.1,0.7,0.0,PlaceOnRightSupport,0.85,-0.1,0.7,51,1.0,1.0745600999798626,51,0.009385346328373814,0.0010454105063096675,SlideLeft -> LiftFromLeftSupport -> FreeTransferWorkspace -> PlaceOnRightSupport,101,7,True,6.96765999996569,0.92,0.85,-0.1,0.7,0.26666666666666666,-0.1,0.7,0.85,-0.1,0.7,0.26666666666666666,-0.1,0.7,100,0.0,SlideLeft,0.26666666666666666,-0.1,0.7,8.367578200006392
ok,48,49,start-anchored,0,0.85,-0.1,0.9,0.26666666666666666,-0.1,0.7,0.0,FreeTransferWorkspace,0.85,-0.1,0.9,49,1.0,0.9523389999521896,49,0.00938527573104373,0.0010079728233009819,SlideLeft -> LiftFromLeftSupport -> FreeTransferWorkspace,97,7,True,7.034389700042084,0.92,0.85,-0.1,0.9,0.26666666666666666,-0.1,0.7,0.85,-0.1,0.9,0.26666666666666666,-0.1,0.7,96,0.0,SlideLeft,0.26666666666666666,-0.1,0.7,8.317750700050965
ok,49,50,start-anchored,0,0.856202861138528,-0.03455313257325132,0.7,0.26666666666666666,-0.1,0.7,0.0,PlaceOnRightSupport,0.85,-0.05,0.7,50,1.0,0.954990700003691,50,0.009385100081142194,0.0009235783332567721,SlideLeft -> LiftFromLeftSupport -> FreeTransferWorkspace -> PlaceOnRightSupport,99,7,True,7.286894100019708,0.92,0.85,-0.05,0.7,0.26666666666666666,-0.1,0.7,0.856202861138528,-0.03455313257325132,0.7,0.26666666666666666,-0.1,0.7,98,0.0,SlideLeft,0.26666666666666666,-0.1,0.7,8.573077299981378
ok,48,49,start-anchored,0,0.85,-0.05,0.9,0.26666666666666666,-0.1,0.7,0.0,FreeTransferWorkspace,0.85,-0.05,0.9,49,1.0,0.9874057999695651,49,0.00938527573104373,0.0010304780928057117,SlideLeft -> LiftFromLeftSupport -> FreeTransferWorkspace,97,7,True,7.26496890000999,0.92,0.85,-0.05,0.9,0.26666666666666666,-0.1,0.7,0.85,-0.05,0.9,0.26666666666666666,-0.1,0.7,96,0.0,SlideLeft,0.26666666666666666,-0.1,0.7,8.583285600005183
ok,49,50,start-anchored,0,0.85,0.0,0.7,0.26666666666666666,-0.1,0.7,0.0,PlaceOnRightSupport,0.85,0.0,0.7,50,1.0,0.9726551999920048,50,0.009385100081142194,0.0008979308343453813,SlideLeft -> LiftFromLeftSupport -> FreeTransferWorkspace -> PlaceOnRightSupport,99,7,True,7.384614499984309,0.92,0.85,0.0,0.7,0.26666666666666666,-0.1,0.7,0.85,0.0,0.7,0.26666666666666666,-0.1,0.7,98,0.0,SlideLeft,0.26666666666666666,-0.1,0.7,8.70656829996733
ok,48,49,start-anchored,0,0.85,0.0,0.9,0.26666666666666666,-0.1,0.7,0.0,FreeTransferWorkspace,0.85,0.0,0.9,49,1.0,0.8686244999989867,49,0.00938527573104373,0.0010721577714400351,SlideLeft -> LiftFromLeftSupport -> FreeTransferWorkspace,97,7,True,6.8243995000375435,0.92,0.85,0.0,0.9,0.26666666666666666,-0.1,0.7,0.85,0.0,0.9,0.26666666666666666,-0.1,0.7,96,0.0,SlideLeft,0.26666666666666666,-0.1,0.7,8.018533200025558
ok,49,50,start-anchored,0,0.85,0.05000000000000002,0.7,0.26666666666666666,-0.1,0.7,0.0,PlaceOnRightSupport,0.85,0.05000000000000002,0.7,50,1.0,0.944501299993135,50,0.009385100081142194,0.0008690252659634136,SlideLeft -> LiftFromLeftSupport -> FreeTransferWorkspace -> PlaceOnRightSupport,98,7,True,7.238641700008884,0.92,0.85,0.05000000000000002,0.7,0.26666666666666666,-0.1,0.7,0.85,0.05000000000000002,0.7,0.26666666666666666,-0.1,0.7,97,0.0,SlideLeft,0.26666666666666666,-0.1,0.7,8.474183499987703
ok,48,49,start-anchored,0,0.85,0.05000000000000002,0.9,0.26666666666666666,-0.1,0.7,0.0,FreeTransferWorkspace,0.85,0.05000000000000002,0.9,49,1.0,0.8748252000077628,49,0.00938527573104373,0.001134901214281574,SlideLeft -> LiftFromLeftSupport -> FreeTransferWorkspace,97,7,True,6.812942000047769,0.92,0.85,0.05000000000000002,0.9,0.26666666666666666,-0.1,0.7,0.85,0.05000000000000002,0.9,0.26666666666666666,-0.1,0.7,96,0.0,SlideLeft,0.26666666666666666,-0.1,0.7,7.98993750003865
ok,49,50,start-anchored,0,0.85,0.1,0.7,0.26666666666666666,-0.1,0.7,0.0,PlaceOnRightSupport,0.85,0.1,0.7,50,1.0,0.9815740999765694,50,0.009385100081142194,0.0009284187509101053,SlideLeft -> LiftFromLeftSupport -> FreeTransferWorkspace -> PlaceOnRightSupport,98,7,True,6.946853099972941,0.92,0.85,0.1,0.7,0.26666666666666666,-0.1,0.7,0.85,0.1,0.7,0.26666666666666666,-0.1,0.7,97,0.0,SlideLeft,0.26666666666666666,-0.1,0.7,8.368623799993657
ok,48,49,start-anchored,0,0.85,0.1,0.9,0.26666666666666666,-0.1,0.7,0.0,FreeTransferWorkspace,0.85,0.1,0.9,49,1.0,0.9546307999989949,49,0.010290100261018214,0.0012219599710306757,SlideLeft -> LiftFromLeftSupport -> FreeTransferWorkspace,97,7,True,7.054512800008524,0.92,0.85,0.1,0.9,0.26666666666666666,-0.1,0.7,0.85,0.1,0.9,0.26666666666666666,-0.1,0.7,96,0.0,SlideLeft,0.26666666666666666,-0.1,0.7,8.34867660002783
ok,56,57,start-anchored,0,0.9333333333333333,-0.1,0.7,0.26666666666666666,-0.1,0.7,0.0,PlaceOnRightSupport,0.9333333333333333,-0.1,0.7,57,1.0,1.0741350000025705,57,0.009385346328373814,0.000926375327598734,SlideLeft -> LiftFromLeftSupport -> FreeTransferWorkspace -> PlaceOnRightSupport,113,7,True,7.224022799986415,0.92,0.9333333333333333,-0.1,0.7,0.26666666666666666,-0.1,0.7,0.9333333333333333,-0.1,0.7,0.26666666666666666,-0.1,0.7,112,0.0,SlideLeft,0.26666666666666666,-0.1,0.7,8.630838899989612
ok,49,50,start-anchored,0,0.9333333333333333,-0.1,0.9,0.26666666666666666,-0.1,0.7,0.0,FreeTransferWorkspace,0.9333333333333333,-0.1,0.9,50,1.0,1.0188895000028424,50,0.011170386910841204,0.0012021056235344664,SlideLeft -> LiftFromLeftSupport -> FreeTransferWorkspace,98,7,True,7.024909999978263,0.92,0.9333333333333333,-0.1,0.9,0.26666666666666666,-0.1,0.7,0.9333333333333333,-0.1,0.9,0.26666666666666666,-0.1,0.7,97,0.0,SlideLeft,0.26666666666666666,-0.1,0.7,8.378374400024768
ok,50,51,start-anchored,0,0.9333333333333333,-0.05,0.7,0.26666666666666666,-0.1,0.7,0.0,PlaceOnRightSupport,0.9333333333333333,-0.05,0.7,51,1.0,0.9821128999465145,51,0.009385346328373814,0.0009062497360713742,SlideLeft -> LiftFromLeftSupport -> FreeTransferWorkspace -> PlaceOnRightSupport,101,7,True,7.0008424000116065,0.92,0.9333333333333333,-0.05,0.7,0.26666666666666666,-0.1,0.7,0.9333333333333333,-0.05,0.7,0.26666666666666666,-0.1,0.7,100,0.0,SlideLeft,0.26666666666666666,-0.1,0.7,8.312843599996995
ok,49,50,start-anchored,0,0.9333333333333333,-0.05,0.9,0.26666666666666666,-0.1,0.7,0.0,FreeTransferWorkspace,0.9333333333333333,-0.05,0.9,50,1.0,0.9129963999730535,50,0.01213940389928287,0.0012222400309739256,SlideLeft -> LiftFromLeftSupport -> FreeTransferWorkspace,98,7,True,7.117435900028795,0.92,0.9333333333333333,-0.05,0.9,0.26666666666666666,-0.1,0.7,0.9333333333333333,-0.05,0.9,0.26666666666666666,-0.1,0.7,97,0.0,SlideLeft,0.26666666666666666,-0.1,0.7,8.379782199976034
ok,50,51,start-anchored,0,0.9333333333333333,0.0,0.7,0.26666666666666666,-0.1,0.7,0.0,PlaceOnRightSupport,0.9333333333333333,0.0,0.7,51,1.0,1.0362025999929756,51,0.009385346328373814,0.000923765673198954,SlideLeft -> LiftFromLeftSupport -> FreeTransferWorkspace -> PlaceOnRightSupport,100,7,True,7.296402600011788,0.92,0.9333333333333333,0.0,0.7,0.26666666666666666,-0.1,0.7,0.9333333333333333,0.0,0.7,0.26666666666666666,-0.1,0.7,99,0.0,SlideLeft,0.26666666666666666,-0.1,0.7,8.658998499973677
ok,49,50,start-anchored,0,0.9333333333333333,0.0,0.9,0.26666666666666666,-0.1,0.7,0.0,FreeTransferWorkspace,0.9333333333333333,0.0,0.9,50,1.0,0.9874427000177093,50,0.01323456326137409,0.0012671558866258164,SlideLeft -> LiftFromLeftSupport -> FreeTransferWorkspace,98,7,True,7.026089799997862,0.92,0.9333333333333333,0.0,0.9,0.26666666666666666,-0.1,0.7,0.9333333333333333,0.0,0.9,0.26666666666666666,-0.1,0.7,97,0.0,SlideLeft,0.26666666666666666,-0.1,0.7,8.331088899984024
ok,50,51,start-anchored,0,0.9333333333333333,0.05000000000000002,0.7,0.26666666666666666,-0.1,0.7,0.0,PlaceOnRightSupport,0.9333333333333333,0.05000000000000002,0.7,51,1.0,0.9677235999843106,51,0.009385346328373814,0.0009751730704811062,SlideLeft -> LiftFromLeftSupport -> FreeTransferWorkspace -> PlaceOnRightSupport,100,7,True,6.969398799992632,0.92,0.9333333333333333,0.05000000000000002,0.7,0.26666666666666666,-0.1,0.7,0.9333333333333333,0.05000000000000002,0.7,0.26666666666666666,-0.1,0.7,99,0.0,SlideLeft,0.26666666666666666,-0.1,0.7,8.27496730000712
ok,49,50,start-anchored,0,0.9333333333333333,0.05000000000000002,0.9,0.26666666666666666,-0.1,0.7,0.0,FreeTransferWorkspace,0.9333333333333333,0.05000000000000002,0.9,50,1.0,1.0219993999926373,50,0.014604710223529837,0.0013413087269789434,SlideLeft -> LiftFromLeftSupport -> FreeTransferWorkspace,98,7,True,6.953087100002449,0.92,0.9333333333333333,0.05000000000000002,0.9,0.26666666666666666,-0.1,0.7,0.9333333333333333,0.05000000000000002,0.9,0.26666666666666666,-0.1,0.7,97,0.0,SlideLeft,0.26666666666666666,-0.1,0.7,8.321731000032742
ok,50,51,start-anchored,0,0.9333333333333333,0.1,0.7,0.26666666666666666,-0.1,0.7,0.0,PlaceOnRightSupport,0.9333333333333333,0.1,0.7,51,1.0,0.9561369000002742,51,0.009385346328373814,0.0010335960699158668,SlideLeft -> LiftFromLeftSupport -> FreeTransferWorkspace -> PlaceOnRightSupport,100,7,True,7.016182899998967,0.92,0.9333333333333333,0.1,0.7,0.26666666666666666,-0.1,0.7,0.9333333333333333,0.1,0.7,0.26666666666666666,-0.1,0.7,99,0.0,SlideLeft,0.26666666666666666,-0.1,0.7,8.311409000016283
ok,49,50,start-anchored,0,0.9333333333333333,0.1,0.9,0.26666666666666666,-0.1,0.7,0.0,FreeTransferWorkspace,0.9333333333333333,0.1,0.9,50,1.0,0.9865049999789335,50,0.016371273089529265,0.0014528042581012355,SlideLeft -> LiftFromLeftSupport -> FreeTransferWorkspace,98,7,True,7.126105299976189,0.92,0.9333333333333333,0.1,0.9,0.26666666666666666,-0.1,0.7,0.9333333333333333,0.1,0.9,0.26666666666666666,-0.1,0.7,97,0.0,SlideLeft,0.26666666666666666,-0.1,0.7,8.447515700012445
ok,56,57,start-anchored,0,1.0166666666666666,-0.1,0.7,0.26666666666666666,-0.1,0.7,0.0,PlaceOnRightSupport,1.0166666666666666,-0.1,0.7,57,1.0,1.2986946000019088,57,0.009385346328373814,0.0008995465155238121,SlideLeft -> LiftFromLeftSupport -> FreeTransferWorkspace -> PlaceOnRightSupport,113,7,True,7.031342100002803,0.92,1.0166666666666666,-0.1,0.7,0.26666666666666666,-0.1,0.7,1.0166666666666666,-0.1,0.7,0.26666666666666666,-0.1,0.7,112,0.0,SlideLeft,0.26666666666666666,-0.1,0.7,8.659539100015536
ok,50,51,start-anchored,0,1.0166666666666666,-0.1,0.9,0.26666666666666666,-0.1,0.7,0.0,FreeTransferWorkspace,1.0166666666666666,-0.1,0.9,51,1.0,0.9853342000278644,51,0.01884678518158678,0.0014834198238905837,SlideLeft -> LiftFromLeftSupport -> FreeTransferWorkspace,100,7,True,7.043522399966605,0.92,1.0166666666666666,-0.1,0.9,0.26666666666666666,-0.1,0.7,1.0166666666666666,-0.1,0.9,0.26666666666666666,-0.1,0.7,99,0.0,SlideLeft,0.26666666666666666,-0.1,0.7,8.3501231999835
ok,56,57,start-anchored,0,1.0166666666666666,-0.05,0.7,0.26666666666666666,-0.1,0.7,0.0,PlaceOnRightSupport,1.0166666666666666,-0.05,0.7,57,1.0,1.1162216000375338,57,0.009385346328373814,0.0009248596426016895,SlideLeft -> LiftFromLeftSupport -> FreeTransferWorkspace -> PlaceOnRightSupport,112,7,True,6.876892699976452,0.92,1.0166666666666666,-0.05,0.7,0.26666666666666666,-0.1,0.7,1.0166666666666666,-0.05,0.7,0.26666666666666666,-0.1,0.7,111,0.0,SlideLeft,0.26666666666666666,-0.1,0.7,8.345377699995879
ok,49,50,start-anchored,0,1.0166666666666666,-0.05,0.9,0.26666666666666666,-0.1,0.7,0.0,FreeTransferWorkspace,1.0166666666666666,-0.05,0.9,50,1.0,1.0261838000151329,50,0.018032274025891675,0.0014496525748956771,SlideLeft -> LiftFromLeftSupport -> FreeTransferWorkspace,99,7,True,7.112759099982213,0.92,1.0166666666666666,-0.05,0.9,0.26666666666666666,-0.1,0.7,1.0166666666666666,-0.05,0.9,0.26666666666666666,-0.1,0.7,98,0.0,SlideLeft,0.26666666666666666,-0.1,0.7,8.481516400002874
ok,56,57,start-anchored,0,1.0166666666666666,0.0,0.7,0.26666666666666666,-0.1,0.7,0.0,PlaceOnRightSupport,1.0166666666666666,0.0,0.7,57,1.0,1.1367801000014879,57,0.009385346328373814,0.0009616596750022762,SlideLeft -> LiftFromLeftSupport -> FreeTransferWorkspace -> PlaceOnRightSupport,113,7,True,6.937152900034562,0.92,1.0166666666666666,0.0,0.7,0.26666666666666666,-0.1,0.7,1.0166666666666666,0.0,0.7,0.26666666666666666,-0.1,0.7,112,0.0,SlideLeft,0.26666666666666666,-0.1,0.7,8.413480799994431
ok,49,50,start-anchored,0,1.0166666666666666,0.0,0.9,0.26666666666666666,-0.1,0.7,0.0,FreeTransferWorkspace,1.0166666666666666,0.0,0.9,50,1.0,1.0071472999989055,50,0.018438828685271056,0.001500564026956693,SlideLeft -> LiftFromLeftSupport -> FreeTransferWorkspace,99,7,True,7.097778700001072,0.92,1.0166666666666666,0.0,0.9,0.26666666666666666,-0.1,0.7,1.0166666666666666,0.0,0.9,0.26666666666666666,-0.1,0.7,98,0.0,SlideLeft,0.26666666666666666,-0.1,0.7,8.439955699956045
ok,51,52,start-anchored,0,1.0166666666666666,0.05000000000000002,0.7,0.26666666666666666,-0.1,0.7,0.0,PlaceOnRightSupport,1.0166666666666666,0.05000000000000002,0.7,52,1.0,0.9739632999990135,52,0.00979650200197093,0.0011062648315280563,SlideLeft -> LiftFromLeftSupport -> FreeTransferWorkspace -> PlaceOnRightSupport,103,7,True,7.211994700017385,0.92,1.0166666666666666,0.05000000000000002,0.7,0.26666666666666666,-0.1,0.7,1.0166666666666666,0.05000000000000002,0.7,0.26666666666666666,-0.1,0.7,102,0.0,SlideLeft,0.26666666666666666,-0.1,0.7,8.50775240000803
ok,49,50,start-anchored,0,1.0166666666666666,0.05000000000000002,0.9,0.26666666666666666,-0.1,0.7,0.0,FreeTransferWorkspace,1.0166666666666666,0.05000000000000002,0.9,50,1.0,1.0925968999508768,50,0.020449415688862126,0.001591482053784138,SlideLeft -> LiftFromLeftSupport -> FreeTransferWorkspace,99,7,True,7.857885700010229,0.92,1.0166666666666666,0.05000000000000002,0.9,0.26666666666666666,-0.1,0.7,1.0166666666666666,0.05000000000000002,0.9,0.26666666666666666,-0.1,0.7,98,0.0,SlideLeft,0.26666666666666666,-0.1,0.7,9.305343799991533
ok,51,52,start-anchored,0,1.0166666666666666,0.1,0.7,0.26666666666666666,-0.1,0.7,0.0,PlaceOnRightSupport,1.0166666666666666,0.1,0.7,52,1.0,1.0608517000218853,52,0.009385346328373814,0.0011775368473979039,SlideLeft -> LiftFromLeftSupport -> FreeTransferWorkspace -> PlaceOnRightSupport,103,7,True,6.971963399962988,0.92,1.0166666666666666,0.1,0.7,0.26666666666666666,-0.1,0.7,1.0166666666666666,0.1,0.7,0.26666666666666666,-0.1,0.7,102,0.0,SlideLeft,0.26666666666666666,-0.1,0.7,8.341535300016403
ok,49,50,start-anchored,0,1.0166666666666666,0.1,0.9,0.26666666666666666,-0.1,0.7,0.0,FreeTransferWorkspace,1.0166666666666666,0.1,0.9,50,1.0,0.964621499995701,50,0.02471218553094539,0.0017356347754269544,SlideLeft -> LiftFromLeftSupport -> FreeTransferWorkspace,99,7,True,7.113045400008559,0.92,1.0166666666666666,0.1,0.9,0.26666666666666666,-0.1,0.7,1.0166666666666666,0.1,0.9,0.26666666666666666,-0.1,0.7,98,0.0,SlideLeft,0.26666666666666666,-0.1,0.7,8.429437099955976
ok,57,58,start-anchored,0,1.1,-0.1,0.7,0.26666666666666666,-0.1,0.7,0.0,PlaceOnRightSupport,1.1,-0.1,0.7,58,1.0,1.148608899966348,58,0.009385346328373814,0.0010628641529431373,SlideLeft -> LiftFromLeftSupport -> FreeTransferWorkspace -> PlaceOnRightSupport,114,7,True,6.916037000017241,0.92,1.1,-0.1,0.7,0.26666666666666666,-0.1,0.7,1.1,-0.1,0.7,0.26666666666666666,-0.1,0.7,113,0.0,SlideLeft,0.26666666666666666,-0.1,0.7,8.383778799965512
ok,49,50,start-anchored,0,1.0238410535901419,-0.08242568041993423,0.8847682107180284,0.26666666666666666,-0.1,0.7,0.07963070533212878,FreeTransferWorkspace,1.1,-0.1,0.9,50,0.9803921568627451,1.0099243000149727,51,0.020206661822707254,0.0017736837726254253,SlideLeft -> LiftFromLeftSupport -> FreeTransferWorkspace,101,7,True,7.123362899990752,0.92,1.1,-0.1,0.9,0.26666666666666666,-0.1,0.7,1.1,-0.1,0.9,0.26666666666666666,-0.1,0.7,100,0.0,SlideLeft,0.26666666666666666,-0.1,0.7,8.4571649999707
ok,57,58,start-anchored,0,1.1,-0.05,0.7,0.26666666666666666,-0.1,0.7,0.0,PlaceOnRightSupport,1.1,-0.05,0.7,58,1.0,1.0842093999963254,58,0.01177553385496182,0.0010967645483918138,SlideLeft -> LiftFromLeftSupport -> FreeTransferWorkspace -> PlaceOnRightSupport,114,7,True,7.1412654999876395,0.92,1.1,-0.05,0.7,0.26666666666666666,-0.1,0.7,1.1,-0.05,0.7,0.26666666666666666,-0.1,0.7,113,0.0,SlideLeft,0.26666666666666666,-0.1,0.7,8.558055500034243
ok,49,50,start-anchored,0,1.0317665553364495,-0.03950328334281093,0.8863533110672899,0.26666666666666666,-0.1,0.7,0.07037198412764338,FreeTransferWorkspace,1.1,-0.05,0.9,50,0.9803921568627451,1.0329354000277817,51,0.020396309111250798,0.0018256957174725941,SlideLeft -> LiftFromLeftSupport -> FreeTransferWorkspace,101,7,True,7.1081563999759965,0.92,1.1,-0.05,0.9,0.26666666666666666,-0.1,0.7,1.1,-0.05,0.9,0.26666666666666666,-0.1,0.7,100,0.0,SlideLeft,0.26666666666666666,-0.1,0.7,8.465876300004311
ok,56,57,start-anchored,0,1.0784315962433346,-0.006068761849175774,0.7,0.26666666666666666,-0.1,0.7,0.022405934727043914,PlaceOnRightSupport,1.1,0.0,0.7,57,0.9827586206896551,1.158457100042142,58,0.013151663664779198,0.0011405553076399594,SlideLeft -> LiftFromLeftSupport -> FreeTransferWorkspace -> PlaceOnRightSupport,114,7,True,7.0428606000496075,0.92,1.1,0.0,0.7,0.26666666666666666,-0.1,0.7,1.1,0.0,0.7,0.26666666666666666,-0.1,0.7,113,0.0,SlideLeft,0.26666666666666666,-0.1,0.7,8.50365630001761
ok,49,50,start-anchored,0,1.0366822527463213,0.004869912624294165,0.8873364505492642,0.26666666666666666,-0.1,0.7,0.06475506660439967,FreeTransferWorkspace,1.1,0.0,0.9,50,0.9803921568627451,1.0143849999876693,51,0.02261631602687434,0.0019357022133448113,SlideLeft -> LiftFromLeftSupport -> FreeTransferWorkspace,101,7,True,7.061180500022601,0.92,1.1,0.0,0.9,0.26666666666666666,-0.1,0.7,1.1,0.0,0.9,0.26666666666666666,-0.1,0.7,100,0.0,SlideLeft,0.26666666666666666,-0.1,0.7,8.37763610004913
ok,56,57,start-anchored,0,1.0637089292857012,0.02655176598466727,0.7,0.26666666666666666,-0.1,0.7,0.0432071925960025,PlaceOnRightSupport,1.1,0.05000000000000002,0.7,57,0.9827586206896551,1.1403184999944642,58,0.013165609871568918,0.0011945323590179442,SlideLeft -> LiftFromLeftSupport -> FreeTransferWorkspace -> PlaceOnRightSupport,114,7,True,7.042727899970487,0.92,1.1,0.05000000000000002,0.7,0.26666666666666666,-0.1,0.7,1.1,0.05000000000000002,0.7,0.26666666666666666,-0.1,0.7,113,0.0,SlideLeft,0.26666666666666666,-0.1,0.7,8.497982600005344
ok,49,50,start-anchored,0,1.038348405381609,0.04999933466264297,0.8876696810763218,0.26666666666666666,-0.1,0.7,0.06287253680417802,FreeTransferWorkspace,1.1,0.05000000000000002,0.9,50,0.9803921568627451,0.9965364999952726,51,0.027802732488428832,0.002125469203367567,SlideLeft -> LiftFromLeftSupport -> FreeTransferWorkspace,101,7,True,7.044857900007628,0.92,1.1,0.05000000000000002,0.9,0.26666666666666666,-0.1,0.7,1.1,0.05000000000000002,0.9,0.26666666666666666,-0.1,0.7,100,0.0,SlideLeft,0.26666666666666666,-0.1,0.7,8.353654999984428
ok,56,57,start-anchored,0,1.0473105518815382,0.04673840745115024,0.7,0.26666666666666666,-0.1,0.7,0.07491979166994377,PlaceOnRightSupport,1.1,0.1,0.7,57,0.9827586206896551,1.1249909999896772,58,0.012712343578451324,0.0012656199855844907,SlideLeft -> LiftFromLeftSupport -> FreeTransferWorkspace -> PlaceOnRightSupport,115,7,True,6.854395299975295,0.92,1.1,0.1,0.7,0.26666666666666666,-0.1,0.7,1.1,0.1,0.7,0.26666666666666666,-0.1,0.7,114,0.0,SlideLeft,0.26666666666666666,-0.1,0.7,8.301079400000162
ok,48,49,start-anchored,0,0.9193450571571378,0.08610151632651356,0.8638690114314276,0.26666666666666666,-0.1,0.7,0.18475612183882387,FreeTransferWorkspace,1.1,0.1,0.9,49,0.9607843137254902,1.0541997999534942,51,0.03740693275109626,0.002427332972452478,SlideLeft -> LiftFromLeftSupport -> FreeTransferWorkspace,101,7,True,6.940201200020965,0.92,1.1,0.1,0.9,0.26666666666666666,-0.1,0.7,1.1,0.1,0.9,0.26666666666666666,-0.1,0.7,100,0.0,SlideLeft,0.26666666666666666,-0.1,0.7,8.312013300019316
ok,50,51,start-anchored,0,0.85,-0.1,0.7,0.26666666666666666,-0.05,0.7,0.0,PlaceOnRightSupport,0.85,-0.1,0.7,51,1.0,0.9529005999793299,51,0.007853747979066053,0.0010435504853797575,SlideLeft -> LiftFromLeftSupport -> FreeTransferWorkspace -> PlaceOnRightSupport,101,7,True,7.057924300024752,0.92,0.85,-0.1,0.7,0.26666666666666666,-0.05,0.7,0.85,-0.1,0.7,0.26666666666666666,-0.05,0.7,100,0.0,SlideLeft,0.26666666666666666,-0.05,0.7,8.339105699968059
ok,48,49,start-anchored,0,0.85,-0.1,0.9,0.26666666666666666,-0.05,0.7,0.0,FreeTransferWorkspace,0.85,-0.1,0.9,49,1.0,0.9445857999962755,49,0.007773462383107362,0.001006265262528402,SlideLeft -> LiftFromLeftSupport -> FreeTransferWorkspace,97,7,True,7.021241499984171,0.92,0.85,-0.1,0.9,0.26666666666666666,-0.05,0.7,0.85,-0.1,0.9,0.26666666666666666,-0.05,0.7,96,0.0,SlideLeft,0.26666666666666666,-0.05,0.7,8.29971160000423
ok,49,50,start-anchored,0,0.856202861138528,-0.03455313257325132,0.7,0.26666666666666666,-0.05,0.7,0.0,PlaceOnRightSupport,0.85,-0.05,0.7,50,1.0,0.9747692000237294,50,0.007773390669485785,0.0009221108493633771,SlideLeft -> LiftFromLeftSupport -> FreeTransferWorkspace -> PlaceOnRightSupport,99,7,True,6.996618099976331,0.92,0.85,-0.05,0.7,0.26666666666666666,-0.05,0.7,0.856202861138528,-0.03455313257325132,0.7,0.26666666666666666,-0.05,0.7,98,0.0,SlideLeft,0.26666666666666666,-0.05,0.7,8.29597149998881
ok,48,49,start-anchored,0,0.85,-0.05,0.9,0.26666666666666666,-0.05,0.7,0.0,FreeTransferWorkspace,0.85,-0.05,0.9,49,1.0,0.8258024000097066,49,0.007773462383107362,0.0010286183733089916,SlideLeft -> LiftFromLeftSupport -> FreeTransferWorkspace,97,7,True,7.13872220000485,0.92,0.85,-0.05,0.9,0.26666666666666666,-0.05,0.7,0.85,-0.05,0.9,0.26666666666666666,-0.05,0.7,96,0.0,SlideLeft,0.26666666666666666,-0.05,0.7,8.216234099993017
ok,49,50,start-anchored,0,0.85,0.0,0.7,0.26666666666666666,-0.05,0.7,0.0,PlaceOnRightSupport,0.85,0.0,0.7,50,1.0,1.0125966999912634,50,0.007773390669485785,0.000896499242572546,SlideLeft -> LiftFromLeftSupport -> FreeTransferWorkspace -> PlaceOnRightSupport,99,7,True,6.982292499975301,0.92,0.85,0.0,0.7,0.26666666666666666,-0.05,0.7,0.85,0.0,0.7,0.26666666666666666,-0.05,0.7,98,0.0,SlideLeft,0.26666666666666666,-0.05,0.7,8.447431300010066
ok,48,49,start-anchored,0,0.85,0.0,0.9,0.26666666666666666,-0.05,0.7,0.0,FreeTransferWorkspace,0.85,0.0,0.9,49,1.0,0.9193440999952145,49,0.007875623922979092,0.0010700853854473471,SlideLeft -> LiftFromLeftSupport -> FreeTransferWorkspace,97,7,True,6.965803999977652,0.92,0.85,0.0,0.9,0.26666666666666666,-0.05,0.7,0.85,0.0,0.9,0.26666666666666666,-0.05,0.7,96,0.0,SlideLeft,0.26666666666666666,-0.05,0.7,8.201957200013567
ok,49,50,start-anchored,0,0.85,0.05000000000000002,0.7,0.26666666666666666,-0.05,0.7,0.0,PlaceOnRightSupport,0.85,0.05000000000000002,0.7,50,1.0,1.022469999967143,50,0.007773390669485785,0.0008675826577028852,SlideLeft -> LiftFromLeftSupport -> FreeTransferWorkspace -> PlaceOnRightSupport,98,7,True,6.972894899954554,0.92,0.85,0.05000000000000002,0.7,0.26666666666666666,-0.05,0.7,0.85,0.05000000000000002,0.7,0.26666666666666666,-0.05,0.7,97,0.0,SlideLeft,0.26666666666666666,-0.05,0.7,8.33431320003001
ok,48,49,start-anchored,0,0.85,0.05000000000000002,0.9,0.26666666666666666,-0.05,0.7,0.0,FreeTransferWorkspace,0.85,0.05000000000000002,0.9,49,1.0,0.9903178999666125,49,0.009041344832781274,0.0011326866601682503,SlideLeft -> LiftFromLeftSupport -> FreeTransferWorkspace,97,7,True,7.166550899972208,0.92,0.85,0.05000000000000002,0.9,0.26666666666666666,-0.05,0.7,0.85,0.05000000000000002,0.9,0.26666666666666666,-0.05,0.7,96,0.0,SlideLeft,0.26666666666666666,-0.05,0.7,8.480657599982806
ok,49,50,start-anchored,0,0.85,0.1,0.7,0.26666666666666666,-0.05,0.7,0.0,PlaceOnRightSupport,0.85,0.1,0.7,50,1.0,1.0096889999695122,50,0.007773390669485785,0.0009268933315415205,SlideLeft -> LiftFromLeftSupport -> FreeTransferWorkspace -> PlaceOnRightSupport,98,7,True,6.973263299965765,0.92,0.85,0.1,0.7,0.26666666666666666,-0.05,0.7,0.85,0.1,0.7,0.26666666666666666,-0.05,0.7,97,0.0,SlideLeft,0.26666666666666666,-0.05,0.7,8.291901500022504
ok,48,49,start-anchored,0,0.85,0.1,0.9,0.26666666666666666,-0.05,0.7,0.0,FreeTransferWorkspace,0.85,0.1,0.9,49,1.0,0.9352931999601424,49,0.010266222907484182,0.0012196301247851915,SlideLeft -> LiftFromLeftSupport -> FreeTransferWorkspace,97,7,True,6.913882200024091,0.92,0.85,0.1,0.9,0.26666666666666666,-0.05,0.7,0.85,0.1,0.9,0.26666666666666666,-0.05,0.7,96,0.0,SlideLeft,0.26666666666666666,-0.05,0.7,8.175075299979653
ok,56,57,start-anchored,0,0.9333333333333333,-0.1,0.7,0.26666666666666666,-0.05,0.7,0.0,PlaceOnRightSupport,0.9333333333333333,-0.1,0.7,57,1.0,1.133929499948863,57,0.007773134834420985,0.0009246185495107458,SlideLeft -> LiftFromLeftSupport -> FreeTransferWorkspace -> PlaceOnRightSupport,113,7,True,6.803217800043058,0.92,0.9333333333333333,-0.1,0.7,0.26666666666666666,-0.05,0.7,0.9333333333333333,-0.1,0.7,0.26666666666666666,-0.05,0.7,112,0.0,SlideLeft,0.26666666666666666,-0.05,0.7,8.248796400032006
ok,49,50,start-anchored,0,0.9333333333333333,-0.1,0.9,0.26666666666666666,-0.05,0.7,0.0,FreeTransferWorkspace,0.9333333333333333,-0.1,0.9,50,1.0,1.0222458999487571,50,0.011132634431758883,0.0011994578460021244,SlideLeft -> LiftFromLeftSupport -> FreeTransferWorkspace,98,7,True,6.98200340004405,0.92,0.9333333333333333,-0.1,0.9,0.26666666666666666,-0.05,0.7,0.9333333333333333,-0.1,0.9,0.26666666666666666,-0.05,0.7,97,0.0,SlideLeft,0.26666666666666666,-0.05,0.7,8.328532800020184
ok,50,51,start-anchored,0,0.9333333333333333,-0.05,0.7,0.26666666666666666,-0.05,0.7,0.0,PlaceOnRightSupport,0.9333333333333333,-0.05,0.7,51,1.0,1.0138022000319324,51,0.007773134834420985,0.0009047569324010402,SlideLeft -> LiftFromLeftSupport -> FreeTransferWorkspace -> PlaceOnRightSupport,101,7,True,7.164868200023193,0.92,0.9333333333333333,-0.05,0.7,0.26666666666666666,-0.05,0.7,0.9333333333333333,-0.05,0.7,0.26666666666666666,-0.05,0.7,100,0.0,SlideLeft,0.26666666666666666,-0.05,0.7,8.48088899999857
ok,49,50,start-anchored,0,0.9333333333333333,-0.05,0.9,0.26666666666666666,-0.05,0.7,0.0,FreeTransferWorkspace,0.9333333333333333,-0.05,0.9,50,1.0,0.945195300038904,50,0.012100538762448917,0.001219574740407238,SlideLeft -> LiftFromLeftSupport -> FreeTransferWorkspace,98,7,True,6.954613999987487,0.92,0.9333333333333333,-0.05,0.9,0.26666666666666666,-0.05,0.7,0.9333333333333333,-0.05,0.9,0.26666666666666666,-0.05,0.7,97,0.0,SlideLeft,0.26666666666666666,-0.05,0.7,8.22009789996082
ok,50,51,start-anchored,0,0.9333333333333333,0.0,0.7,0.26666666666666666,-0.05,0.7,0.0,PlaceOnRightSupport,0.9333333333333333,0.0,0.7,51,1.0,1.0159628000110388,51,0.007773134834420985,0.0009221492768002698,SlideLeft -> LiftFromLeftSupport -> FreeTransferWorkspace -> PlaceOnRightSupport,100,7,True,6.945899499987718,0.92,0.9333333333333333,0.0,0.7,0.26666666666666666,-0.05,0.7,0.9333333333333333,0.0,0.7,0.26666666666666666,-0.05,0.7,99,0.0,SlideLeft,0.26666666666666666,-0.05,0.7,8.275730699999258
ok,49,50,start-anchored,0,0.9333333333333333,0.0,0.9,0.26666666666666666,-0.05,0.7,0.0,FreeTransferWorkspace,0.9333333333333333,0.0,0.9,50,1.0,0.9812084999866784,50,0.013196806321083122,0.0012644527141207785,SlideLeft -> LiftFromLeftSupport -> FreeTransferWorkspace,98,7,True,7.04189980000956,0.92,0.9333333333333333,0.0,0.9,0.26666666666666666,-0.05,0.7,0.9333333333333333,0.0,0.9,0.26666666666666666,-0.05,0.7,97,0.0,SlideLeft,0.26666666666666666,-0.05,0.7,8.35290850000456
ok,50,51,start-anchored,0,0.9333333333333333,0.05000000000000002,0.7,0.26666666666666666,-0.05,0.7,0.0,PlaceOnRightSupport,0.9333333333333333,0.05000000000000002,0.7,51,1.0,1.0184384000021964,51,0.007773134834420985,0.0009734899872212238,SlideLeft -> LiftFromLeftSupport -> FreeTransferWorkspace -> PlaceOnRightSupport,100,7,True,7.191398700000718,0.92,0.9333333333333333,0.05000000000000002,0.7,0.26666666666666666,-0.05,0.7,0.9333333333333333,0.05000000000000002,0.7,0.26666666666666666,-0.05,0.7,99,0.0,SlideLeft,0.26666666666666666,-0.05,0.7,8.543628599960357
ok,49,50,start-anchored,0,0.9333333333333333,0.05000000000000002,0.9,0.26666666666666666,-0.05,0.7,0.0,FreeTransferWorkspace,0.9333333333333333,0.05000000000000002,0.9,50,1.0,0.973746299976483,50,0.014568753351581093,0.0013385515689176967,SlideLeft -> LiftFromLeftSupport -> FreeTransferWorkspace,98,7,True,6.957721100014169,0.92,0.9333333333333333,0.05000000000000002,0.9,0.26666666666666666,-0.05,0.7,0.9333333333333333,0.05000000000000002,0.9,0.26666666666666666,-0.05,0.7,97,0.0,SlideLeft,0.26666666666666666,-0.05,0.7,8.26416830002563
ok,50,51,start-anchored,0,0.9333333333333333,0.1,0.7,0.26666666666666666,-0.05,0.7,0.0,PlaceOnRightSupport,0.9333333333333333,0.1,0.7,51,1.0,0.9762878000037745,51,0.007773134834420985,0.0010318096277971611,SlideLeft -> LiftFromLeftSupport -> FreeTransferWorkspace -> PlaceOnRightSupport,100,7,True,7.095702600025106,0.92,0.9333333333333333,0.1,0.7,0.26666666666666666,-0.05,0.7,0.9333333333333333,0.1,0.7,0.26666666666666666,-0.05,0.7,99,0.0,SlideLeft,0.26666666666666666,-0.05,0.7,8.38871080003446
ok,49,50,start-anchored,0,0.9333333333333333,0.1,0.9,0.26666666666666666,-0.05,0.7,0.0,FreeTransferWorkspace,0.9333333333333333,0.1,0.9,50,1.0,0.8921391000039876,50,0.016337026176330417,0.001449980877190641,SlideLeft -> LiftFromLeftSupport -> FreeTransferWorkspace,98,7,True,6.810887599946,0.92,0.9333333333333333,0.1,0.9,0.26666666666666666,-0.05,0.7,0.9333333333333333,0.1,0.9,0.26666666666666666,-0.05,0.7,97,0.0,SlideLeft,0.26666666666666666,-0.05,0.7,8.006020300032105
ok,56,57,start-anchored,0,1.0166666666666666,-0.1,0.7,0.26666666666666666,-0.05,0.7,0.0,PlaceOnRightSupport,1.0166666666666666,-0.1,0.7,57,1.0,1.102749000012409,57,0.007773134834420985,0.0008978019934002468,SlideLeft -> LiftFromLeftSupport -> FreeTransferWorkspace -> PlaceOnRightSupport,113,7,True,6.790775100002065,0.92,1.0166666666666666,-0.1,0.7,0.26666666666666666,-0.05,0.7,1.0166666666666666,-0.1,0.7,0.26666666666666666,-0.05,0.7,112,0.0,SlideLeft,0.26666666666666666,-0.05,0.7,8.224395300028846
ok,50,51,start-anchored,0,1.0166666666666666,-0.1,0.9,0.26666666666666666,-0.05,0.7,0.0,FreeTransferWorkspace,1.0166666666666666,-0.1,0.9,51,1.0,0.9868199999909848,51,0.018787346581857215,0.0014798599981740072,SlideLeft -> LiftFromLeftSupport -> FreeTransferWorkspace,100,7,True,7.010787400009576,0.92,1.0166666666666666,-0.1,0.9,0.26666666666666666,-0.05,0.7,1.0166666666666666,-0.1,0.9,0.26666666666666666,-0.05,0.7,99,0.0,SlideLeft,0.26666666666666666,-0.05,0.7,8.319572700012941
ok,56,57,start-anchored,0,1.0166666666666666,-0.05,0.7,0.26666666666666666,-0.05,0.7,0.0,PlaceOnRightSupport,1.0166666666666666,-0.05,0.7,57,1.0,1.094125300005544,57,0.007773134834420985,0.0009230797936731047,SlideLeft -> LiftFromLeftSupport -> FreeTransferWorkspace -> PlaceOnRightSupport,112,7,True,7.0174433999927714,0.92,1.0166666666666666,-0.05,0.7,0.26666666666666666,-0.05,0.7,1.0166666666666666,-0.05,0.7,0.26666666666666666,-0.05,0.7,111,0.0,SlideLeft,0.26666666666666666,-0.05,0.7,8.433378599991556
ok,49,50,start-anchored,0,1.0166666666666666,-0.05,0.9,0.26666666666666666,-0.05,0.7,0.0,FreeTransferWorkspace,1.0166666666666666,-0.05,0.9,50,1.0,0.9985608999850228,50,0.01798477269885269,0.0014465476488181117,SlideLeft -> LiftFromLeftSupport -> FreeTransferWorkspace,99,7,True,6.928883799992036,0.92,1.0166666666666666,-0.05,0.9,0.26666666666666666,-0.05,0.7,1.0166666666666666,-0.05,0.9,0.26666666666666666,-0.05,0.7,98,0.0,SlideLeft,0.26666666666666666,-0.05,0.7,8.253969400015194
ok,56,57,start-anchored,0,1.0166666666666666,0.0,0.7,0.26666666666666666,-0.05,0.7,0.0,PlaceOnRightSupport,1.0166666666666666,0.0,0.7,57,1.0,1.1025729000102729,57,0.007773134834420985,0.0009598535418559251,SlideLeft -> LiftFromLeftSupport -> FreeTransferWorkspace -> PlaceOnRightSupport,113,7,True,6.928979899967089,0.92,1.0166666666666666,0.0,0.7,0.26666666666666666,-0.05,0.7,1.0166666666666666,0.0,0.7,0.26666666666666666,-0.05,0.7,112,0.0,SlideLeft,0.26666666666666666,-0.05,0.7,8.34780549997231
ok,49,50,start-anchored,0,1.0166666666666666,0.0,0.9,0.26666666666666666,-0.05,0.7,0.0,FreeTransferWorkspace,1.0166666666666666,0.0,0.9,50,1.0,0.9606528000440449,50,0.018398781174124842,0.001497507051123505,SlideLeft -> LiftFromLeftSupport -> FreeTransferWorkspace,99,7,True,6.9370292000239715,0.92,1.0166666666666666,0.0,0.9,0.26666666666666666,-0.05,0.7,1.0166666666666666,0.0,0.9,0.26666666666666666,-0.05,0.7,98,0.0,SlideLeft,0.26666666666666666,-0.05,0.7,8.212760700029321
ok,51,52,start-anchored,0,1.0166666666666666,0.05000000000000002,0.7,0.26666666666666666,-0.05,0.7,0.0,PlaceOnRightSupport,1.0166666666666666,0.05000000000000002,0.7,52,1.0,1.004116099968087,52,0.009778519946871225,0.0011042707958383998,SlideLeft -> LiftFromLeftSupport -> FreeTransferWorkspace -> PlaceOnRightSupport,103,7,True,6.848129299993161,0.92,1.0166666666666666,0.05000000000000002,0.7,0.26666666666666666,-0.05,0.7,1.0166666666666666,0.05000000000000002,0.7,0.26666666666666666,-0.05,0.7,102,0.0,SlideLeft,0.26666666666666666,-0.05,0.7,8.162540899997111
ok,49,50,start-anchored,0,1.0166666666666666,0.05000000000000002,0.9,0.26666666666666666,-0.05,0.7,0.0,FreeTransferWorkspace,1.0166666666666666,0.05000000000000002,0.9,50,1.0,1.0115930000320077,50,0.020413787990534307,0.0015884393189398757,SlideLeft -> LiftFromLeftSupport -> FreeTransferWorkspace,99,7,True,6.872537799994461,0.92,1.0166666666666666,0.05000000000000002,0.9,0.26666666666666666,-0.05,0.7,1.0166666666666666,0.05000000000000002,0.9,0.26666666666666666,-0.05,0.7,98,0.0,SlideLeft,0.26666666666666666,-0.05,0.7,8.196269299951382
ok,51,52,start-anchored,0,1.0166666666666666,0.1,0.7,0.26666666666666666,-0.05,0.7,0.0,PlaceOnRightSupport,1.0166666666666666,0.1,0.7,52,1.0,1.0150178999756463,52,0.009326771111127827,0.0011754737361724594,SlideLeft -> LiftFromLeftSupport -> FreeTransferWorkspace -> PlaceOnRightSupport,103,7,True,7.032972300017718,0.92,1.0166666666666666,0.1,0.7,0.26666666666666666,-0.05,0.7,1.0166666666666666,0.1,0.7,0.26666666666666666,-0.05,0.7,102,0.0,SlideLeft,0.26666666666666666,-0.05,0.7,8.370532200031448
ok,49,50,start-anchored,0,1.0166666666666666,0.1,0.9,0.26666666666666666,-0.05,0.7,0.0,FreeTransferWorkspace,1.0166666666666666,0.1,0.9,50,1.0,0.9702923999866471,50,0.024679305775214214,0.001732595801424458,SlideLeft -> LiftFromLeftSupport -> FreeTransferWorkspace,99,7,True,6.975604899984319,0.92,1.0166666666666666,0.1,0.9,0.26666666666666666,-0.05,0.7,1.0166666666666666,0.1,0.9,0.26666666666666666,-0.05,0.7,98,0.0,SlideLeft,0.26666666666666666,-0.05,0.7,8.259656300011557
ok,57,58,start-anchored,0,1.1,-0.1,0.7,0.26666666666666666,-0.05,0.7,0.0,PlaceOnRightSupport,1.1,-0.1,0.7,58,1.0,1.1186670999741182,58,0.009316871864195437,0.0010607124444014537,SlideLeft -> LiftFromLeftSupport -> FreeTransferWorkspace -> PlaceOnRightSupport,114,7,True,7.013222399982624,0.92,1.1,-0.1,0.7,0.26666666666666666,-0.05,0.7,1.1,-0.1,0.7,0.26666666666666666,-0.05,0.7,113,0.0,SlideLeft,0.26666666666666666,-0.05,0.7,8.435338800016325
ok,49,50,start-anchored,0,1.0238410535901419,-0.08242568041993423,0.8847682107180284,0.26666666666666666,-0.05,0.7,0.07963070533212878,FreeTransferWorkspace,1.1,-0.1,0.9,50,0.9803921568627451,0.9521613999968395,51,0.02016810282127211,0.0017698917876092452,SlideLeft -> LiftFromLeftSupport -> FreeTransferWorkspace,101,7,True,6.888315699994564,0.92,1.1,-0.1,0.9,0.26666666666666666,-0.05,0.7,1.1,-0.1,0.9,0.26666666666666666,-0.05,0.7,100,0.0,SlideLeft,0.26666666666666666,-0.05,0.7,8.147113899991382
ok,57,58,start-anchored,0,1.1,-0.05,0.7,0.26666666666666666,-0.05,0.7,0.0,PlaceOnRightSupport,1.1,-0.05,0.7,58,1.0,1.135796400019899,58,0.011748349043447877,0.001094606698982486,SlideLeft -> LiftFromLeftSupport -> FreeTransferWorkspace -> PlaceOnRightSupport,114,7,True,6.845396399963647,0.92,1.1,-0.05,0.7,0.26666666666666666,-0.05,0.7,1.1,-0.05,0.7,0.26666666666666666,-0.05,0.7,113,0.0,SlideLeft,0.26666666666666666,-0.05,0.7,8.300206699990667
ok,49,50,start-anchored,0,1.0317665553364495,-0.03950328334281093,0.8863533110672899,0.26666666666666666,-0.05,0.7,0.07037198412764338,FreeTransferWorkspace,1.1,-0.05,0.9,50,0.9803921568627451,1.0131440000259317,51,0.020364476127626773,0.001822079452712433,SlideLeft -> LiftFromLeftSupport -> FreeTransferWorkspace,101,7,True,6.908131300006062,0.92,1.1,-0.05,0.9,0.26666666666666666,-0.05,0.7,1.1,-0.05,0.9,0.26666666666666666,-0.05,0.7,100,0.0,SlideLeft,0.26666666666666666,-0.05,0.7,8.237444900034461
ok,56,57,start-anchored,0,1.0784315962433346,-0.006068761849175774,0.7,0.26666666666666666,-0.05,0.7,0.022405934727043914,PlaceOnRightSupport,1.1,0.0,0.7,57,0.9827586206896551,1.1107232000213116,58,0.013125685403167867,0.0011384100906967577,SlideLeft -> LiftFromLeftSupport -> FreeTransferWorkspace -> PlaceOnRightSupport,114,7,True,7.181083999981638,0.92,1.1,0.0,0.7,0.26666666666666666,-0.05,0.7,1.1,0.0,0.7,0.26666666666666666,-0.05,0.7,113,0.0,SlideLeft,0.26666666666666666,-0.05,0.7,8.65056400001049
ok,49,50,start-anchored,0,1.0366822527463213,0.004869912624294165,0.8873364505492642,0.26666666666666666,-0.05,0.7,0.06475506660439967,FreeTransferWorkspace,1.1,0.0,0.9,50,0.9803921568627451,1.015670399996452,51,0.022588657326957348,0.001932187905515076,SlideLeft -> LiftFromLeftSupport -> FreeTransferWorkspace,101,7,True,6.952615499962121,0.92,1.1,0.0,0.9,0.26666666666666666,-0.05,0.7,1.1,0.0,0.9,0.26666666666666666,-0.05,0.7,100,0.0,SlideLeft,0.26666666666666666,-0.05,0.7,8.274843899998814
ok,56,57,start-anchored,0,1.0637089292857012,0.02655176598466727,0.7,0.26666666666666666,-0.05,0.7,0.0432071925960025,PlaceOnRightSupport,1.1,0.05000000000000002,0.7,57,0.9827586206896551,1.142915299977176,58,0.01314203252642706,0.0011923912376698939,SlideLeft -> LiftFromLeftSupport -> FreeTransferWorkspace -> PlaceOnRightSupport,114,7,True,7.107718100014608,0.92,1.1,0.05000000000000002,0.7,0.26666666666666666,-0.05,0.7,1.1,0.05000000000000002,0.7,0.26666666666666666,-0.05,0.7,113,0.0,SlideLeft,0.26666666666666666,-0.05,0.7,8.579898199997842
ok,49,50,start-anchored,0,1.038348405381609,0.04999933466264297,0.8876696810763218,0.26666666666666666,-0.05,0.7,0.06287253680417802,FreeTransferWorkspace,1.1,0.05000000000000002,0.9,50,0.9803921568627451,1.042445300030522,51,0.02777841062141345,0.0021220315913271113,SlideLeft -> LiftFromLeftSupport -> FreeTransferWorkspace,101,7,True,6.907220099994447,0.92,1.1,0.05000000000000002,0.9,0.26666666666666666,-0.05,0.7,1.1,0.05000000000000002,0.9,0.26666666666666666,-0.05,0.7,100,0.0,SlideLeft,0.26666666666666666,-0.05,0.7,8.271372999995947
ok,56,57,start-anchored,0,1.0473105518815382,0.04673840745115024,0.7,0.26666666666666666,-0.05,0.7,0.07491979166994377,PlaceOnRightSupport,1.1,0.1,0.7,57,0.9827586206896551,1.227656900009606,58,0.012697831815868369,0.001263483977038093,SlideLeft -> LiftFromLeftSupport -> FreeTransferWorkspace -> PlaceOnRightSupport,115,7,True,7.091376999975182,0.92,1.1,0.1,0.7,0.26666666666666666,-0.05,0.7,1.1,0.1,0.7,0.26666666666666666,-0.05,0.7,114,0.0,SlideLeft,0.26666666666666666,-0.05,0.7,8.66751880000811
ok,48,49,start-anchored,0,0.9193450571571378,0.08610151632651356,0.8638690114314276,0.26666666666666666,-0.05,0.7,0.18475612183882387,FreeTransferWorkspace,1.1,0.1,0.9,49,0.9607843137254902,0.9755225999979302,51,0.037386998462221904,0.002423996506696324,SlideLeft -> LiftFromLeftSupport -> FreeTransferWorkspace,101,7,True,6.97417589998804,0.92,1.1,0.1,0.9,0.26666666666666666,-0.05,0.7,1.1,0.1,0.9,0.26666666666666666,-0.05,0.7,100,0.0,SlideLeft,0.26666666666666666,-0.05,0.7,8.265437599970028
ok,24,25,start-anchored,0,0.14574507818391386,0.013921973955148945,0.6999999406453468,0.26666666666666666,0.0,0.7,0.7134095675360842,PlaceOnRightSupport,0.85,-0.1,0.7,35,0.9210526315789473,0.7447337000048719,38,0.006217582713818251,0.0015223040488838012,SlideLeft -> LiftFromLeftSupport -> FreeTransferWorkspace -> PlaceOnRightSupport,75,7,True,6.820825000002515,0.92,0.85,-0.1,0.7,0.26666666666666666,0.0,0.7,0.85,-0.1,0.7,0.26666666666666666,0.0,0.7,74,0.0,SlideLeft,0.26666666666666666,0.0,0.7,7.870551100000739
ok,24,25,start-anchored,0,0.14574507818391386,0.013921973955148945,0.6999999406453468,0.26666666666666666,0.0,0.7,0.7409137836441457,FreeTransferWorkspace,0.85,-0.1,0.9,33,0.9166666666666666,0.7110128999920562,36,0.007775159077054696,0.0016284830865920421,SlideLeft -> LiftFromLeftSupport -> FreeTransferWorkspace,70,7,True,6.818024999985937,0.92,0.85,-0.1,0.9,0.26666666666666666,0.0,0.7,0.85,-0.1,0.9,0.26666666666666666,0.0,0.7,69,0.0,SlideLeft,0.26666666666666666,0.0,0.7,7.855054699990433
ok,24,25,start-anchored,0,0.14574507818391386,0.013921973955148945,0.6999999406453468,0.26666666666666666,0.0,0.7,0.7223326444760674,PlaceOnRightSupport,0.85,-0.05,0.7,34,0.918918918918919,0.7168501000269316,37,0.006217891561050081,0.001462744589561868,SlideLeft -> LiftFromLeftSupport -> FreeTransferWorkspace -> PlaceOnRightSupport,72,7,True,6.916814399999566,0.92,0.85,-0.05,0.7,0.26666666666666666,0.0,0.7,0.8665362484677875,-0.03324303549665785,0.7,0.26666666666666666,0.0,0.7,71,0.0,SlideLeft,0.26666666666666666,0.0,0.7,7.964770799968392
ok,24,25,start-anchored,0,0.14574507818391386,0.013921973955148945,0.6999999406453468,0.26666666666666666,0.0,0.7,0.7348884523506741,FreeTransferWorkspace,0.85,-0.05,0.9,32,0.9142857142857143,0.6983260000124574,35,0.007286347489270108,0.0016070283961491527,SlideLeft -> LiftFromLeftSupport -> FreeTransferWorkspace,69,7,True,7.125427099992521,0.92,0.85,-0.05,0.9,0.26666666666666666,0.0,0.7,0.85,-0.05,0.9,0.26666666666666666,0.0,0.7,68,0.0,SlideLeft,0.26666666666666666,0.0,0.7,8.13221519999206
ok,24,25,start-anchored,0,0.14574507818391386,0.013921973955148945,0.6999999406453468,0.26666666666666666,0.0,0.7,0.7043925157616262,PlaceOnRightSupport,0.85,0.0,0.7,33,0.9166666666666666,0.7049513999954797,36,0.006217891561050081,0.0014363706544182576,SlideLeft -> LiftFromLeftSupport -> FreeTransferWorkspace -> PlaceOnRightSupport,71,7,True,6.963089499971829,0.92,0.85,0.0,0.7,0.26666666666666666,0.0,0.7,0.85,0.0,0.7,0.26666666666666666,0.0,0.7,70,0.0,SlideLeft,0.26666666666666666,0.0,0.7,7.997311900020577
ok,24,25,start-anchored,0,0.14574507818391386,0.013921973955148945,0.6999999406453468,0.26666666666666666,0.0,0.7,0.7322355085645971,FreeTransferWorkspace,0.85,0.0,0.9,32,0.9142857142857143,0.7311337999999523,35,0.006899017330871955,0.001581906168791957,SlideLeft -> LiftFromLeftSupport -> FreeTransferWorkspace,69,7,True,6.965818599972408,0.92,0.85,0.0,0.9,0.26666666666666666,0.0,0.7,0.85,0.0,0.9,0.26666666666666666,0.0,0.7,68,0.0,SlideLeft,0.26666666666666666,0.0,0.7,8.004422000027262
ok,24,25,start-anchored,0,0.14574507818391386,0.013921973955148945,0.6999999406453468,0.26666666666666666,0.0,0.7,0.7051784305163324,PlaceOnRightSupport,0.85,0.05000000000000002,0.7,33,0.9166666666666666,0.6785015999921598,36,0.006217891561050081,0.001368886573416984,SlideLeft -> LiftFromLeftSupport -> FreeTransferWorkspace -> PlaceOnRightSupport,71,7,True,7.069392199977301,0.92,0.85,0.05000000000000002,0.7,0.26666666666666666,0.0,0.7,0.85,0.05000000000000002,0.7,0.26666666666666666,0.0,0.7,70,0.0,SlideLeft,0.26666666666666666,0.0,0.7,8.071106299990788
ok,24,25,start-anchored,0,0.14574507818391386,0.013921973955148945,0.6999999406453468,0.26666666666666666,0.0,0.7,0.7329915706250238,FreeTransferWorkspace,0.85,0.05000000000000002,0.9,32,0.9142857142857143,0.704565400024876,35,0.00696963476227964,0.0015783329750640057,SlideLeft -> LiftFromLeftSupport -> FreeTransferWorkspace,69,7,True,6.990308800013736,0.92,0.85,0.05000000000000002,0.9,0.26666666666666666,0.0,0.7,0.85,0.05000000000000002,0.9,0.26666666666666666,0.0,0.7,68,0.0,SlideLeft,0.26666666666666666,0.0,0.7,8.031473900016863
ok,24,25,start-anchored,0,0.14574507818391386,0.013921973955148945,0.6999999406453468,0.26666666666666666,0.0,0.7,0.7094958924968933,PlaceOnRightSupport,0.85,0.1,0.7,33,0.9166666666666666,0.6967381000285968,36,0.006217891561050081,0.0013964996772716772,SlideLeft -> LiftFromLeftSupport -> FreeTransferWorkspace -> PlaceOnRightSupport,70,7,True,7.085143100004643,0.92,0.85,0.1,0.7,0.26666666666666666,0.0,0.7,0.85,0.1,0.7,0.26666666666666666,0.0,0.7,69,0.0,SlideLeft,0.26666666666666666,0.0,0.7,8.090233299997635
ok,24,25,start-anchored,0,0.14574507818391386,0.013921973955148945,0.6999999406453468,0.26666666666666666,0.0,0.7,0.7371461491534934,FreeTransferWorkspace,0.85,0.1,0.9,32,0.9142857142857143,0.7043399999965914,35,0.00766417845618459,0.0016055359971837927,SlideLeft -> LiftFromLeftSupport -> FreeTransferWorkspace,69,7,True,7.021333799988497,0.92,0.85,0.1,0.9,0.26666666666666666,0.0,0.7,0.85,0.1,0.9,0.26666666666666666,0.0,0.7,68,0.0,SlideLeft,0.26666666666666666,0.0,0.7,8.04805280000437
ok,24,25,start-anchored,0,0.14574507818391386,0.013921973955148945,0.6999999406453468,0.26666666666666666,0.0,0.7,0.795784817522393,PlaceOnRightSupport,0.9333333333333333,-0.1,0.7,40,0.9302325581395349,0.8262532000080682,43,0.006217582713818251,0.0013100828224482245,SlideLeft -> LiftFromLeftSupport -> FreeTransferWorkspace -> PlaceOnRightSupport,85,7,True,7.1314906000043266,0.92,0.9333333333333333,-0.1,0.7,0.26666666666666666,0.0,0.7,0.9333333333333333,-0.1,0.7,0.26666666666666666,0.0,0.7,84,0.0,SlideLeft,0.26666666666666666,0.0,0.7,8.283185599953867
ok,24,25,start-anchored,0,0.14574507818391386,0.013921973955148945,0.6999999406453468,0.26666666666666666,0.0,0.7,0.8205324488044392,FreeTransferWorkspace,0.9333333333333333,-0.1,0.9,33,0.9166666666666666,0.7343818999943323,36,0.00878704199065886,0.0018293328261766867,SlideLeft -> LiftFromLeftSupport -> FreeTransferWorkspace,71,7,True,6.86041630001273,0.92,0.9333333333333333,-0.1,0.9,0.26666666666666666,0.0,0.7,0.9333333333333333,-0.1,0.9,0.26666666666666666,0.0,0.7,70,0.0,SlideLeft,0.26666666666666666,0.0,0.7,7.924755600048229
ok,24,25,start-anchored,0,0.14574507818391386,0.013921973955148945,0.6999999406453468,0.26666666666666666,0.0,0.7,0.7901780042519746,PlaceOnRightSupport,0.9333333333333333,-0.05,0.7,35,0.9210526315789473,0.727464499999769,38,0.006217582713818251,0.0014169660961225931,SlideLeft -> LiftFromLeftSupport -> FreeTransferWorkspace -> PlaceOnRightSupport,74,7,True,6.841549000004306,0.92,0.9333333333333333,-0.05,0.7,0.26666666666666666,0.0,0.7,0.9333333333333333,-0.05,0.7,0.26666666666666666,0.0,0.7,73,0.0,SlideLeft,0.26666666666666666,0.0,0.7,7.888764700037427
ok,24,25,start-anchored,0,0.14574507818391386,0.013921973955148945,0.6999999406453468,0.26666666666666666,0.0,0.7,0.8150958852463278,FreeTransferWorkspace,0.9333333333333333,-0.05,0.9,33,0.9166666666666666,0.9206572000402957,36,0.00827962831681376,0.0017941106183331239,SlideLeft -> LiftFromLeftSupport -> FreeTransferWorkspace,71,7,True,8.113029700005427,0.92,0.9333333333333333,-0.05,0.9,0.26666666666666666,0.0,0.7,0.9333333333333333,-0.05,0.9,0.26666666666666666,0.0,0.7,70,0.0,SlideLeft,0.26666666666666666,0.0,0.7,9.443232099991292
ok,24,25,start-anchored,0,0.14574507818391386,0.013921973955148945,0.6999999406453468,0.26666666666666666,0.0,0.7,0.7877112929291534,PlaceOnRightSupport,0.9333333333333333,0.0,0.7,34,0.918918918918919,0.8095218999660574,37,0.006217582713818251,0.001383158701265138,SlideLeft -> LiftFromLeftSupport -> FreeTransferWorkspace -> PlaceOnRightSupport,73,7,True,7.713095399958547,0.92,0.9333333333333333,0.0,0.7,0.26666666666666666,0.0,0.7,0.9333333333333333,0.0,0.7,0.26666666666666666,0.0,0.7,72,0.0,SlideLeft,0.26666666666666666,0.0,0.7,8.899875800008886
ok,24,25,start-anchored,0,0.14574507818391386,0.013921973955148945,0.6999999406453468,0.26666666666666666,0.0,0.7,0.8127048078792077,FreeTransferWorkspace,0.9333333333333333,0.0,0.9,33,0.9166666666666666,0.7579540000297129,36,0.009077809861515124,0.0017847904203179149,SlideLeft -> LiftFromLeftSupport -> FreeTransferWorkspace,70,7,True,7.681596600043122,0.92,0.9333333333333333,0.0,0.9,0.26666666666666666,0.0,0.7,0.9333333333333333,0.0,0.9,0.26666666666666666,0.0,0.7,69,0.0,SlideLeft,0.26666666666666666,0.0,0.7,8.79537700000219
ok,24,25,start-anchored,0,0.14574507818391386,0.013921973955148945,0.6999999406453468,0.26666666666666666,0.0,0.7,0.7884141574151263,PlaceOnRightSupport,0.9333333333333333,0.05000000000000002,0.7,34,0.918918918918919,0.7981928999652155,37,0.006217582713818251,0.0014492056710655743,SlideLeft -> LiftFromLeftSupport -> FreeTransferWorkspace -> PlaceOnRightSupport,72,7,True,7.491224799945485,0.92,0.9333333333333333,0.05000000000000002,0.7,0.26666666666666666,0.0,0.7,0.9333333333333333,0.05000000000000002,0.7,0.26666666666666666,0.0,0.7,71,0.0,SlideLeft,0.26666666666666666,0.0,0.7,8.62175530003151
ok,24,25,start-anchored,0,0.14574507818391386,0.013921973955148945,0.6999999406453468,0.26666666666666666,0.0,0.7,0.8133860752154938,FreeTransferWorkspace,0.9333333333333333,0.05000000000000002,0.9,33,0.9166666666666666,0.7835267999907956,36,0.010194864193673846,0.001809200588762949,SlideLeft -> LiftFromLeftSupport -> FreeTransferWorkspace,70,7,True,7.302740600018296,0.92,0.9333333333333333,0.05000000000000002,0.9,0.26666666666666666,0.0,0.7,0.9333333333333333,0.05000000000000002,0.9,0.26666666666666666,0.0,0.7,69,0.0,SlideLeft,0.26666666666666666,0.0,0.7,8.402033799968194
ok,24,25,start-anchored,0,0.14574507818391386,0.013921973955148945,0.6999999406453468,0.26666666666666666,0.0,0.7,0.7922781621483006,PlaceOnRightSupport,0.9333333333333333,0.1,0.7,34,0.918918918918919,0.7816170000005513,37,0.006217582713818251,0.001513424458085146,SlideLeft -> LiftFromLeftSupport -> FreeTransferWorkspace -> PlaceOnRightSupport,72,7,True,7.543835299962666,0.92,0.9333333333333333,0.1,0.7,0.26666666666666666,0.0,0.7,0.9333333333333333,0.1,0.7,0.26666666666666666,0.0,0.7,71,0.0,SlideLeft,0.26666666666666666,0.0,0.7,8.7103907999699
ok,24,25,start-anchored,0,0.14574507818391386,0.013921973955148945,0.6999999406453468,0.26666666666666666,0.0,0.7,0.8171320027749189,FreeTransferWorkspace,0.9333333333333333,0.1,0.9,33,0.9166666666666666,0.8497629999765195,36,0.011825395097058615,0.0018828502526362918,SlideLeft -> LiftFromLeftSupport -> FreeTransferWorkspace,70,7,True,7.539775800018106,0.92,0.9333333333333333,0.1,0.9,0.26666666666666666,0.0,0.7,0.9333333333333333,0.1,0.9,0.26666666666666666,0.0,0.7,69,0.0,SlideLeft,0.26666666666666666,0.0,0.7,8.72641509998357
ok,24,25,start-anchored,0,0.14574507818391386,0.013921973955148945,0.6999999406453468,0.26666666666666666,0.0,0.7,0.8783408389885801,PlaceOnRightSupport,1.0166666666666666,-0.1,0.7,40,0.9302325581395349,0.896423899976071,43,0.006217582713818251,0.0012747003696430247,SlideLeft -> LiftFromLeftSupport -> FreeTransferWorkspace -> PlaceOnRightSupport,85,7,True,7.3973537000129,0.92,1.0166666666666666,-0.1,0.7,0.26666666666666666,0.0,0.7,1.0166666666666666,-0.1,0.7,0.26666666666666666,0.0,0.7,84,0.0,SlideLeft,0.26666666666666666,0.0,0.7,8.649739500018768
ok,24,25,start-anchored,0,0.14574507818391386,0.013921973955148945,0.6999999406453468,0.26666666666666666,0.0,0.7,0.9008233196232344,FreeTransferWorkspace,1.0166666666666666,-0.1,0.9,34,0.918918918918919,0.8156725000008009,37,0.013539195271682604,0.002110659575757473,SlideLeft -> LiftFromLeftSupport -> FreeTransferWorkspace,72,7,True,7.393482600047719,0.92,1.0166666666666666,-0.1,0.9,0.26666666666666666,0.0,0.7,1.0166666666666666,-0.1,0.9,0.26666666666666666,0.0,0.7,71,0.0,SlideLeft,0.26666666666666666,0.0,0.7,8.553318199992646
ok,24,25,start-anchored,0,0.14574507818391386,0.013921973955148945,0.6999999406453468,0.26666666666666666,0.0,0.7,0.8732642395287052,PlaceOnRightSupport,1.0166666666666666,-0.05,0.7,40,0.9302325581395349,0.91582880000351,43,0.006217582713818251,0.0013064257466458042,SlideLeft -> LiftFromLeftSupport -> FreeTransferWorkspace -> PlaceOnRightSupport,84,7,True,7.381812300009187,0.92,1.0166666666666666,-0.05,0.7,0.26666666666666666,0.0,0.7,1.0166666666666666,-0.05,0.7,0.26666666666666666,0.0,0.7,83,0.0,SlideLeft,0.26666666666666666,0.0,0.7,8.795008399989456
ok,24,25,start-anchored,0,0.14574507818391386,0.013921973955148945,0.6999999406453468,0.26666666666666666,0.0,0.7,0.8958741294297481,FreeTransferWorkspace,1.0166666666666666,-0.05,0.9,34,0.918918918918919,0.818163399992045,37,0.01438590259982559,0.0020956844475794973,SlideLeft -> LiftFromLeftSupport -> FreeTransferWorkspace,72,7,True,7.425147400004789,0.92,1.0166666666666666,-0.05,0.9,0.26666666666666666,0.0,0.7,1.0166666666666666,-0.05,0.9,0.26666666666666666,0.0,0.7,71,0.0,SlideLeft,0.26666666666666666,0.0,0.7,8.583768300013617
ok,24,25,start-anchored,0,0.14574507818391386,0.013921973955148945,0.6999999406453468,0.26666666666666666,0.0,0.7,0.8710328550887922,PlaceOnRightSupport,1.0166666666666666,0.0,0.7,40,0.9302325581395349,0.88777749997098,43,0.006217582713818251,0.0013542878240024967,SlideLeft -> LiftFromLeftSupport -> FreeTransferWorkspace -> PlaceOnRightSupport,85,7,True,7.460543299966957,0.92,1.0166666666666666,0.0,0.7,0.26666666666666666,0.0,0.7,1.0166666666666666,0.0,0.7,0.26666666666666666,0.0,0.7,84,0.0,SlideLeft,0.26666666666666666,0.0,0.7,8.680810099991504
ok,24,25,start-anchored,0,0.14574507818391386,0.013921973955148945,0.6999999406453468,0.26666666666666666,0.0,0.7,0.8936991990518925,FreeTransferWorkspace,1.0166666666666666,0.0,0.9,34,0.918918918918919,0.8251680000103079,37,0.015913883389337025,0.0021288180298299564,SlideLeft -> LiftFromLeftSupport -> FreeTransferWorkspace,72,7,True,7.377947999979369,0.92,1.0166666666666666,0.0,0.9,0.26666666666666666,0.0,0.7,1.0166666666666666,0.0,0.9,0.26666666666666666,0.0,0.7,71,0.0,SlideLeft,0.26666666666666666,0.0,0.7,8.5415604999871
ok,24,25,start-anchored,0,0.14574507818391386,0.013921973955148945,0.6999999406453468,0.26666666666666666,0.0,0.7,0.8716685363420077,PlaceOnRightSupport,1.0166666666666666,0.05000000000000002,0.7,35,0.9210526315789473,1.0812352999928407,38,0.009220935041864659,0.00160288455602422,SlideLeft -> LiftFromLeftSupport -> FreeTransferWorkspace -> PlaceOnRightSupport,75,7,True,7.4036053000018,0.92,1.0166666666666666,0.05000000000000002,0.7,0.26666666666666666,0.0,0.7,1.0166666666666666,0.05000000000000002,0.7,0.26666666666666666,0.0,0.7,74,0.0,SlideLeft,0.26666666666666666,0.0,0.7,8.81969149998622
ok,24,25,start-anchored,0,0.14574507818391386,0.013921973955148945,0.6999999406453468,0.26666666666666666,0.0,0.7,0.8943187692263197,FreeTransferWorkspace,1.0166666666666666,0.05000000000000002,0.9,33,0.8918918918918919,0.8139305000077002,37,0.018490972148903866,0.002231176032533152,SlideLeft -> LiftFromLeftSupport -> FreeTransferWorkspace,72,7,True,8.310521400009748,0.92,1.0166666666666666,0.05000000000000002,0.9,0.26666666666666666,0.0,0.7,1.0166666666666666,0.05000000000000002,0.9,0.26666666666666666,0.0,0.7,71,0.0,SlideLeft,0.26666666666666666,0.0,0.7,9.451092900009826
ok,24,25,start-anchored,0,0.14574507818391386,0.013921973955148945,0.6999999406453468,0.26666666666666666,0.0,0.7,0.8751650357807396,PlaceOnRightSupport,1.0166666666666666,0.1,0.7,35,0.9210526315789473,0.8912261000368744,38,0.011523493425314986,0.0017182754193526383,SlideLeft -> LiftFromLeftSupport -> FreeTransferWorkspace -> PlaceOnRightSupport,74,7,True,7.469433600024786,0.92,1.0166666666666666,0.1,0.7,0.26666666666666666,0.0,0.7,1.0166666666666666,0.1,0.7,0.26666666666666666,0.0,0.7,73,0.0,SlideLeft,0.26666666666666666,0.0,0.7,8.704059300012887
ok,24,25,start-anchored,0,0.14574507818391386,0.013921973955148945,0.6999999406453468,0.26666666666666666,0.0,0.7,0.897727054062071,FreeTransferWorkspace,1.0166666666666666,0.1,0.9,32,0.8648648648648649,0.7728385999798775,37,0.022760287244085624,0.00245115681098436,SlideLeft -> LiftFromLeftSupport -> FreeTransferWorkspace,72,7,True,7.5675619000103325,0.92,1.0166666666666666,0.1,0.9,0.26666666666666666,0.0,0.7,1.0166666666666666,0.1,0.9,0.26666666666666666,0.0,0.7,71,0.0,SlideLeft,0.26666666666666666,0.0,0.7,8.660245299979579
ok,24,25,start-anchored,0,0.14574507818391386,0.013921973955148945,0.6999999406453468,0.26666666666666666,0.0,0.7,0.9610310463039506,PlaceOnRightSupport,1.1,-0.1,0.7,41,0.9318181818181818,0.9448587999795564,44,0.008371354898346516,0.001457947115927565,SlideLeft -> LiftFromLeftSupport -> FreeTransferWorkspace -> PlaceOnRightSupport,86,7,True,7.425650599994697,0.92,1.1,-0.1,0.7,0.26666666666666666,0.0,0.7,1.1,-0.1,0.7,0.26666666666666666,0.0,0.7,85,0.0,SlideLeft,0.26666666666666666,0.0,0.7,8.696484000014607
ok,24,25,start-anchored,0,0.14574507818391386,0.013921973955148945,0.6999999406453468,0.26666666666666666,0.0,0.7,0.981621462531218,FreeTransferWorkspace,1.1,-0.1,0.9,33,0.8918918918918919,0.8064355999813415,37,0.022391693564270437,0.0024876307536226593,SlideLeft -> LiftFromLeftSupport -> FreeTransferWorkspace,73,7,True,7.52231499995105,0.92,1.1,-0.1,0.9,0.26666666666666666,0.0,0.7,1.1,-0.1,0.9,0.26666666666666666,0.0,0.7,72,0.0,SlideLeft,0.26666666666666666,0.0,0.7,8.64929430000484
ok,24,25,start-anchored,0,0.14574507818391386,0.013921973955148945,0.6999999406453468,0.26666666666666666,0.0,0.7,0.9563934726693566,PlaceOnRightSupport,1.1,-0.05,0.7,41,0.9318181818181818,0.9814806000213139,44,0.010760035169592144,0.0015038027382975093,SlideLeft -> LiftFromLeftSupport -> FreeTransferWorkspace -> PlaceOnRightSupport,86,7,True,7.466717800009064,0.92,1.1,-0.05,0.7,0.26666666666666666,0.0,0.7,1.1,-0.05,0.7,0.26666666666666666,0.0,0.7,85,0.0,SlideLeft,0.26666666666666666,0.0,0.7,8.77593809994869
ok,24,25,start-anchored,0,0.14574507818391386,0.013921973955148945,0.6999999406453468,0.26666666666666666,0.0,0.7,0.9770816231545922,FreeTransferWorkspace,1.1,-0.05,0.9,33,0.8918918918918919,0.8010413000010885,37,0.02241068887621517,0.0025103514055022616,SlideLeft -> LiftFromLeftSupport -> FreeTransferWorkspace,73,7,True,7.356064599996898,0.92,1.1,-0.05,0.9,0.26666666666666666,0.0,0.7,1.1,-0.05,0.9,0.26666666666666666,0.0,0.7,72,0.0,SlideLeft,0.26666666666666666,0.0,0.7,8.489463500038255
ok,24,25,start-anchored,0,0.14574507818391386,0.013921973955148945,0.6999999406453468,0.26666666666666666,0.0,0.7,0.9543564727967409,PlaceOnRightSupport,1.1,0.0,0.7,40,0.9090909090909091,0.9137826000223868,44,0.012196996334828217,0.0015626668378328607,SlideLeft -> LiftFromLeftSupport -> FreeTransferWorkspace -> PlaceOnRightSupport,86,7,True,7.41584710002644,0.92,1.1,0.0,0.7,0.26666666666666666,0.0,0.7,1.1,0.0,0.7,0.26666666666666666,0.0,0.7,85,0.0,SlideLeft,0.26666666666666666,0.0,0.7,8.682823100010864
ok,24,25,start-anchored,0,0.14574507818391386,0.013921973955148945,0.6999999406453468,0.26666666666666666,0.0,0.7,0.9750878426638789,FreeTransferWorkspace,1.1,0.0,0.9,33,0.8918918918918919,0.8340222999686375,37,0.024222284619354863,0.002604037646351295,SlideLeft -> LiftFromLeftSupport -> FreeTransferWorkspace,73,7,True,7.6109412999940105,0.92,1.1,0.0,0.9,0.26666666666666666,0.0,0.7,1.1,0.0,0.9,0.26666666666666666,0.0,0.7,72,0.0,SlideLeft,0.26666666666666666,0.0,0.7,8.80995789996814
ok,24,25,start-anchored,0,0.14574507818391386,0.013921973955148945,0.6999999406453468,0.26666666666666666,0.0,0.7,0.9549366888823161,PlaceOnRightSupport,1.1,0.05000000000000002,0.7,40,0.9090909090909091,0.9150544999865815,44,0.012317552730098966,0.0016347405378544296,SlideLeft -> LiftFromLeftSupport -> FreeTransferWorkspace -> PlaceOnRightSupport,86,7,True,7.455761699995492,0.92,1.1,0.05000000000000002,0.7,0.26666666666666666,0.0,0.7,1.1,0.05000000000000002,0.7,0.26666666666666666,0.0,0.7,85,0.0,SlideLeft,0.26666666666666666,0.0,0.7,8.694374799961224
ok,24,25,start-anchored,0,0.14574507818391386,0.013921973955148945,0.6999999406453468,0.26666666666666666,0.0,0.7,0.9756557300171934,FreeTransferWorkspace,1.1,0.05000000000000002,0.9,33,0.8918918918918919,0.8345897999824956,37,0.028730729249855445,0.002803395504855331,SlideLeft -> LiftFromLeftSupport -> FreeTransferWorkspace,73,7,True,7.592199000006076,0.92,1.1,0.05000000000000002,0.9,0.26666666666666666,0.0,0.7,1.1,0.05000000000000002,0.9,0.26666666666666666,0.0,0.7,72,0.0,SlideLeft,0.26666666666666666,0.0,0.7,8.767652300011832
ok,24,25,start-anchored,0,0.14574507818391386,0.013921973955148945,0.6999999406453468,0.26666666666666666,0.0,0.7,0.9581293662016662,PlaceOnRightSupport,1.1,0.1,0.7,40,0.9090909090909091,0.9766522000427358,44,0.012214937687404497,0.0017295167336285667,SlideLeft -> LiftFromLeftSupport -> FreeTransferWorkspace -> PlaceOnRightSupport,87,7,True,7.692483399994671,0.92,1.1,0.1,0.7,0.26666666666666666,0.0,0.7,1.1,0.1,0.7,0.26666666666666666,0.0,0.7,86,0.0,SlideLeft,0.26666666666666666,0.0,0.7,9.075287799991202
ok,24,25,start-anchored,0,0.14574507818391386,0.013921973955148945,0.6999999406453468,0.26666666666666666,0.0,0.7,0.9787808263957094,FreeTransferWorkspace,1.1,0.1,0.9,32,0.8648648648648649,0.8764256999711506,37,0.03747185473254141,0.003166702898207035,SlideLeft -> LiftFromLeftSupport -> FreeTransferWorkspace,73,7,True,7.699957000033464,0.92,1.1,0.1,0.9,0.26666666666666666,0.0,0.7,1.1,0.1,0.9,0.26666666666666666,0.0,0.7,72,0.0,SlideLeft,0.26666666666666666,0.0,0.7,8.922062199970242
ok,24,25,start-anchored,0,0.13932622054514154,0.010956263581893964,0.6999999404181001,0.26666666666666666,0.05000000000000002,0.7,0.7192833330702937,PlaceOnRightSupport,0.85,-0.1,0.7,36,0.9473684210526315,1.0091741000069305,38,0.010963840711435142,0.0016151044286509292,SlideLeft -> LiftFromLeftSupport -> FreeTransferWorkspace -> PlaceOnRightSupport,74,7,True,7.553142599994317,0.92,0.85,-0.1,0.7,0.26666666666666666,0.05000000000000002,0.7,0.85,-0.1,0.7,0.26666666666666666,0.05000000000000002,0.7,73,0.0,SlideLeft,0.26666666666666666,0.05000000000000002,0.7,8.923924200003967
ok,24,25,start-anchored,0,0.13932622054514154,0.010956263581893964,0.6999999404181001,0.26666666666666666,0.05000000000000002,0.7,0.7465711868706634,FreeTransferWorkspace,0.85,-0.1,0.9,33,0.9428571428571428,0.796435099968221,35,0.010963961793717019,0.0017345338739045558,SlideLeft -> LiftFromLeftSupport -> FreeTransferWorkspace,69,7,True,7.525527499965392,0.92,0.85,-0.1,0.9,0.26666666666666666,0.05000000000000002,0.7,0.85,-0.1,0.9,0.26666666666666666,0.05000000000000002,0.7,68,0.0,SlideLeft,0.26666666666666666,0.05000000000000002,0.7,8.648144500039052
ok,24,25,start-anchored,0,0.13932622054514154,0.010956263581893964,0.6999999404181001,0.26666666666666666,0.05000000000000002,0.7,0.728551990423672,PlaceOnRightSupport,0.85,-0.05,0.7,34,0.9444444444444444,0.7742179000051692,36,0.010963736682897636,0.0015081578510099,SlideLeft -> LiftFromLeftSupport -> FreeTransferWorkspace -> PlaceOnRightSupport,71,7,True,7.3769697999814525,0.92,0.85,-0.05,0.7,0.26666666666666666,0.05000000000000002,0.7,0.8665362484677875,-0.03324303549665785,0.7,0.26666666666666666,0.05000000000000002,0.7,70,0.0,SlideLeft,0.26666666666666666,0.05000000000000002,0.7,8.5138918000157
ok,24,25,start-anchored,0,0.13932622054514154,0.010956263581893964,0.6999999404181001,0.26666666666666666,0.05000000000000002,0.7,0.7407920833184447,FreeTransferWorkspace,0.85,-0.05,0.9,33,0.9428571428571428,0.7779772999929264,35,0.010963961793717019,0.0016984765620941516,SlideLeft -> LiftFromLeftSupport -> FreeTransferWorkspace,68,7,True,7.541358100017533,0.92,0.85,-0.05,0.9,0.26666666666666666,0.05000000000000002,0.7,0.85,-0.05,0.9,0.26666666666666666,0.05000000000000002,0.7,67,0.0,SlideLeft,0.26666666666666666,0.05000000000000002,0.7,8.668045700003859
ok,24,25,start-anchored,0,0.13932622054514154,0.010956263581893964,0.6999999404181001,0.26666666666666666,0.05000000000000002,0.7,0.710758229299058,PlaceOnRightSupport,0.85,0.0,0.7,34,0.9444444444444444,0.7597380999941379,36,0.010963736682897636,0.0014911329623404385,SlideLeft -> LiftFromLeftSupport -> FreeTransferWorkspace -> PlaceOnRightSupport,70,7,True,7.697099299984984,0.92,0.85,0.0,0.7,0.26666666666666666,0.05000000000000002,0.7,0.85,0.0,0.7,0.26666666666666666,0.05000000000000002,0.7,69,0.0,SlideLeft,0.26666666666666666,0.05000000000000002,0.7,8.806538100005127
ok,24,25,start-anchored,0,0.13932622054514154,0.010956263581893964,0.6999999404181001,0.26666666666666666,0.05000000000000002,0.7,0.7383612153608098,FreeTransferWorkspace,0.85,0.0,0.9,33,0.9428571428571428,0.729949000000488,35,0.010963961793717019,0.0016772563407579362,SlideLeft -> LiftFromLeftSupport -> FreeTransferWorkspace,68,7,True,7.4304063999443315,0.92,0.85,0.0,0.9,0.26666666666666666,0.05000000000000002,0.7,0.85,0.0,0.9,0.26666666666666666,0.05000000000000002,0.7,67,0.0,SlideLeft,0.26666666666666666,0.05000000000000002,0.7,8.499965799972415
ok,24,25,start-anchored,0,0.13932622054514154,0.010956263581893964,0.6999999404181001,0.26666666666666666,0.05000000000000002,0.7,0.7117454841150331,PlaceOnRightSupport,0.85,0.05000000000000002,0.7,34,0.9444444444444444,0.7582076000398956,36,0.010963736682897636,0.0014240287348934867,SlideLeft -> LiftFromLeftSupport -> FreeTransferWorkspace -> PlaceOnRightSupport,70,7,True,7.537579800002277,0.92,0.85,0.05000000000000002,0.7,0.26666666666666666,0.05000000000000002,0.7,0.85,0.05000000000000002,0.7,0.26666666666666666,0.05000000000000002,0.7,69,0.0,SlideLeft,0.26666666666666666,0.05000000000000002,0.7,8.630665600008797
ok,24,25,start-anchored,0,0.13932622054514154,0.010956263581893964,0.6999999404181001,0.26666666666666666,0.05000000000000002,0.7,0.7393116108860341,FreeTransferWorkspace,0.85,0.05000000000000002,0.9,33,0.9428571428571428,0.7670982999843545,35,0.010963961793717019,0.0016782274600376844,SlideLeft -> LiftFromLeftSupport -> FreeTransferWorkspace,68,7,True,7.452573999995366,0.92,0.85,0.05000000000000002,0.9,0.26666666666666666,0.05000000000000002,0.7,0.85,0.05000000000000002,0.9,0.26666666666666666,0.05000000000000002,0.7,67,0.0,SlideLeft,0.26666666666666666,0.05000000000000002,0.7,8.562599500000942
ok,24,25,start-anchored,0,0.13932622054514154,0.010956263581893964,0.6999999404181001,0.26666666666666666,0.05000000000000002,0.7,0.7162304152994017,PlaceOnRightSupport,0.85,0.1,0.7,33,0.9428571428571428,0.7780601999838836,35,0.010963736682897636,0.0014463960919676763,SlideLeft -> LiftFromLeftSupport -> FreeTransferWorkspace -> PlaceOnRightSupport,69,7,True,7.444693400000688,0.92,0.85,0.1,0.7,0.26666666666666666,0.05000000000000002,0.7,0.85,0.1,0.7,0.26666666666666666,0.05000000000000002,0.7,68,0.0,SlideLeft,0.26666666666666666,0.05000000000000002,0.7,8.57884810003452
ok,24,25,start-anchored,0,0.13932622054514154,0.010956263581893964,0.6999999404181001,0.26666666666666666,0.05000000000000002,0.7,0.743630305751933,FreeTransferWorkspace,0.85,0.1,0.9,33,0.9428571428571428,0.7462929000030272,35,0.010963961793717019,0.001713514845843491,SlideLeft -> LiftFromLeftSupport -> FreeTransferWorkspace,68,7,True,7.6174537999904715,0.92,0.85,0.1,0.9,0.26666666666666666,0.05000000000000002,0.7,0.85,0.1,0.9,0.26666666666666666,0.05000000000000002,0.7,67,0.0,SlideLeft,0.26666666666666666,0.05000000000000002,0.7,8.643026400008239
ok,24,25,start-anchored,0,0.13932622054514154,0.010956263581893964,0.6999999404181001,0.26666666666666666,0.05000000000000002,0.7,0.8017222633719852,PlaceOnRightSupport,0.9333333333333333,-0.1,0.7,41,0.9534883720930233,0.8148494000197388,43,0.010963840711435142,0.001354615143440558,SlideLeft -> LiftFromLeftSupport -> FreeTransferWorkspace -> PlaceOnRightSupport,84,7,True,6.947467699996196,0.92,0.9333333333333333,-0.1,0.7,0.26666666666666666,0.05000000000000002,0.7,0.9333333333333333,-0.1,0.7,0.26666666666666666,0.05000000000000002,0.7,83,0.0,SlideLeft,0.26666666666666666,0.05000000000000002,0.7,8.022691500023939
ok,24,25,start-anchored,0,0.13932622054514154,0.010956263581893964,0.6999999404181001,0.26666666666666666,0.05000000000000002,0.7,0.8262920860198641,FreeTransferWorkspace,0.9333333333333333,-0.1,0.9,34,0.9444444444444444,0.7963899000314996,36,0.010963961793717019,0.0019396241836361651,SlideLeft -> LiftFromLeftSupport -> FreeTransferWorkspace,70,7,True,7.1931144000263885,0.92,0.9333333333333333,-0.1,0.9,0.26666666666666666,0.05000000000000002,0.7,0.9333333333333333,-0.1,0.9,0.26666666666666666,0.05000000000000002,0.7,69,0.0,SlideLeft,0.26666666666666666,0.05000000000000002,0.7,8.321100600005593
ok,24,25,start-anchored,0,0.13932622054514154,0.010956263581893964,0.6999999404181001,0.26666666666666666,0.05000000000000002,0.7,0.796343494497261,PlaceOnRightSupport,0.9333333333333333,-0.05,0.7,35,0.9459459459459459,0.6750492000137456,37,0.010963840711435142,0.001460743579531654,SlideLeft -> LiftFromLeftSupport -> FreeTransferWorkspace -> PlaceOnRightSupport,73,7,True,7.247512700036168,0.92,0.9333333333333333,-0.05,0.7,0.26666666666666666,0.05000000000000002,0.7,0.9333333333333333,-0.05,0.7,0.26666666666666666,0.05000000000000002,0.7,72,0.0,SlideLeft,0.26666666666666666,0.05000000000000002,0.7,8.228027300036047
ok,24,25,start-anchored,0,0.13932622054514154,0.010956263581893964,0.6999999404181001,0.26666666666666666,0.05000000000000002,0.7,0.8210742871755692,FreeTransferWorkspace,0.9333333333333333,-0.05,0.9,34,0.9444444444444444,0.7553414999856614,36,0.011299302821010626,0.0019097351016397603,SlideLeft -> LiftFromLeftSupport -> FreeTransferWorkspace,70,7,True,7.60835669998778,0.92,0.9333333333333333,-0.05,0.9,0.26666666666666666,0.05000000000000002,0.7,0.9333333333333333,-0.05,0.9,0.26666666666666666,0.05000000000000002,0.7,69,0.0,SlideLeft,0.26666666666666666,0.05000000000000002,0.7,8.71485000004759
ok,24,25,start-anchored,0,0.13932622054514154,0.010956263581893964,0.6999999404181001,0.26666666666666666,0.05000000000000002,0.7,0.7940827002711492,PlaceOnRightSupport,0.9333333333333333,0.0,0.7,35,0.9459459459459459,0.793500599975232,37,0.010963840711435142,0.0014319703839882807,SlideLeft -> LiftFromLeftSupport -> FreeTransferWorkspace -> PlaceOnRightSupport,72,7,True,7.527478600037284,0.92,0.9333333333333333,0.0,0.7,0.26666666666666666,0.05000000000000002,0.7,0.9333333333333333,0.0,0.7,0.26666666666666666,0.05000000000000002,0.7,71,0.0,SlideLeft,0.26666666666666666,0.05000000000000002,0.7,8.658965500013437
ok,24,25,start-anchored,0,0.13932622054514154,0.010956263581893964,0.6999999404181001,0.26666666666666666,0.05000000000000002,0.7,0.8188817733364687,FreeTransferWorkspace,0.9333333333333333,0.0,0.9,33,0.9428571428571428,0.7870201999903657,35,0.011454857777712702,0.0018980862119579202,SlideLeft -> LiftFromLeftSupport -> FreeTransferWorkspace,69,7,True,7.472931199998129,0.92,0.9333333333333333,0.0,0.9,0.26666666666666666,0.05000000000000002,0.7,0.9333333333333333,0.0,0.9,0.26666666666666666,0.05000000000000002,0.7,68,0.0,SlideLeft,0.26666666666666666,0.05000000000000002,0.7,8.590092799975537
ok,24,25,start-anchored,0,0.13932622054514154,0.010956263581893964,0.6999999404181001,0.26666666666666666,0.05000000000000002,0.7,0.7949664826341614,PlaceOnRightSupport,0.9333333333333333,0.05000000000000002,0.7,34,0.9444444444444444,0.7710404000245035,36,0.010963840711435142,0.001521621947681359,SlideLeft -> LiftFromLeftSupport -> FreeTransferWorkspace -> PlaceOnRightSupport,71,7,True,8.059546099975705,0.92,0.9333333333333333,0.05000000000000002,0.7,0.26666666666666666,0.05000000000000002,0.7,0.9333333333333333,0.05000000000000002,0.7,0.26666666666666666,0.05000000000000002,0.7,70,0.0,SlideLeft,0.26666666666666666,0.05000000000000002,0.7,9.200722399982624
ok,24,25,start-anchored,0,0.13932622054514154,0.010956263581893964,0.6999999404181001,0.26666666666666666,0.05000000000000002,0.7,0.819738819591027,FreeTransferWorkspace,0.9333333333333333,0.05000000000000002,0.9,33,0.9428571428571428,0.7984085999778472,35,0.011833476224033216,0.0019150676526995087,SlideLeft -> LiftFromLeftSupport -> FreeTransferWorkspace,69,7,True,7.663282199995592,0.92,0.9333333333333333,0.05000000000000002,0.9,0.26666666666666666,0.05000000000000002,0.7,0.9333333333333333,0.05000000000000002,0.9,0.26666666666666666,0.05000000000000002,0.7,68,0.0,SlideLeft,0.26666666666666666,0.05000000000000002,0.7,8.985714900016319
ok,24,25,start-anchored,0,0.13932622054514154,0.010956263581893964,0.6999999404181001,0.26666666666666666,0.05000000000000002,0.7,0.7989844067023718,PlaceOnRightSupport,0.9333333333333333,0.1,0.7,34,0.9444444444444444,0.7883241000236012,36,0.010963840711435142,0.0016051527541339648,SlideLeft -> LiftFromLeftSupport -> FreeTransferWorkspace -> PlaceOnRightSupport,71,7,True,7.488935199973639,0.92,0.9333333333333333,0.1,0.7,0.26666666666666666,0.05000000000000002,0.7,0.9333333333333333,0.1,0.7,0.26666666666666666,0.05000000000000002,0.7,70,0.0,SlideLeft,0.26666666666666666,0.05000000000000002,0.7,8.616745800012723
ok,24,25,start-anchored,0,0.13932622054514154,0.010956263581893964,0.6999999404181001,0.26666666666666666,0.05000000000000002,0.7,0.8236359062026746,FreeTransferWorkspace,0.9333333333333333,0.1,0.9,33,0.9428571428571428,0.7699612000142224,35,0.013279154633010841,0.0019780582643784484,SlideLeft -> LiftFromLeftSupport -> FreeTransferWorkspace,69,7,True,7.533769799978472,0.92,0.9333333333333333,0.1,0.9,0.26666666666666666,0.05000000000000002,0.7,0.9333333333333333,0.1,0.9,0.26666666666666666,0.05000000000000002,0.7,68,0.0,SlideLeft,0.26666666666666666,0.05000000000000002,0.7,8.663509199977852
ok,24,25,start-anchored,0,0.13932622054514154,0.010956263581893964,0.6999999404181001,0.26666666666666666,0.05000000000000002,0.7,0.884328870290219,PlaceOnRightSupport,1.0166666666666666,-0.1,0.7,41,0.9534883720930233,0.8515830999822356,43,0.010963840711435142,0.0013144354035149323,SlideLeft -> LiftFromLeftSupport -> FreeTransferWorkspace -> PlaceOnRightSupport,84,7,True,7.482725899957586,0.92,1.0166666666666666,-0.1,0.7,0.26666666666666666,0.05000000000000002,0.7,1.0166666666666666,-0.1,0.7,0.26666666666666666,0.05000000000000002,0.7,83,0.0,SlideLeft,0.26666666666666666,0.05000000000000002,0.7,8.669126399967354
ok,24,25,start-anchored,0,0.13932622054514154,0.010956263581893964,0.6999999404181001,0.26666666666666666,0.05000000000000002,0.7,0.9066628781755294,FreeTransferWorkspace,1.0166666666666666,-0.1,0.9,34,0.9444444444444444,0.8074453999870457,36,0.014195432247373876,0.0022143017407888796,SlideLeft -> LiftFromLeftSupport -> FreeTransferWorkspace,71,7,True,7.404515300004277,0.92,1.0166666666666666,-0.1,0.9,0.26666666666666666,0.05000000000000002,0.7,1.0166666666666666,-0.1,0.9,0.26666666666666666,0.05000000000000002,0.7,70,0.0,SlideLeft,0.26666666666666666,0.05000000000000002,0.7,8.546529999992345
ok,24,25,start-anchored,0,0.13932622054514154,0.010956263581893964,0.6999999404181001,0.26666666666666666,0.05000000000000002,0.7,0.8794554704307578,PlaceOnRightSupport,1.0166666666666666,-0.05,0.7,40,0.9523809523809523,0.8749508000328206,42,0.010963840711435142,0.0013748434489997987,SlideLeft -> LiftFromLeftSupport -> FreeTransferWorkspace -> PlaceOnRightSupport,83,7,True,7.523491500003729,0.92,1.0166666666666666,-0.05,0.7,0.26666666666666666,0.05000000000000002,0.7,1.0166666666666666,-0.05,0.7,0.26666666666666666,0.05000000000000002,0.7,82,0.0,SlideLeft,0.26666666666666666,0.05000000000000002,0.7,8.754749699961394
ok,24,25,start-anchored,0,0.13932622054514154,0.010956263581893964,0.6999999404181001,0.26666666666666666,0.05000000000000002,0.7,0.9019101664264271,FreeTransferWorkspace,1.0166666666666666,-0.05,0.9,34,0.9444444444444444,0.7807197999791242,36,0.012988401644799502,0.002189794171455482,SlideLeft -> LiftFromLeftSupport -> FreeTransferWorkspace,71,7,True,7.513409999955911,0.92,1.0166666666666666,-0.05,0.9,0.26666666666666666,0.05000000000000002,0.7,1.0166666666666666,-0.05,0.9,0.26666666666666666,0.05000000000000002,0.7,70,0.0,SlideLeft,0.26666666666666666,0.05000000000000002,0.7,8.628892700013239
ok,24,25,start-anchored,0,0.13932622054514154,0.010956263581893964,0.6999999404181001,0.26666666666666666,0.05000000000000002,0.7,0.8774088545896925,PlaceOnRightSupport,1.0166666666666666,0.0,0.7,41,0.9534883720930233,0.9163163000484928,43,0.010963840711435142,0.0014049371736642511,SlideLeft -> LiftFromLeftSupport -> FreeTransferWorkspace -> PlaceOnRightSupport,84,7,True,7.6855302000185475,0.92,1.0166666666666666,0.0,0.7,0.26666666666666666,0.05000000000000002,0.7,1.0166666666666666,0.0,0.7,0.26666666666666666,0.05000000000000002,0.7,83,0.0,SlideLeft,0.26666666666666666,0.05000000000000002,0.7,8.95454880001489
ok,24,25,start-anchored,0,0.13932622054514154,0.010956263581893964,0.6999999404181001,0.26666666666666666,0.05000000000000002,0.7,0.8999146192529356,FreeTransferWorkspace,1.0166666666666666,0.0,0.9,34,0.9444444444444444,0.7381769000203349,36,0.012781895266769159,0.0022065875678656272,SlideLeft -> LiftFromLeftSupport -> FreeTransferWorkspace,71,7,True,7.50763420003932,0.92,1.0166666666666666,0.0,0.9,0.26666666666666666,0.05000000000000002,0.7,1.0166666666666666,0.0,0.9,0.26666666666666666,0.05000000000000002,0.7,70,0.0,SlideLeft,0.26666666666666666,0.05000000000000002,0.7,8.607409099990036
ok,24,25,start-anchored,0,0.13932622054514154,0.010956263581893964,0.6999999404181001,0.26666666666666666,0.05000000000000002,0.7,0.8782087859696045,PlaceOnRightSupport,1.0166666666666666,0.05000000000000002,0.7,36,0.9473684210526315,0.8213352999882773,38,0.010963840711435142,0.0016539748628065305,SlideLeft -> LiftFromLeftSupport -> FreeTransferWorkspace -> PlaceOnRightSupport,74,7,True,7.552809700020589,0.92,1.0166666666666666,0.05000000000000002,0.7,0.26666666666666666,0.05000000000000002,0.7,1.0166666666666666,0.05000000000000002,0.7,0.26666666666666666,0.05000000000000002,0.7,73,0.0,SlideLeft,0.26666666666666666,0.05000000000000002,0.7,8.711882199975662
ok,24,25,start-anchored,0,0.13932622054514154,0.010956263581893964,0.6999999404181001,0.26666666666666666,0.05000000000000002,0.7,0.9006945628718798,FreeTransferWorkspace,1.0166666666666666,0.05000000000000002,0.9,34,0.9444444444444444,0.8128123999922536,36,0.013827677491610225,0.0022799871030457536,SlideLeft -> LiftFromLeftSupport -> FreeTransferWorkspace,71,7,True,7.589717800030485,0.92,1.0166666666666666,0.05000000000000002,0.9,0.26666666666666666,0.05000000000000002,0.7,1.0166666666666666,0.05000000000000002,0.9,0.26666666666666666,0.05000000000000002,0.7,70,0.0,SlideLeft,0.26666666666666666,0.05000000000000002,0.7,8.73623929999303
ok,24,25,start-anchored,0,0.13932622054514154,0.010956263581893964,0.6999999404181001,0.26666666666666666,0.05000000000000002,0.7,0.8818475182229734,PlaceOnRightSupport,1.0166666666666666,0.1,0.7,35,0.9459459459459459,1.2126964000053704,37,0.010963840711435142,0.001772587417693022,SlideLeft -> LiftFromLeftSupport -> FreeTransferWorkspace -> PlaceOnRightSupport,73,7,True,7.483656900003552,0.92,1.0166666666666666,0.1,0.7,0.26666666666666666,0.05000000000000002,0.7,1.0166666666666666,0.1,0.7,0.26666666666666666,0.05000000000000002,0.7,72,0.0,SlideLeft,0.26666666666666666,0.05000000000000002,0.7,9.038387599983253
ok,24,25,start-anchored,0,0.13932622054514154,0.010956263581893964,0.6999999404181001,0.26666666666666666,0.05000000000000002,0.7,0.9042428154145197,FreeTransferWorkspace,1.0166666666666666,0.1,0.9,33,0.9166666666666666,0.7998566000023857,36,0.016863215737365,0.002442167361420672,SlideLeft -> LiftFromLeftSupport -> FreeTransferWorkspace,71,7,True,8.187254099990241,0.92,1.0166666666666666,0.1,0.9,0.26666666666666666,0.05000000000000002,0.7,1.0166666666666666,0.1,0.9,0.26666666666666666,0.05000000000000002,0.7,70,0.0,SlideLeft,0.26666666666666666,0.05000000000000002,0.7,9.319482400023844
ok,24,25,start-anchored,0,0.13932622054514154,0.010956263581893964,0.6999999404181001,0.26666666666666666,0.05000000000000002,0.7,0.9670601858003154,PlaceOnRightSupport,1.1,-0.1,0.7,41,0.9534883720930233,0.9255434999940917,43,0.010963840711435142,0.0015152397240795566,SlideLeft -> LiftFromLeftSupport -> FreeTransferWorkspace -> PlaceOnRightSupport,85,7,True,7.462758099951316,0.92,1.1,-0.1,0.7,0.26666666666666666,0.05000000000000002,0.7,1.1,-0.1,0.7,0.26666666666666666,0.05000000000000002,0.7,84,0.0,SlideLeft,0.26666666666666666,0.05000000000000002,0.7,8.743243900011294
ok,24,25,start-anchored,0,0.13932622054514154,0.010956263581893964,0.6999999404181001,0.26666666666666666,0.05000000000000002,0.7,0.9875248993280626,FreeTransferWorkspace,1.1,-0.1,0.9,34,0.918918918918919,0.8300354999955744,37,0.017404945614465928,0.002640098894251674,SlideLeft -> LiftFromLeftSupport -> FreeTransferWorkspace,72,7,True,7.516144699999131,0.92,1.1,-0.1,0.9,0.26666666666666666,0.05000000000000002,0.7,1.1,-0.1,0.9,0.26666666666666666,0.05000000000000002,0.7,71,0.0,SlideLeft,0.26666666666666666,0.05000000000000002,0.7,8.680976000032388
ok,24,25,start-anchored,0,0.13932622054514154,0.010956263581893964,0.6999999404181001,0.26666666666666666,0.05000000000000002,0.7,0.9626057222985697,PlaceOnRightSupport,1.1,-0.05,0.7,41,0.9534883720930233,0.904548899969086,43,0.010963840711435142,0.001555422535623657,SlideLeft -> LiftFromLeftSupport -> FreeTransferWorkspace -> PlaceOnRightSupport,85,7,True,7.587145500001498,0.92,1.1,-0.05,0.7,0.26666666666666666,0.05000000000000002,0.7,1.1,-0.05,0.7,0.26666666666666666,0.05000000000000002,0.7,84,0.0,SlideLeft,0.26666666666666666,0.05000000000000002,0.7,8.840966599993408
ok,24,25,start-anchored,0,0.13932622054514154,0.010956263581893964,0.6999999404181001,0.26666666666666666,0.05000000000000002,0.7,0.9831631606374961,FreeTransferWorkspace,1.1,-0.05,0.9,34,0.918918918918919,0.8426990999723785,37,0.018962851222827225,0.0026832452869819754,SlideLeft -> LiftFromLeftSupport -> FreeTransferWorkspace,72,7,True,7.460281999956351,0.92,1.1,-0.05,0.9,0.26666666666666666,0.05000000000000002,0.7,1.1,-0.05,0.9,0.26666666666666666,0.05000000000000002,0.7,71,0.0,SlideLeft,0.26666666666666666,0.05000000000000002,0.7,8.641052099992521
ok,24,25,start-anchored,0,0.13932622054514154,0.010956263581893964,0.6999999404181001,0.26666666666666666,0.05000000000000002,0.7,0.9607362542569952,PlaceOnRightSupport,1.1,0.0,0.7,40,0.9302325581395349,0.9754306999966502,43,0.010963840711435142,0.0016115406837576118,SlideLeft -> LiftFromLeftSupport -> FreeTransferWorkspace -> PlaceOnRightSupport,85,7,True,7.63292599999113,0.92,1.1,0.0,0.7,0.26666666666666666,0.05000000000000002,0.7,1.1,0.0,0.7,0.26666666666666666,0.05000000000000002,0.7,84,0.0,SlideLeft,0.26666666666666666,0.05000000000000002,0.7,9.097411499998998
ok,24,25,start-anchored,0,0.13932622054514154,0.010956263581893964,0.6999999404181001,0.26666666666666666,0.05000000000000002,0.7,0.9813328559039086,FreeTransferWorkspace,1.1,0.0,0.9,33,0.8918918918918919,0.8512016999884509,37,0.021690285230110126,0.0028186753959328122,SlideLeft -> LiftFromLeftSupport -> FreeTransferWorkspace,72,7,True,7.60495589999482,0.92,1.1,0.0,0.9,0.26666666666666666,0.05000000000000002,0.7,1.1,0.0,0.9,0.26666666666666666,0.05000000000000002,0.7,71,0.0,SlideLeft,0.26666666666666666,0.05000000000000002,0.7,8.848321600002237
ok,24,25,start-anchored,0,0.13932622054514154,0.010956263581893964,0.6999999404181001,0.26666666666666666,0.05000000000000002,0.7,0.9614668605238416,PlaceOnRightSupport,1.1,0.05000000000000002,0.7,40,0.9302325581395349,0.918301000026986,43,0.013313412355596254,0.001686678267738622,SlideLeft -> LiftFromLeftSupport -> FreeTransferWorkspace -> PlaceOnRightSupport,85,7,True,7.779809300031047,0.92,1.1,0.05000000000000002,0.7,0.26666666666666666,0.05000000000000002,0.7,1.1,0.05000000000000002,0.7,0.26666666666666666,0.05000000000000002,0.7,84,0.0,SlideLeft,0.26666666666666666,0.05000000000000002,0.7,9.037004499987233
ok,24,25,start-anchored,0,0.13932622054514154,0.010956263581893964,0.6999999404181001,0.26666666666666666,0.05000000000000002,0.7,0.9820481392061858,FreeTransferWorkspace,1.1,0.05000000000000002,0.9,33,0.8918918918918919,0.8421349999844097,37,0.026229143189934807,0.0031060637811726214,SlideLeft -> LiftFromLeftSupport -> FreeTransferWorkspace,72,7,True,7.589423400000669,0.92,1.1,0.05000000000000002,0.9,0.26666666666666666,0.05000000000000002,0.7,1.1,0.05000000000000002,0.9,0.26666666666666666,0.05000000000000002,0.7,71,0.0,SlideLeft,0.26666666666666666,0.05000000000000002,0.7,8.782389600004535
ok,24,25,start-anchored,0,0.13932622054514154,0.010956263581893964,0.6999999404181001,0.26666666666666666,0.05000000000000002,0.7,0.9647916342544554,PlaceOnRightSupport,1.1,0.1,0.7,40,0.9090909090909091,1.0982539999531582,44,0.015344796282847357,0.001804357514280083,SlideLeft -> LiftFromLeftSupport -> FreeTransferWorkspace -> PlaceOnRightSupport,86,7,True,7.5101207999978215,0.92,1.1,0.1,0.7,0.26666666666666666,0.05000000000000002,0.7,1.1,0.1,0.7,0.26666666666666666,0.05000000000000002,0.7,85,0.0,SlideLeft,0.26666666666666666,0.05000000000000002,0.7,8.9490497999941
ok,24,25,start-anchored,0,0.13932622054514154,0.010956263581893964,0.6999999404181001,0.26666666666666666,0.05000000000000002,0.7,0.9853034666335762,FreeTransferWorkspace,1.1,0.1,0.9,33,0.8918918918918919,0.9005548999994062,37,0.03356043490908099,0.003640469154690379,SlideLeft -> LiftFromLeftSupport -> FreeTransferWorkspace,72,7,True,7.559481999953277,0.92,1.1,0.1,0.9,0.26666666666666666,0.05000000000000002,0.7,1.1,0.1,0.9,0.26666666666666666,0.05000000000000002,0.7,71,0.0,SlideLeft,0.26666666666666666,0.05000000000000002,0.7,8.791984499956015
ok,24,25,start-anchored,0,0.145745078227228,0.013921975123701254,0.6999999406453468,0.26666666666666666,0.1,0.7,0.7134095676799281,PlaceOnRightSupport,0.85,-0.1,0.7,35,0.9210526315789473,0.8065897999913432,38,0.005650942408391439,0.001386518116660014,SlideLeft -> LiftFromLeftSupport -> FreeTransferWorkspace -> PlaceOnRightSupport,75,7,True,7.454980900045484,0.92,0.85,-0.1,0.7,0.26666666666666666,0.1,0.7,0.85,-0.1,0.7,0.26666666666666666,0.1,0.7,74,0.0,SlideLeft,0.26666666666666666,0.1,0.7,8.61454879998928
ok,24,25,start-anchored,0,0.145745078227228,0.013921975123701254,0.6999999406453468,0.26666666666666666,0.1,0.7,0.7409137837826499,FreeTransferWorkspace,0.85,-0.1,0.9,33,0.9166666666666666,0.8154023999813944,36,0.007892218631278636,0.0014833776948946981,SlideLeft -> LiftFromLeftSupport -> FreeTransferWorkspace,70,7,True,7.480872400046792,0.92,0.85,-0.1,0.9,0.26666666666666666,0.1,0.7,0.85,-0.1,0.9,0.26666666666666666,0.1,0.7,69,0.0,SlideLeft,0.26666666666666666,0.1,0.7,8.668953699991107
ok,24,25,start-anchored,0,0.145745078227228,0.013921975123701254,0.6999999406453468,0.26666666666666666,0.1,0.7,0.7223326445091468,PlaceOnRightSupport,0.85,-0.05,0.7,34,0.918918918918919,0.7950333000044338,37,0.005651042183360238,0.0013220859017191748,SlideLeft -> LiftFromLeftSupport -> FreeTransferWorkspace -> PlaceOnRightSupport,72,7,True,7.708792100020219,0.92,0.85,-0.05,0.7,0.26666666666666666,0.1,0.7,0.8665362484677875,-0.03324303549665785,0.7,0.26666666666666666,0.1,0.7,71,0.0,SlideLeft,0.26666666666666666,0.1,0.7,8.83138000004692
ok,24,25,start-anchored,0,0.145745078227228,0.013921975123701254,0.6999999406453468,0.26666666666666666,0.1,0.7,0.7348884524108086,FreeTransferWorkspace,0.85,-0.05,0.9,32,0.9142857142857143,0.7227272000163794,35,0.0074099562061398245,0.0014581758514595811,SlideLeft -> LiftFromLeftSupport -> FreeTransferWorkspace,69,7,True,7.577764800051227,0.92,0.85,-0.05,0.9,0.26666666666666666,0.1,0.7,0.85,-0.05,0.9,0.26666666666666666,0.1,0.7,68,0.0,SlideLeft,0.26666666666666666,0.1,0.7,8.644383799983189
ok,24,25,start-anchored,0,0.145745078227228,0.013921975123701254,0.6999999406453468,0.26666666666666666,0.1,0.7,0.7043925157414165,PlaceOnRightSupport,0.85,0.0,0.7,33,0.9166666666666666,0.7185008000233211,36,0.005651042183360238,0.0012903470730197455,SlideLeft -> LiftFromLeftSupport -> FreeTransferWorkspace -> PlaceOnRightSupport,71,7,True,7.558944099990185,0.92,0.85,0.0,0.7,0.26666666666666666,0.1,0.7,0.85,0.0,0.7,0.26666666666666666,0.1,0.7,70,0.0,SlideLeft,0.26666666666666666,0.1,0.7,8.593434500042349
ok,24,25,start-anchored,0,0.145745078227228,0.013921975123701254,0.6999999406453468,0.26666666666666666,0.1,0.7,0.7322355085451558,FreeTransferWorkspace,0.85,0.0,0.9,32,0.9142857142857143,0.7825127000105567,35,0.007017094074557314,0.001434280536338712,SlideLeft -> LiftFromLeftSupport -> FreeTransferWorkspace,69,7,True,7.441443299991079,0.92,0.85,0.0,0.9,0.26666666666666666,0.1,0.7,0.85,0.0,0.9,0.26666666666666666,0.1,0.7,68,0.0,SlideLeft,0.26666666666666666,0.1,0.7,8.567355399951339
ok,24,25,start-anchored,0,0.145745078227228,0.013921975123701254,0.6999999406453468,0.26666666666666666,0.1,0.7,0.7051784304132902,PlaceOnRightSupport,0.85,0.05000000000000002,0.7,33,0.9166666666666666,0.7585703999502584,36,0.005651042183360238,0.00122248540003928,SlideLeft -> LiftFromLeftSupport -> FreeTransferWorkspace -> PlaceOnRightSupport,71,7,True,7.397871599998325,0.92,0.85,0.05000000000000002,0.7,0.26666666666666666,0.1,0.7,0.85,0.05000000000000002,0.7,0.26666666666666666,0.1,0.7,70,0.0,SlideLeft,0.26666666666666666,0.1,0.7,8.492379500006791
ok,24,25,start-anchored,0,0.145745078227228,0.013921975123701254,0.6999999406453468,0.26666666666666666,0.1,0.7,0.7329915705258915,FreeTransferWorkspace,0.85,0.05000000000000002,0.9,32,0.9142857142857143,0.7758202999830246,35,0.007081261918952353,0.0014320111617468756,SlideLeft -> LiftFromLeftSupport -> FreeTransferWorkspace,69,7,True,7.575308400031645,0.92,0.85,0.05000000000000002,0.9,0.26666666666666666,0.1,0.7,0.85,0.05000000000000002,0.9,0.26666666666666666,0.1,0.7,68,0.0,SlideLeft,0.26666666666666666,0.1,0.7,8.716207599965855
ok,24,25,start-anchored,0,0.145745078227228,0.013921975123701254,0.6999999406453468,0.26666666666666666,0.1,0.7,0.7094958923121272,PlaceOnRightSupport,0.85,0.1,0.7,33,0.9166666666666666,0.7867752999882214,36,0.005651042183360238,0.0012509239293443247,SlideLeft -> LiftFromLeftSupport -> FreeTransferWorkspace -> PlaceOnRightSupport,70,7,True,7.397957700013649,0.92,0.85,0.1,0.7,0.26666666666666666,0.1,0.7,0.85,0.1,0.7,0.26666666666666666,0.1,0.7,69,0.0,SlideLeft,0.26666666666666666,0.1,0.7,8.554847199993674
ok,24,25,start-anchored,0,0.145745078227228,0.013921975123701254,0.6999999406453468,0.26666666666666666,0.1,0.7,0.7371461489756579,FreeTransferWorkspace,0.85,0.1,0.9,32,0.9142857142857143,0.7647960999747738,35,0.007772075392091157,0.001460716772352075,SlideLeft -> LiftFromLeftSupport -> FreeTransferWorkspace,69,7,True,7.529643299989402,0.92,0.85,0.1,0.9,0.26666666666666666,0.1,0.7,0.85,0.1,0.9,0.26666666666666666,0.1,0.7,68,0.0,SlideLeft,0.26666666666666666,0.1,0.7,8.630898999981582
ok,24,25,start-anchored,0,0.145745078227228,0.013921975123701254,0.6999999406453468,0.26666666666666666,0.1,0.7,0.7957848176468111,PlaceOnRightSupport,0.9333333333333333,-0.1,0.7,40,0.9302325581395349,0.9728614999912679,43,0.005650942408391439,0.0011905508115619549,SlideLeft -> LiftFromLeftSupport -> FreeTransferWorkspace -> PlaceOnRightSupport,85,7,True,7.482682499976363,0.92,0.9333333333333333,-0.1,0.7,0.26666666666666666,0.1,0.7,0.9333333333333333,-0.1,0.7,0.26666666666666666,0.1,0.7,84,0.0,SlideLeft,0.26666666666666666,0.1,0.7,8.79464730003383
ok,24,25,start-anchored,0,0.145745078227228,0.013921975123701254,0.6999999406453468,0.26666666666666666,0.1,0.7,0.8205324489251047,FreeTransferWorkspace,0.9333333333333333,-0.1,0.9,33,0.9166666666666666,0.8070336999953724,36,0.009003820056053276,0.0016900580822920112,SlideLeft -> LiftFromLeftSupport -> FreeTransferWorkspace,71,7,True,7.589067800028715,0.92,0.9333333333333333,-0.1,0.9,0.26666666666666666,0.1,0.7,0.9333333333333333,-0.1,0.9,0.26666666666666666,0.1,0.7,70,0.0,SlideLeft,0.26666666666666666,0.1,0.7,8.746750299993437
ok,24,25,start-anchored,0,0.145745078227228,0.013921975123701254,0.6999999406453468,0.26666666666666666,0.1,0.7,0.7901780043033331,PlaceOnRightSupport,0.9333333333333333,-0.05,0.7,35,0.9210526315789473,0.8273683000006713,38,0.005650942408391439,0.0012805613456463535,SlideLeft -> LiftFromLeftSupport -> FreeTransferWorkspace -> PlaceOnRightSupport,74,7,True,8.362152300018352,0.92,0.9333333333333333,-0.05,0.7,0.26666666666666666,0.1,0.7,0.9333333333333333,-0.05,0.7,0.26666666666666666,0.1,0.7,73,0.0,SlideLeft,0.26666666666666666,0.1,0.7,9.570340399979614
ok,24,25,start-anchored,0,0.145745078227228,0.013921975123701254,0.6999999406453468,0.26666666666666666,0.1,0.7,0.8150958852961162,FreeTransferWorkspace,0.9333333333333333,-0.05,0.9,33,0.9166666666666666,0.8006337000406347,36,0.008426048480878977,0.0016550058100691996,SlideLeft -> LiftFromLeftSupport -> FreeTransferWorkspace,71,7,True,7.6526827000197954,0.92,0.9333333333333333,-0.05,0.9,0.26666666666666666,0.1,0.7,0.9333333333333333,-0.05,0.9,0.26666666666666666,0.1,0.7,70,0.0,SlideLeft,0.26666666666666666,0.1,0.7,8.783275900001172
ok,24,25,start-anchored,0,0.145745078227228,0.013921975123701254,0.6999999406453468,0.26666666666666666,0.1,0.7,0.7877112929064989,PlaceOnRightSupport,0.9333333333333333,0.0,0.7,34,0.918918918918919,0.7742771999910474,37,0.005650942408391439,0.0012419710858317086,SlideLeft -> LiftFromLeftSupport -> FreeTransferWorkspace -> PlaceOnRightSupport,73,7,True,7.502914500015322,0.92,0.9333333333333333,0.0,0.7,0.26666666666666666,0.1,0.7,0.9333333333333333,0.0,0.7,0.26666666666666666,0.1,0.7,72,0.0,SlideLeft,0.26666666666666666,0.1,0.7,8.633938000013586
ok,24,25,start-anchored,0,0.145745078227228,0.013921975123701254,0.6999999406453468,0.26666666666666666,0.1,0.7,0.8127048078572499,FreeTransferWorkspace,0.9333333333333333,0.0,0.9,33,0.9166666666666666,0.773140599951148,36,0.009233304968092623,0.0016460468440749221,SlideLeft -> LiftFromLeftSupport -> FreeTransferWorkspace,70,7,True,7.413769000035245,0.92,0.9333333333333333,0.0,0.9,0.26666666666666666,0.1,0.7,0.9333333333333333,0.0,0.9,0.26666666666666666,0.1,0.7,69,0.0,SlideLeft,0.26666666666666666,0.1,0.7,8.546032000042032
ok,24,25,start-anchored,0,0.145745078227228,0.013921975123701254,0.6999999406453468,0.26666666666666666,0.1,0.7,0.7884141573183843,PlaceOnRightSupport,0.9333333333333333,0.05000000000000002,0.7,34,0.918918918918919,0.8165649999864399,37,0.005650942408391439,0.0013083774196550521,SlideLeft -> LiftFromLeftSupport -> FreeTransferWorkspace -> PlaceOnRightSupport,72,7,True,7.618836200039368,0.92,0.9333333333333333,0.05000000000000002,0.7,0.26666666666666666,0.1,0.7,0.9333333333333333,0.05000000000000002,0.7,0.26666666666666666,0.1,0.7,71,0.0,SlideLeft,0.26666666666666666,0.1,0.7,8.820753099978901
ok,24,25,start-anchored,0,0.145745078227228,0.013921975123701254,0.6999999406453468,0.26666666666666666,0.1,0.7,0.8133860751217218,FreeTransferWorkspace,0.9333333333333333,0.05000000000000002,0.9,33,0.9166666666666666,1.000900899991393,36,0.010350960332539433,0.0016712104802711015,SlideLeft -> LiftFromLeftSupport -> FreeTransferWorkspace,70,7,True,7.533275900001172,0.92,0.9333333333333333,0.05000000000000002,0.9,0.26666666666666666,0.1,0.7,0.9333333333333333,0.05000000000000002,0.9,0.26666666666666666,0.1,0.7,69,0.0,SlideLeft,0.26666666666666666,0.1,0.7,8.878210099996068
ok,24,25,start-anchored,0,0.145745078227228,0.013921975123701254,0.6999999406453468,0.26666666666666666,0.1,0.7,0.7922781619782838,PlaceOnRightSupport,0.9333333333333333,0.1,0.7,34,0.918918918918919,0.790319100022316,37,0.005650942408391439,0.0013739532477668019,SlideLeft -> LiftFromLeftSupport -> FreeTransferWorkspace -> PlaceOnRightSupport,72,7,True,7.686535899993032,0.92,0.9333333333333333,0.1,0.7,0.26666666666666666,0.1,0.7,0.9333333333333333,0.1,0.7,0.26666666666666666,0.1,0.7,71,0.0,SlideLeft,0.26666666666666666,0.1,0.7,8.815840099996421
ok,24,25,start-anchored,0,0.145745078227228,0.013921975123701254,0.6999999406453468,0.26666666666666666,0.1,0.7,0.8171320026100735,FreeTransferWorkspace,0.9333333333333333,0.1,0.9,33,0.9166666666666666,0.7891926000011154,36,0.011979536323938302,0.0017458035988609036,SlideLeft -> LiftFromLeftSupport -> FreeTransferWorkspace,70,7,True,7.405799600004684,0.92,0.9333333333333333,0.1,0.9,0.26666666666666666,0.1,0.7,0.9333333333333333,0.1,0.9,0.26666666666666666,0.1,0.7,69,0.0,SlideLeft,0.26666666666666666,0.1,0.7,8.527561999973841
ok,24,25,start-anchored,0,0.145745078227228,0.013921975123701254,0.6999999406453468,0.26666666666666666,0.1,0.7,0.8783408390971944,PlaceOnRightSupport,1.0166666666666666,-0.1,0.7,40,0.9302325581395349,0.9367263000458479,43,0.005650942408391439,0.0011552544588164947,SlideLeft -> LiftFromLeftSupport -> FreeTransferWorkspace -> PlaceOnRightSupport,85,7,True,7.63727430003928,0.92,1.0166666666666666,-0.1,0.7,0.26666666666666666,0.1,0.7,1.0166666666666666,-0.1,0.7,0.26666666666666666,0.1,0.7,84,0.0,SlideLeft,0.26666666666666666,0.1,0.7,8.920734899991658
ok,24,25,start-anchored,0,0.145745078227228,0.013921975123701254,0.6999999406453468,0.26666666666666666,0.1,0.7,0.9008233197291381,FreeTransferWorkspace,1.0166666666666666,-0.1,0.9,34,0.918918918918919,0.7963226999854669,37,0.013838923860007195,0.0019832211250952934,SlideLeft -> LiftFromLeftSupport -> FreeTransferWorkspace,72,7,True,7.483528499957174,0.92,1.0166666666666666,-0.1,0.9,0.26666666666666666,0.1,0.7,1.0166666666666666,-0.1,0.9,0.26666666666666666,0.1,0.7,71,0.0,SlideLeft,0.26666666666666666,0.1,0.7,8.629936600045767
ok,24,25,start-anchored,0,0.145745078227228,0.013921975123701254,0.6999999406453468,0.26666666666666666,0.1,0.7,0.8732642395710438,PlaceOnRightSupport,1.0166666666666666,-0.05,0.7,40,0.9302325581395349,0.9241744999890216,43,0.005650942408391439,0.0011872399188624016,SlideLeft -> LiftFromLeftSupport -> FreeTransferWorkspace -> PlaceOnRightSupport,84,7,True,7.649655800021719,0.92,1.0166666666666666,-0.05,0.7,0.26666666666666666,0.1,0.7,1.0166666666666666,-0.05,0.7,0.26666666666666666,0.1,0.7,83,0.0,SlideLeft,0.26666666666666666,0.1,0.7,8.910663700022269
ok,24,25,start-anchored,0,0.145745078227228,0.013921975123701254,0.6999999406453468,0.26666666666666666,0.1,0.7,0.8958741294710182,FreeTransferWorkspace,1.0166666666666666,-0.05,0.9,34,0.918918918918919,0.8024502000189386,37,0.014650016917307622,0.0019667877433376378,SlideLeft -> LiftFromLeftSupport -> FreeTransferWorkspace,72,7,True,7.361320600030012,0.92,1.0166666666666666,-0.05,0.9,0.26666666666666666,0.1,0.7,1.0166666666666666,-0.05,0.9,0.26666666666666666,0.1,0.7,71,0.0,SlideLeft,0.26666666666666666,0.1,0.7,8.516546500031836
ok,24,25,start-anchored,0,0.145745078227228,0.013921975123701254,0.6999999406453468,0.26666666666666666,0.1,0.7,0.8710328550641607,PlaceOnRightSupport,1.0166666666666666,0.0,0.7,40,0.9302325581395349,0.9229703000164591,43,0.006176766114959122,0.0012352001304102246,SlideLeft -> LiftFromLeftSupport -> FreeTransferWorkspace -> PlaceOnRightSupport,85,7,True,7.457219899981283,0.92,1.0166666666666666,0.0,0.7,0.26666666666666666,0.1,0.7,1.0166666666666666,0.0,0.7,0.26666666666666666,0.1,0.7,84,0.0,SlideLeft,0.26666666666666666,0.1,0.7,8.727802700013854
ok,24,25,start-anchored,0,0.145745078227228,0.013921975123701254,0.6999999406453468,0.26666666666666666,0.1,0.7,0.8936991990278857,FreeTransferWorkspace,1.0166666666666666,0.0,0.9,34,0.918918918918919,0.8050329000107013,37,0.01614923459595301,0.001999406826126409,SlideLeft -> LiftFromLeftSupport -> FreeTransferWorkspace,72,7,True,7.65236189996358,0.92,1.0166666666666666,0.0,0.9,0.26666666666666666,0.1,0.7,1.0166666666666666,0.0,0.9,0.26666666666666666,0.1,0.7,71,0.0,SlideLeft,0.26666666666666666,0.1,0.7,8.82390660000965
ok,24,25,start-anchored,0,0.145745078227228,0.013921975123701254,0.6999999406453468,0.26666666666666666,0.1,0.7,0.8716685362503646,PlaceOnRightSupport,1.0166666666666666,0.05000000000000002,0.7,35,0.9210526315789473,0.8417527000419796,38,0.009310692036610021,0.00146811210388334,SlideLeft -> LiftFromLeftSupport -> FreeTransferWorkspace -> PlaceOnRightSupport,75,7,True,7.654069000040181,0.92,1.0166666666666666,0.05000000000000002,0.7,0.26666666666666666,0.1,0.7,1.0166666666666666,0.05000000000000002,0.7,0.26666666666666666,0.1,0.7,74,0.0,SlideLeft,0.26666666666666666,0.1,0.7,8.86637459998019
ok,24,25,start-anchored,0,0.145745078227228,0.013921975123701254,0.6999999406453468,0.26666666666666666,0.1,0.7,0.8943187691369976,FreeTransferWorkspace,1.0166666666666666,0.05000000000000002,0.9,34,0.918918918918919,0.808862500009127,37,0.018699339622467583,0.0021017429328960605,SlideLeft -> LiftFromLeftSupport -> FreeTransferWorkspace,72,7,True,7.62952379998751,0.92,1.0166666666666666,0.05000000000000002,0.9,0.26666666666666666,0.1,0.7,1.0166666666666666,0.05000000000000002,0.9,0.26666666666666666,0.1,0.7,71,0.0,SlideLeft,0.26666666666666666,0.1,0.7,8.784756900044158
ok,24,25,start-anchored,0,0.145745078227228,0.013921975123701254,0.6999999406453468,0.26666666666666666,0.1,0.7,0.8751650356227008,PlaceOnRightSupport,1.0166666666666666,0.1,0.7,35,0.9210526315789473,0.8097547999932431,38,0.011633959201027095,0.0015840415111699276,SlideLeft -> LiftFromLeftSupport -> FreeTransferWorkspace -> PlaceOnRightSupport,74,7,True,7.637079000007361,0.92,1.0166666666666666,0.1,0.7,0.26666666666666666,0.1,0.7,1.0166666666666666,0.1,0.7,0.26666666666666666,0.1,0.7,73,0.0,SlideLeft,0.26666666666666666,0.1,0.7,8.818808700016234
ok,24,25,start-anchored,0,0.145745078227228,0.013921975123701254,0.6999999406453468,0.26666666666666666,0.1,0.7,0.897727053908004,FreeTransferWorkspace,1.0166666666666666,0.1,0.9,32,0.8648648648648649,0.815044199989643,37,0.022942546530456683,0.002321823798384269,SlideLeft -> LiftFromLeftSupport -> FreeTransferWorkspace,72,7,True,7.56001939997077,0.92,1.0166666666666666,0.1,0.9,0.26666666666666666,0.1,0.7,1.0166666666666666,0.1,0.9,0.26666666666666666,0.1,0.7,71,0.0,SlideLeft,0.26666666666666666,0.1,0.7,8.743703000014648
ok,24,25,start-anchored,0,0.145745078227228,0.013921975123701254,0.6999999406453468,0.26666666666666666,0.1,0.7,0.9610310463994637,PlaceOnRightSupport,1.1,-0.1,0.7,41,0.9318181818181818,0.9334556999965571,44,0.008524330084163409,0.0013449527288956927,SlideLeft -> LiftFromLeftSupport -> FreeTransferWorkspace -> PlaceOnRightSupport,86,7,True,7.557917499972973,0.92,1.1,-0.1,0.7,0.26666666666666666,0.1,0.7,1.1,-0.1,0.7,0.26666666666666666,0.1,0.7,85,0.0,SlideLeft,0.26666666666666666,0.1,0.7,8.84105940000154
ok,24,25,start-anchored,0,0.145745078227228,0.013921975123701254,0.6999999406453468,0.26666666666666666,0.1,0.7,0.9816214626247275,FreeTransferWorkspace,1.1,-0.1,0.9,34,0.918918918918919,0.8836112999706529,37,0.022698697894949,0.0023628485453399033,SlideLeft -> LiftFromLeftSupport -> FreeTransferWorkspace,73,7,True,7.657888700021431,0.92,1.1,-0.1,0.9,0.26666666666666666,0.1,0.7,1.1,-0.1,0.9,0.26666666666666666,0.1,0.7,72,0.0,SlideLeft,0.26666666666666666,0.1,0.7,8.968053899996448
ok,24,25,start-anchored,0,0.145745078227228,0.013921975123701254,0.6999999406453468,0.26666666666666666,0.1,0.7,0.956393472704241,PlaceOnRightSupport,1.1,-0.05,0.7,41,0.9318181818181818,0.9551311999675818,44,0.010919007569139988,0.0013905703633809738,SlideLeft -> LiftFromLeftSupport -> FreeTransferWorkspace -> PlaceOnRightSupport,86,7,True,7.763560799998231,0.92,1.1,-0.05,0.7,0.26666666666666666,0.1,0.7,1.1,-0.05,0.7,0.26666666666666666,0.1,0.7,85,0.0,SlideLeft,0.26666666666666666,0.1,0.7,9.071298800001387
ok,24,25,start-anchored,0,0.145745078227228,0.013921975123701254,0.6999999406453468,0.26666666666666666,0.1,0.7,0.9770816231887381,FreeTransferWorkspace,1.1,-0.05,0.9,33,0.8918918918918919,0.8026175000122748,37,0.022650907540561954,0.002383975706344659,SlideLeft -> LiftFromLeftSupport -> FreeTransferWorkspace,73,7,True,7.493703700019978,0.92,1.1,-0.05,0.9,0.26666666666666666,0.1,0.7,1.1,-0.05,0.9,0.26666666666666666,0.1,0.7,72,0.0,SlideLeft,0.26666666666666666,0.1,0.7,8.643461300001945
ok,24,25,start-anchored,0,0.145745078227228,0.013921975123701254,0.6999999406453468,0.26666666666666666,0.1,0.7,0.9543564727704779,PlaceOnRightSupport,1.1,0.0,0.7,40,0.9090909090909091,0.9913357999757864,44,0.012343852160051435,0.0014491786662291979,SlideLeft -> LiftFromLeftSupport -> FreeTransferWorkspace -> PlaceOnRightSupport,86,7,True,7.543763599998783,0.92,1.1,0.0,0.7,0.26666666666666666,0.1,0.7,1.1,0.0,0.7,0.26666666666666666,0.1,0.7,85,0.0,SlideLeft,0.26666666666666666,0.1,0.7,9.015567199967336
ok,24,25,start-anchored,0,0.145745078227228,0.013921975123701254,0.6999999406453468,0.26666666666666666,0.1,0.7,0.9750878426381744,FreeTransferWorkspace,1.1,0.0,0.9,33,0.8918918918918919,0.8509604000137188,37,0.024402770574387698,0.002476266454285078,SlideLeft -> LiftFromLeftSupport -> FreeTransferWorkspace,73,7,True,7.4046494999784045,0.92,1.1,0.0,0.9,0.26666666666666666,0.1,0.7,1.1,0.0,0.9,0.26666666666666666,0.1,0.7,72,0.0,SlideLeft,0.26666666666666666,0.1,0.7,8.608095000032336
ok,24,25,start-anchored,0,0.145745078227228,0.013921975123701254,0.6999999406453468,0.26666666666666666,0.1,0.7,0.9549366887948842,PlaceOnRightSupport,1.1,0.05000000000000002,0.7,40,0.9090909090909091,0.9569785000057891,44,0.01244487298964999,0.0015210129520352009,SlideLeft -> LiftFromLeftSupport -> FreeTransferWorkspace -> PlaceOnRightSupport,86,7,True,7.584045199968386,0.92,1.1,0.05000000000000002,0.7,0.26666666666666666,0.1,0.7,1.1,0.05000000000000002,0.7,0.26666666666666666,0.1,0.7,85,0.0,SlideLeft,0.26666666666666666,0.1,0.7,8.91175359999761
ok,24,25,start-anchored,0,0.145745078227228,0.013921975123701254,0.6999999406453468,0.26666666666666666,0.1,0.7,0.9756557299316183,FreeTransferWorkspace,1.1,0.05000000000000002,0.9,33,0.8918918918918919,0.8578423999715596,37,0.028879348131825182,0.0026751546616736815,SlideLeft -> LiftFromLeftSupport -> FreeTransferWorkspace,73,7,True,7.466649900015909,0.92,1.1,0.05000000000000002,0.9,0.26666666666666666,0.1,0.7,1.1,0.05000000000000002,0.9,0.26666666666666666,0.1,0.7,72,0.0,SlideLeft,0.26666666666666666,0.1,0.7,8.67116160003934
ok,24,25,start-anchored,0,0.145745078227228,0.013921975123701254,0.6999999406453468,0.26666666666666666,0.1,0.7,0.9581293660535447,PlaceOnRightSupport,1.1,0.1,0.7,40,0.9090909090909091,0.9507974999723956,44,0.012288178859454435,0.0016155381697321503,SlideLeft -> LiftFromLeftSupport -> FreeTransferWorkspace -> PlaceOnRightSupport,87,7,True,7.699737099988852,0.92,1.1,0.1,0.7,0.26666666666666666,0.1,0.7,1.1,0.1,0.7,0.26666666666666666,0.1,0.7,86,0.0,SlideLeft,0.26666666666666666,0.1,0.7,8.991846700024325
ok,24,25,start-anchored,0,0.145745078227228,0.013921975123701254,0.6999999406453468,0.26666666666666666,0.1,0.7,0.9787808262507132,FreeTransferWorkspace,1.1,0.1,0.9,33,0.8918918918918919,0.8566970000392757,37,0.037567867305737794,0.003037383125123633,SlideLeft -> LiftFromLeftSupport -> FreeTransferWorkspace,73,7,True,7.553961500001606,0.92,1.1,0.1,0.9,0.26666666666666666,0.1,0.7,1.1,0.1,0.9,0.26666666666666666,0.1,0.7,72,0.0,SlideLeft,0.26666666666666666,0.1,0.7,8.795844400010537
ok,50,51,start-anchored,0,0.85,-0.1,0.7,0.35,-0.1,0.7,0.0,PlaceOnRightSupport,0.85,-0.1,0.7,51,1.0,1.0600532999960706,51,0.01238662321542249,0.0009602271570666042,SlideLeft -> LiftFromLeftSupport -> FreeTransferWorkspace -> PlaceOnRightSupport,100,7,True,7.474522100004833,0.92,0.85,-0.1,0.7,0.35,-0.1,0.7,0.85,-0.1,0.7,0.35,-0.1,0.7,99,0.0,SlideLeft,0.35,-0.1,0.7,8.888569100003224
ok,48,49,start-anchored,0,0.85,-0.1,0.9,0.35,-0.1,0.7,0.0,FreeTransferWorkspace,0.85,-0.1,0.9,49,1.0,0.9966518000001088,49,0.01238662321542249,0.0009762216725643874,SlideLeft -> LiftFromLeftSupport -> FreeTransferWorkspace,96,7,True,7.560264499974437,0.92,0.85,-0.1,0.9,0.35,-0.1,0.7,0.85,-0.1,0.9,0.35,-0.1,0.7,95,0.0,SlideLeft,0.35,-0.1,0.7,8.88752350001596
ok,49,50,start-anchored,0,0.856202861138528,-0.03455313257325132,0.7,0.35,-0.1,0.7,0.0,PlaceOnRightSupport,0.85,-0.05,0.7,50,1.0,1.0357022000243887,50,0.01238662321542249,0.0009138109611473516,SlideLeft -> LiftFromLeftSupport -> FreeTransferWorkspace -> PlaceOnRightSupport,98,7,True,7.722855300002266,0.92,0.85,-0.05,0.7,0.35,-0.1,0.7,0.856202861138528,-0.03455313257325132,0.7,0.35,-0.1,0.7,97,0.0,SlideLeft,0.35,-0.1,0.7,9.10965599998599
ok,48,49,start-anchored,0,0.85,-0.05,0.9,0.35,-0.1,0.7,0.0,FreeTransferWorkspace,0.85,-0.05,0.9,49,1.0,1.0156227999832481,49,0.01238662321542249,0.00100530993080311,SlideLeft -> LiftFromLeftSupport -> FreeTransferWorkspace,96,7,True,7.415931300027296,0.92,0.85,-0.05,0.9,0.35,-0.1,0.7,0.85,-0.05,0.9,0.35,-0.1,0.7,95,0.0,SlideLeft,0.35,-0.1,0.7,8.77398539998103
ok,49,50,start-anchored,0,0.85,0.0,0.7,0.35,-0.1,0.7,0.0,PlaceOnRightSupport,0.85,0.0,0.7,50,1.0,1.0611733000259846,50,0.01238662321542249,0.0008896222179914298,SlideLeft -> LiftFromLeftSupport -> FreeTransferWorkspace -> PlaceOnRightSupport,98,7,True,8.395774900040124,0.92,0.85,0.0,0.7,0.35,-0.1,0.7,0.85,0.0,0.7,0.35,-0.1,0.7,97,0.0,SlideLeft,0.35,-0.1,0.7,9.83121850003954
ok,48,49,start-anchored,0,0.85,0.0,0.9,0.35,-0.1,0.7,0.0,FreeTransferWorkspace,0.85,0.0,0.9,49,1.0,1.0692344999988563,49,0.01238662321542249,0.001053525838059148,SlideLeft -> LiftFromLeftSupport -> FreeTransferWorkspace,96,7,True,7.867999499954749,0.92,0.85,0.0,0.9,0.35,-0.1,0.7,0.85,0.0,0.9,0.35,-0.1,0.7,95,0.0,SlideLeft,0.35,-0.1,0.7,9.359149300027639
ok,48,49,start-anchored,0,0.85,0.05000000000000002,0.7,0.35,-0.1,0.7,0.0,PlaceOnRightSupport,0.85,0.05000000000000002,0.7,49,1.0,0.9402388000162318,49,0.01238662321542249,0.0008436845027531451,SlideLeft -> LiftFromLeftSupport -> FreeTransferWorkspace -> PlaceOnRightSupport,97,7,True,8.136703099997249,0.92,0.85,0.05000000000000002,0.7,0.35,-0.1,0.7,0.85,0.05000000000000002,0.7,0.35,-0.1,0.7,96,0.0,SlideLeft,0.35,-0.1,0.7,9.373167299956549
ok,48,49,start-anchored,0,0.85,0.05000000000000002,0.9,0.35,-0.1,0.7,0.0,FreeTransferWorkspace,0.85,0.05000000000000002,0.9,49,1.0,1.0520663000061177,49,0.01238662321542249,0.0011230373377773071,SlideLeft -> LiftFromLeftSupport -> FreeTransferWorkspace,96,7,True,7.1353379000211135,0.92,0.85,0.05000000000000002,0.9,0.35,-0.1,0.7,0.85,0.05000000000000002,0.9,0.35,-0.1,0.7,95,0.0,SlideLeft,0.35,-0.1,0.7,8.593527299992274
ok,48,49,start-anchored,0,0.85,0.1,0.7,0.35,-0.1,0.7,0.0,PlaceOnRightSupport,0.85,0.1,0.7,49,1.0,1.0267181000090204,49,0.01238662321542249,0.0008956502164943679,SlideLeft -> LiftFromLeftSupport -> FreeTransferWorkspace -> PlaceOnRightSupport,97,7,True,7.604335099982563,0.92,0.85,0.1,0.7,0.35,-0.1,0.7,0.85,0.1,0.7,0.35,-0.1,0.7,96,0.0,SlideLeft,0.35,-0.1,0.7,9.140677400049753
ok,48,49,start-anchored,0,0.85,0.1,0.9,0.35,-0.1,0.7,0.0,FreeTransferWorkspace,0.85,0.1,0.9,49,1.0,1.0036148000508547,49,0.013489886033347538,0.001217326020039379,SlideLeft -> LiftFromLeftSupport -> FreeTransferWorkspace,96,7,True,7.549960599979386,0.92,0.85,0.1,0.9,0.35,-0.1,0.7,0.85,0.1,0.9,0.35,-0.1,0.7,95,0.0,SlideLeft,0.35,-0.1,0.7,8.889300299983006
ok,56,57,start-anchored,0,0.9333333333333333,-0.1,0.7,0.35,-0.1,0.7,0.0,PlaceOnRightSupport,0.9333333333333333,-0.1,0.7,57,1.0,1.1742263999767601,57,0.01238662321542249,0.0008932762802042837,SlideLeft -> LiftFromLeftSupport -> FreeTransferWorkspace -> PlaceOnRightSupport,112,7,True,7.651428600016516,0.92,0.9333333333333333,-0.1,0.7,0.35,-0.1,0.7,0.9333333333333333,-0.1,0.7,0.35,-0.1,0.7,111,0.0,SlideLeft,0.35,-0.1,0.7,9.15238899999531
ok,48,49,start-anchored,0,0.9333333333333333,-0.1,0.9,0.35,-0.1,0.7,0.0,FreeTransferWorkspace,0.9333333333333333,-0.1,0.9,49,1.0,1.0699526999960653,49,0.01238662321542249,0.0011520293940402852,SlideLeft -> LiftFromLeftSupport -> FreeTransferWorkspace,97,7,True,7.534538800013252,0.92,0.9333333333333333,-0.1,0.9,0.35,-0.1,0.7,0.9333333333333333,-0.1,0.9,0.35,-0.1,0.7,96,0.0,SlideLeft,0.35,-0.1,0.7,8.939802400011104
ok,50,51,start-anchored,0,0.9333333333333333,-0.05,0.7,0.35,-0.1,0.7,0.0,PlaceOnRightSupport,0.9333333333333333,-0.05,0.7,51,1.0,1.0615037999814376,51,0.01238662321542249,0.0009125462249564334,SlideLeft -> LiftFromLeftSupport -> FreeTransferWorkspace -> PlaceOnRightSupport,100,7,True,7.6229676000075415,0.92,0.9333333333333333,-0.05,0.7,0.35,-0.1,0.7,0.9333333333333333,-0.05,0.7,0.35,-0.1,0.7,99,0.0,SlideLeft,0.35,-0.1,0.7,9.021477799979039
ok,48,49,start-anchored,0,0.9333333333333333,-0.05,0.9,0.35,-0.1,0.7,0.0,FreeTransferWorkspace,0.9333333333333333,-0.05,0.9,49,1.0,1.0020000000367872,49,0.01238662321542249,0.0011724534335392064,SlideLeft -> LiftFromLeftSupport -> FreeTransferWorkspace,97,7,True,7.400874399987515,0.92,0.9333333333333333,-0.05,0.9,0.35,-0.1,0.7,0.9333333333333333,-0.05,0.9,0.35,-0.1,0.7,96,0.0,SlideLeft,0.35,-0.1,0.7,8.752624300017487
ok,49,50,start-anchored,0,0.9333333333333333,0.0,0.7,0.35,-0.1,0.7,0.0,PlaceOnRightSupport,0.9333333333333333,0.0,0.7,50,1.0,1.0672016000025906,50,0.01238662321542249,0.000896719654492913,SlideLeft -> LiftFromLeftSupport -> FreeTransferWorkspace -> PlaceOnRightSupport,99,7,True,7.535773899988271,0.92,0.9333333333333333,0.0,0.7,0.35,-0.1,0.7,0.9333333333333333,0.0,0.7,0.35,-0.1,0.7,98,0.0,SlideLeft,0.35,-0.1,0.7,8.956060500000603
ok,48,49,start-anchored,0,0.9333333333333333,0.0,0.9,0.35,-0.1,0.7,0.0,FreeTransferWorkspace,0.9333333333333333,0.0,0.9,49,1.0,1.0386222999659367,49,0.01238662321542249,0.001216811797499556,SlideLeft -> LiftFromLeftSupport -> FreeTransferWorkspace,97,7,True,7.577733899990562,0.92,0.9333333333333333,0.0,0.9,0.35,-0.1,0.7,0.9333333333333333,0.0,0.9,0.35,-0.1,0.7,96,0.0,SlideLeft,0.35,-0.1,0.7,8.965859899995849
ok,49,50,start-anchored,0,0.9333333333333333,0.05000000000000002,0.7,0.35,-0.1,0.7,0.0,PlaceOnRightSupport,0.9333333333333333,0.05000000000000002,0.7,50,1.0,1.080489999963902,50,0.01238662321542249,0.0009458839453523831,SlideLeft -> LiftFromLeftSupport -> FreeTransferWorkspace -> PlaceOnRightSupport,99,7,True,8.526637299975846,0.92,0.9333333333333333,0.05000000000000002,0.7,0.35,-0.1,0.7,0.9333333333333333,0.05000000000000002,0.7,0.35,-0.1,0.7,98,0.0,SlideLeft,0.35,-0.1,0.7,9.970144200022332
ok,48,49,start-anchored,0,0.9333333333333333,0.05000000000000002,0.9,0.35,-0.1,0.7,0.0,FreeTransferWorkspace,0.9333333333333333,0.05000000000000002,0.9,49,1.0,1.0399751999648288,49,0.01238662321542249,0.0012881833976123508,SlideLeft -> LiftFromLeftSupport -> FreeTransferWorkspace,97,7,True,7.675620499998331,0.92,0.9333333333333333,0.05000000000000002,0.9,0.35,-0.1,0.7,0.9333333333333333,0.05000000000000002,0.9,0.35,-0.1,0.7,96,0.0,SlideLeft,0.35,-0.1,0.7,9.069998199993279
ok,49,50,start-anchored,0,0.9333333333333333,0.1,0.7,0.35,-0.1,0.7,0.0,PlaceOnRightSupport,0.9333333333333333,0.1,0.7,50,1.0,1.0405620000092313,50,0.01238662321542249,0.0010080393931297129,SlideLeft -> LiftFromLeftSupport -> FreeTransferWorkspace -> PlaceOnRightSupport,99,7,True,7.4027742999605834,0.92,0.9333333333333333,0.1,0.7,0.35,-0.1,0.7,0.9333333333333333,0.1,0.7,0.35,-0.1,0.7,98,0.0,SlideLeft,0.35,-0.1,0.7,8.768434200028423
ok,48,49,start-anchored,0,0.9333333333333333,0.1,0.9,0.35,-0.1,0.7,0.0,FreeTransferWorkspace,0.9333333333333333,0.1,0.9,49,1.0,1.0125589999952354,49,0.01448564813987431,0.0013929786871840625,SlideLeft -> LiftFromLeftSupport -> FreeTransferWorkspace,97,7,True,7.491602500027511,0.92,0.9333333333333333,0.1,0.9,0.35,-0.1,0.7,0.9333333333333333,0.1,0.9,0.35,-0.1,0.7,96,0.0,SlideLeft,0.35,-0.1,0.7,8.859894699999131
ok,56,57,start-anchored,0,1.0166666666666666,-0.1,0.7,0.35,-0.1,0.7,0.0,PlaceOnRightSupport,1.0166666666666666,-0.1,0.7,57,1.0,1.1671618000254966,57,0.01238662321542249,0.0008628577908846401,SlideLeft -> LiftFromLeftSupport -> FreeTransferWorkspace -> PlaceOnRightSupport,112,7,True,7.642748000042047,0.92,1.0166666666666666,-0.1,0.7,0.35,-0.1,0.7,1.0166666666666666,-0.1,0.7,0.35,-0.1,0.7,111,0.0,SlideLeft,0.35,-0.1,0.7,9.146000100008678
ok,49,50,start-anchored,0,1.0166666666666666,-0.1,0.9,0.35,-0.1,0.7,0.0,FreeTransferWorkspace,1.0166666666666666,-0.1,0.9,50,1.0,1.0866592999664135,50,0.013842625953923953,0.0013962958730650097,SlideLeft -> LiftFromLeftSupport -> FreeTransferWorkspace,99,7,True,7.443316200049594,0.92,1.0166666666666666,-0.1,0.9,0.35,-0.1,0.7,1.0166666666666666,-0.1,0.9,0.35,-0.1,0.7,98,0.0,SlideLeft,0.35,-0.1,0.7,8.94281979999505
ok,55,56,start-anchored,0,1.0166666666666666,-0.05,0.7,0.35,-0.1,0.7,0.0,PlaceOnRightSupport,1.0166666666666666,-0.05,0.7,56,1.0,1.158568600018043,56,0.01238662321542249,0.0009003488976852961,SlideLeft -> LiftFromLeftSupport -> FreeTransferWorkspace -> PlaceOnRightSupport,111,7,True,7.427987799979746,0.92,1.0166666666666666,-0.05,0.7,0.35,-0.1,0.7,1.0166666666666666,-0.05,0.7,0.35,-0.1,0.7,110,0.0,SlideLeft,0.35,-0.1,0.7,8.96715129999211
ok,49,50,start-anchored,0,1.0166666666666666,-0.05,0.9,0.35,-0.1,0.7,0.0,FreeTransferWorkspace,1.0166666666666666,-0.05,0.9,50,1.0,1.0558085000375286,50,0.014669451118153052,0.0014233186166992325,SlideLeft -> LiftFromLeftSupport -> FreeTransferWorkspace,98,7,True,7.877111500012688,0.92,1.0166666666666666,-0.05,0.9,0.35,-0.1,0.7,1.0166666666666666,-0.05,0.9,0.35,-0.1,0.7,97,0.0,SlideLeft,0.35,-0.1,0.7,9.26116059999913
ok,56,57,start-anchored,0,1.0166666666666666,0.0,0.7,0.35,-0.1,0.7,0.0,PlaceOnRightSupport,1.0166666666666666,0.0,0.7,57,1.0,1.192295800021384,57,0.01238662321542249,0.0009328457140091619,SlideLeft -> LiftFromLeftSupport -> FreeTransferWorkspace -> PlaceOnRightSupport,112,7,True,7.5484826999600045,0.92,1.0166666666666666,0.0,0.7,0.35,-0.1,0.7,1.0166666666666666,0.0,0.7,0.35,-0.1,0.7,111,0.0,SlideLeft,0.35,-0.1,0.7,9.09739890001947
ok,49,50,start-anchored,0,1.0166666666666666,0.0,0.9,0.35,-0.1,0.7,0.0,FreeTransferWorkspace,1.0166666666666666,0.0,0.9,50,1.0,1.009195999999065,50,0.015857732511527927,0.0014858518426173024,SlideLeft -> LiftFromLeftSupport -> FreeTransferWorkspace,98,7,True,7.7746522999950685,0.92,1.0166666666666666,0.0,0.9,0.35,-0.1,0.7,1.0166666666666666,0.0,0.9,0.35,-0.1,0.7,97,0.0,SlideLeft,0.35,-0.1,0.7,9.160207399982028
ok,51,52,start-anchored,0,1.0166666666666666,0.05000000000000002,0.7,0.35,-0.1,0.7,0.0,PlaceOnRightSupport,1.0166666666666666,0.05000000000000002,0.7,52,1.0,1.1114311999990605,52,0.01238662321542249,0.001070784840095262,SlideLeft -> LiftFromLeftSupport -> FreeTransferWorkspace -> PlaceOnRightSupport,102,7,True,7.519044400018174,0.92,1.0166666666666666,0.05000000000000002,0.7,0.35,-0.1,0.7,1.0166666666666666,0.05000000000000002,0.7,0.35,-0.1,0.7,101,0.0,SlideLeft,0.35,-0.1,0.7,8.982322600029875
ok,49,50,start-anchored,0,1.0166666666666666,0.05000000000000002,0.9,0.35,-0.1,0.7,0.0,FreeTransferWorkspace,1.0166666666666666,0.05000000000000002,0.9,50,1.0,1.0451882999623194,50,0.01754251534721803,0.0015928746577630445,SlideLeft -> LiftFromLeftSupport -> FreeTransferWorkspace,98,7,True,7.535744100052398,0.92,1.0166666666666666,0.05000000000000002,0.9,0.35,-0.1,0.7,1.0166666666666666,0.05000000000000002,0.9,0.35,-0.1,0.7,97,0.0,SlideLeft,0.35,-0.1,0.7,8.945220699999481
ok,51,52,start-anchored,0,1.0166666666666666,0.1,0.7,0.35,-0.1,0.7,0.0,PlaceOnRightSupport,1.0166666666666666,0.1,0.7,52,1.0,1.0982115000369959,52,0.01238662321542249,0.0011514886846258653,SlideLeft -> LiftFromLeftSupport -> FreeTransferWorkspace -> PlaceOnRightSupport,102,7,True,7.435905100021046,0.92,1.0166666666666666,0.1,0.7,0.35,-0.1,0.7,1.0166666666666666,0.1,0.7,0.35,-0.1,0.7,101,0.0,SlideLeft,0.35,-0.1,0.7,8.888987000042107
ok,48,49,start-anchored,0,0.9743911277772928,0.09626928206596361,0.8903014940194967,0.35,-0.1,0.7,0.043533900157740994,FreeTransferWorkspace,1.0166666666666666,0.1,0.9,49,0.98,1.07812240003841,50,0.01985259703540758,0.0017629811476437055,SlideLeft -> LiftFromLeftSupport -> FreeTransferWorkspace,98,7,True,8.184441499994136,0.92,1.0166666666666666,0.1,0.9,0.35,-0.1,0.7,1.0166666666666666,0.1,0.9,0.35,-0.1,0.7,97,0.0,SlideLeft,0.35,-0.1,0.7,9.652008200006094
ok,56,57,start-anchored,0,1.1,-0.1,0.7,0.35,-0.1,0.7,0.0,PlaceOnRightSupport,1.1,-0.1,0.7,57,1.0,1.1743987000081688,57,0.01238662321542249,0.0010231262571848677,SlideLeft -> LiftFromLeftSupport -> FreeTransferWorkspace -> PlaceOnRightSupport,113,7,True,7.909586600027978,0.92,1.1,-0.1,0.7,0.35,-0.1,0.7,1.1,-0.1,0.7,0.35,-0.1,0.7,112,0.0,SlideLeft,0.35,-0.1,0.7,9.440214900008868
ok,49,50,start-anchored,0,1.0812251589491562,-0.09566754698894102,0.8962450317898312,0.35,-0.1,0.7,0.019630705332128722,FreeTransferWorkspace,1.1,-0.1,0.9,50,0.9803921568627451,1.0703897000057623,51,0.022534386185507856,0.0017797793532655256,SlideLeft -> LiftFromLeftSupport -> FreeTransferWorkspace,100,7,True,7.468122499994934,0.92,1.1,-0.1,0.9,0.35,-0.1,0.7,1.1,-0.1,0.9,0.35,-0.1,0.7,99,0.0,SlideLeft,0.35,-0.1,0.7,8.859980000008363
ok,56,57,start-anchored,0,1.1,-0.05,0.7,0.35,-0.1,0.7,0.0,PlaceOnRightSupport,1.1,-0.05,0.7,57,1.0,1.2341224999981932,57,0.01238662321542249,0.0010531802199122782,SlideLeft -> LiftFromLeftSupport -> FreeTransferWorkspace -> PlaceOnRightSupport,113,7,True,7.39884360000724,0.92,1.1,-0.05,0.7,0.35,-0.1,0.7,1.1,-0.05,0.7,0.35,-0.1,0.7,112,0.0,SlideLeft,0.35,-0.1,0.7,9.055627699999604
ok,48,49,start-anchored,0,0.9735898998028044,-0.030553656481516485,0.8747179799605609,0.35,-0.1,0.7,0.13037198412764348,FreeTransferWorkspace,1.1,-0.05,0.9,49,0.9607843137254902,1.0734921999974176,51,0.02488079615699306,0.0018643462553387048,SlideLeft -> LiftFromLeftSupport -> FreeTransferWorkspace,100,7,True,7.43331599998055,0.92,1.1,-0.05,0.9,0.35,-0.1,0.7,1.1,-0.05,0.9,0.35,-0.1,0.7,99,0.0,SlideLeft,0.35,-0.1,0.7,8.854001500003505
ok,55,56,start-anchored,0,1.0206743885586247,-0.022320068272515765,0.7,0.35,-0.1,0.7,0.08240593472704398,PlaceOnRightSupport,1.1,0.0,0.7,56,0.9824561403508771,1.1614399999962188,57,0.01238662321542249,0.0010952184903666768,SlideLeft -> LiftFromLeftSupport -> FreeTransferWorkspace -> PlaceOnRightSupport,113,7,True,7.512661199958529,0.92,1.1,0.0,0.7,0.35,-0.1,0.7,1.1,0.0,0.7,0.35,-0.1,0.7,112,0.0,SlideLeft,0.35,-0.1,0.7,9.004003399983048
ok,48,49,start-anchored,0,0.9780140274716891,0.009382219888878104,0.8756028054943379,0.35,-0.1,0.7,0.12475506660439975,FreeTransferWorkspace,1.1,0.0,0.9,49,0.9607843137254902,1.0664843000122346,51,0.02860918690804037,0.002026753533988505,SlideLeft -> LiftFromLeftSupport -> FreeTransferWorkspace,100,7,True,7.650442800018936,0.92,1.1,0.0,0.9,0.35,-0.1,0.7,1.1,0.0,0.9,0.35,-0.1,0.7,99,0.0,SlideLeft,0.35,-0.1,0.7,9.048286399978679
ok,55,56,start-anchored,0,1.013313055079808,-0.006009804355594249,0.7,0.35,-0.1,0.7,0.10320719259600258,PlaceOnRightSupport,1.1,0.05000000000000002,0.7,56,0.9824561403508771,1.1813164999475703,57,0.013740734670861243,0.00115152712403093,SlideLeft -> LiftFromLeftSupport -> FreeTransferWorkspace -> PlaceOnRightSupport,113,7,True,7.68441270000767,0.92,1.1,0.05000000000000002,0.7,0.35,-0.1,0.7,1.1,0.05000000000000002,0.7,0.35,-0.1,0.7,112,0.0,SlideLeft,0.35,-0.1,0.7,9.186495999980252
ok,48,49,start-anchored,0,0.9795135648434481,0.04999869972339203,0.8759027129686896,0.35,-0.1,0.7,0.12287253680417805,FreeTransferWorkspace,1.1,0.05000000000000002,0.9,49,0.9607843137254902,1.1175264000194147,51,0.034138329493844974,0.0023071534329339037,SlideLeft -> LiftFromLeftSupport -> FreeTransferWorkspace,100,7,True,7.368146699969657,0.92,1.1,0.05000000000000002,0.9,0.35,-0.1,0.7,1.1,0.05000000000000002,0.9,0.35,-0.1,0.7,99,0.0,SlideLeft,0.35,-0.1,0.7,8.825941099959891
ok,55,56,start-anchored,0,1.0051138663777266,0.004083516377647235,0.7,0.35,-0.1,0.7,0.1349197916699437,PlaceOnRightSupport,1.1,0.1,0.7,56,0.9655172413793104,1.2613113000406884,58,0.01575545433622463,0.001252186187751555,SlideLeft -> LiftFromLeftSupport -> FreeTransferWorkspace -> PlaceOnRightSupport,114,7,True,7.741966000001412,0.92,1.1,0.1,0.7,0.35,-0.1,0.7,1.1,0.1,0.7,0.35,-0.1,0.7,113,0.0,SlideLeft,0.35,-0.1,0.7,9.346470100048464
ok,48,49,start-anchored,0,0.97801318930178,0.09061508270856106,0.875602637860356,0.35,-0.1,0.7,0.12475612183882383,FreeTransferWorkspace,1.1,0.1,0.9,49,0.9607843137254902,1.1260231000487693,51,0.04185757829861166,0.0027549339085936385,SlideLeft -> LiftFromLeftSupport -> FreeTransferWorkspace,100,7,True,7.507458999985829,0.92,1.1,0.1,0.9,0.35,-0.1,0.7,1.1,0.1,0.9,0.35,-0.1,0.7,99,0.0,SlideLeft,0.35,-0.1,0.7,8.981646600004751
ok,50,51,start-anchored,0,0.85,-0.1,0.7,0.35,-0.05,0.7,0.0,PlaceOnRightSupport,0.85,-0.1,0.7,51,1.0,1.0896181000280194,51,0.010414060188164419,0.000955366501752046,SlideLeft -> LiftFromLeftSupport -> FreeTransferWorkspace -> PlaceOnRightSupport,100,7,True,7.734613299951889,0.92,0.85,-0.1,0.7,0.35,-0.05,0.7,0.85,-0.1,0.7,0.35,-0.05,0.7,99,0.0,SlideLeft,0.35,-0.05,0.7,9.176450700033456
ok,48,49,start-anchored,0,0.85,-0.1,0.9,0.35,-0.05,0.7,0.0,FreeTransferWorkspace,0.85,-0.1,0.9,49,1.0,1.0112746999948286,49,0.010414060188164419,0.000971267861812391,SlideLeft -> LiftFromLeftSupport -> FreeTransferWorkspace,96,7,True,7.461792499991134,0.92,0.85,-0.1,0.9,0.35,-0.05,0.7,0.85,-0.1,0.9,0.35,-0.05,0.7,95,0.0,SlideLeft,0.35,-0.05,0.7,8.825673100014683
ok,49,50,start-anchored,0,0.856202861138528,-0.03455313257325132,0.7,0.35,-0.05,0.7,0.0,PlaceOnRightSupport,0.85,-0.05,0.7,50,1.0,1.040799899958074,50,0.010414060188164419,0.0009090191543865463,SlideLeft -> LiftFromLeftSupport -> FreeTransferWorkspace -> PlaceOnRightSupport,98,7,True,7.439822599990293,0.92,0.85,-0.05,0.7,0.35,-0.05,0.7,0.856202861138528,-0.03455313257325132,0.7,0.35,-0.05,0.7,97,0.0,SlideLeft,0.35,-0.05,0.7,8.824493399995845
ok,48,49,start-anchored,0,0.85,-0.05,0.9,0.35,-0.05,0.7,0.0,FreeTransferWorkspace,0.85,-0.05,0.9,49,1.0,1.0338852999848314,49,0.010414060188164419,0.0009999639129435179,SlideLeft -> LiftFromLeftSupport -> FreeTransferWorkspace,96,7,True,7.45342489995528,0.92,0.85,-0.05,0.9,0.35,-0.05,0.7,0.85,-0.05,0.9,0.35,-0.05,0.7,95,0.0,SlideLeft,0.35,-0.05,0.7,8.825111699989066
ok,49,50,start-anchored,0,0.85,0.0,0.7,0.35,-0.05,0.7,0.0,PlaceOnRightSupport,0.85,0.0,0.7,50,1.0,0.9925650999648497,50,0.010414060188164419,0.0008848915404436653,SlideLeft -> LiftFromLeftSupport -> FreeTransferWorkspace -> PlaceOnRightSupport,98,7,True,7.887988000002224,0.92,0.85,0.0,0.7,0.35,-0.05,0.7,0.85,0.0,0.7,0.35,-0.05,0.7,97,0.0,SlideLeft,0.35,-0.05,0.7,9.281020100053865
ok,48,49,start-anchored,0,0.85,0.0,0.9,0.35,-0.05,0.7,0.0,FreeTransferWorkspace,0.85,0.0,0.9,49,1.0,1.0431680000037886,49,0.010414060188164419,0.001047875884305118,SlideLeft -> LiftFromLeftSupport -> FreeTransferWorkspace,96,7,True,7.824753299995791,0.92,0.85,0.0,0.9,0.35,-0.05,0.7,0.85,0.0,0.9,0.35,-0.05,0.7,95,0.0,SlideLeft,0.35,-0.05,0.7,9.268002900003921
ok,48,49,start-anchored,0,0.85,0.05000000000000002,0.7,0.35,-0.05,0.7,0.0,PlaceOnRightSupport,0.85,0.05000000000000002,0.7,49,1.0,1.01991440000711,49,0.010414060188164419,0.0008390779024671687,SlideLeft -> LiftFromLeftSupport -> FreeTransferWorkspace -> PlaceOnRightSupport,97,7,True,7.089915499964263,0.92,0.85,0.05000000000000002,0.7,0.35,-0.05,0.7,0.85,0.05000000000000002,0.7,0.35,-0.05,0.7,96,0.0,SlideLeft,0.35,-0.05,0.7,8.40306879999116
ok,48,49,start-anchored,0,0.85,0.05000000000000002,0.9,0.35,-0.05,0.7,0.0,FreeTransferWorkspace,0.85,0.05000000000000002,0.9,49,1.0,1.0133044000249356,49,0.011788366712948563,0.0011171483495916025,SlideLeft -> LiftFromLeftSupport -> FreeTransferWorkspace,96,7,True,7.581808599992655,0.92,0.85,0.05000000000000002,0.9,0.35,-0.05,0.7,0.85,0.05000000000000002,0.9,0.35,-0.05,0.7,95,0.0,SlideLeft,0.35,-0.05,0.7,8.961023100011516
ok,48,49,start-anchored,0,0.85,0.1,0.7,0.35,-0.05,0.7,0.0,PlaceOnRightSupport,0.85,0.1,0.7,49,1.0,1.0415583999711089,49,0.010414060188164419,0.0008908505816755013,SlideLeft -> LiftFromLeftSupport -> FreeTransferWorkspace -> PlaceOnRightSupport,97,7,True,7.605153999989852,0.92,0.85,0.1,0.7,0.35,-0.05,0.7,0.85,0.1,0.7,0.35,-0.05,0.7,96,0.0,SlideLeft,0.35,-0.05,0.7,9.02105290000327
ok,48,49,start-anchored,0,0.85,0.1,0.9,0.35,-0.05,0.7,0.0,FreeTransferWorkspace,0.85,0.1,0.9,49,1.0,1.0376952999504283,49,0.013436945156552386,0.0012112527649800538,SlideLeft -> LiftFromLeftSupport -> FreeTransferWorkspace,96,7,True,7.774552200047765,0.92,0.85,0.1,0.9,0.35,-0.05,0.7,0.85,0.1,0.9,0.35,-0.05,0.7,95,0.0,SlideLeft,0.35,-0.05,0.7,9.176262699998915
ok,56,57,start-anchored,0,0.9333333333333333,-0.1,0.7,0.35,-0.05,0.7,0.0,PlaceOnRightSupport,0.9333333333333333,-0.1,0.7,57,1.0,1.1888535999460146,57,0.010414060188164419,0.0008884349762460625,SlideLeft -> LiftFromLeftSupport -> FreeTransferWorkspace -> PlaceOnRightSupport,112,7,True,7.610902099986561,0.92,0.9333333333333333,-0.1,0.7,0.35,-0.05,0.7,0.9333333333333333,-0.1,0.7,0.35,-0.05,0.7,111,0.0,SlideLeft,0.35,-0.05,0.7,9.144869700015988
ok,48,49,start-anchored,0,0.9333333333333333,-0.1,0.9,0.35,-0.05,0.7,0.0,FreeTransferWorkspace,0.9333333333333333,-0.1,0.9,49,1.0,1.043484699970577,49,0.011979481449158374,0.0011457463106382773,SlideLeft -> LiftFromLeftSupport -> FreeTransferWorkspace,97,7,True,7.548744499974418,0.92,0.9333333333333333,-0.1,0.9,0.35,-0.05,0.7,0.9333333333333333,-0.1,0.9,0.35,-0.05,0.7,96,0.0,SlideLeft,0.35,-0.05,0.7,8.94522680004593
ok,50,51,start-anchored,0,0.9333333333333333,-0.05,0.7,0.35,-0.05,0.7,0.0,PlaceOnRightSupport,0.9333333333333333,-0.05,0.7,51,1.0,1.0330330000142567,51,0.010414060188164419,0.0009076934262546309,SlideLeft -> LiftFromLeftSupport -> FreeTransferWorkspace -> PlaceOnRightSupport,100,7,True,7.518630200007465,0.92,0.9333333333333333,-0.05,0.7,0.35,-0.05,0.7,0.9333333333333333,-0.05,0.7,0.35,-0.05,0.7,99,0.0,SlideLeft,0.35,-0.05,0.7,8.892244199989364
ok,48,49,start-anchored,0,0.9333333333333333,-0.05,0.9,0.35,-0.05,0.7,0.0,FreeTransferWorkspace,0.9333333333333333,-0.05,0.9,49,1.0,1.0462899000267498,49,0.011137502953952464,0.0011660851941798392,SlideLeft -> LiftFromLeftSupport -> FreeTransferWorkspace,97,7,True,7.729654299968388,0.92,0.9333333333333333,-0.05,0.9,0.35,-0.05,0.7,0.9333333333333333,-0.05,0.9,0.35,-0.05,0.7,96,0.0,SlideLeft,0.35,-0.05,0.7,9.139782599988393
ok,49,50,start-anchored,0,0.9333333333333333,0.0,0.7,0.35,-0.05,0.7,0.0,PlaceOnRightSupport,0.9333333333333333,0.0,0.7,50,1.0,1.0374760000267997,50,0.010414060188164419,0.0008919116910695886,SlideLeft -> LiftFromLeftSupport -> FreeTransferWorkspace -> PlaceOnRightSupport,99,7,True,7.529673100041691,0.92,0.9333333333333333,0.0,0.7,0.35,-0.05,0.7,0.9333333333333333,0.0,0.7,0.35,-0.05,0.7,98,0.0,SlideLeft,0.35,-0.05,0.7,8.91460099996766
ok,48,49,start-anchored,0,0.9333333333333333,0.0,0.9,0.35,-0.05,0.7,0.0,FreeTransferWorkspace,0.9333333333333333,0.0,0.9,49,1.0,1.0424324999912642,49,0.011115370897577335,0.0012103471673438927,SlideLeft -> LiftFromLeftSupport -> FreeTransferWorkspace,97,7,True,7.392757399997208,0.92,0.9333333333333333,0.0,0.9,0.35,-0.05,0.7,0.9333333333333333,0.0,0.9,0.35,-0.05,0.7,96,0.0,SlideLeft,0.35,-0.05,0.7,8.802348299999721
ok,49,50,start-anchored,0,0.9333333333333333,0.05000000000000002,0.7,0.35,-0.05,0.7,0.0,PlaceOnRightSupport,0.9333333333333333,0.05000000000000002,0.7,50,1.0,1.074860799999442,50,0.010414060188164419,0.0009409589218957351,SlideLeft -> LiftFromLeftSupport -> FreeTransferWorkspace -> PlaceOnRightSupport,99,7,True,7.574146100028884,0.92,0.9333333333333333,0.05000000000000002,0.7,0.35,-0.05,0.7,0.9333333333333333,0.05000000000000002,0.7,0.35,-0.05,0.7,98,0.0,SlideLeft,0.35,-0.05,0.7,8.992412099963985
ok,48,49,start-anchored,0,0.9333333333333333,0.05000000000000002,0.9,0.35,-0.05,0.7,0.0,FreeTransferWorkspace,0.9333333333333333,0.05000000000000002,0.9,49,1.0,1.0127426000544801,49,0.012089191942637679,0.0012816205765656887,SlideLeft -> LiftFromLeftSupport -> FreeTransferWorkspace,97,7,True,7.5316515999729745,0.92,0.9333333333333333,0.05000000000000002,0.9,0.35,-0.05,0.7,0.9333333333333333,0.05000000000000002,0.9,0.35,-0.05,0.7,96,0.0,SlideLeft,0.35,-0.05,0.7,8.910044000018388
ok,49,50,start-anchored,0,0.9333333333333333,0.1,0.7,0.35,-0.05,0.7,0.0,PlaceOnRightSupport,0.9333333333333333,0.1,0.7,50,1.0,1.0653934000292793,50,0.010414060188164419,0.001003028000563461,SlideLeft -> LiftFromLeftSupport -> FreeTransferWorkspace -> PlaceOnRightSupport,99,7,True,7.603213399997912,0.92,0.9333333333333333,0.1,0.7,0.35,-0.05,0.7,0.9333333333333333,0.1,0.7,0.35,-0.05,0.7,98,0.0,SlideLeft,0.35,-0.05,0.7,9.027529100014362
ok,48,49,start-anchored,0,0.9333333333333333,0.1,0.9,0.35,-0.05,0.7,0.0,FreeTransferWorkspace,0.9333333333333333,0.1,0.9,49,1.0,0.9860395999858156,49,0.014433732369769008,0.0013863315294098814,SlideLeft -> LiftFromLeftSupport -> FreeTransferWorkspace,97,7,True,7.495742200000677,0.92,0.9333333333333333,0.1,0.9,0.35,-0.05,0.7,0.9333333333333333,0.1,0.9,0.35,-0.05,0.7,96,0.0,SlideLeft,0.35,-0.05,0.7,8.820233899983577
ok,56,57,start-anchored,0,1.0166666666666666,-0.1,0.7,0.35,-0.05,0.7,0.0,PlaceOnRightSupport,1.0166666666666666,-0.1,0.7,57,1.0,1.181023399985861,57,0.010414060188164419,0.0008580418594902804,SlideLeft -> LiftFromLeftSupport -> FreeTransferWorkspace -> PlaceOnRightSupport,112,7,True,7.494426100049168,0.92,1.0166666666666666,-0.1,0.7,0.35,-0.05,0.7,1.0166666666666666,-0.1,0.7,0.35,-0.05,0.7,111,0.0,SlideLeft,0.35,-0.05,0.7,9.038068599998951
ok,49,50,start-anchored,0,1.0166666666666666,-0.1,0.9,0.35,-0.05,0.7,0.0,FreeTransferWorkspace,1.0166666666666666,-0.1,0.9,50,1.0,1.1083705999772064,50,0.013753251256293737,0.0013884244004666187,SlideLeft -> LiftFromLeftSupport -> FreeTransferWorkspace,99,7,True,7.363908900006209,0.92,1.0166666666666666,-0.1,0.9,0.35,-0.05,0.7,1.0166666666666666,-0.1,0.9,0.35,-0.05,0.7,98,0.0,SlideLeft,0.35,-0.05,0.7,8.82534520002082
ok,55,56,start-anchored,0,1.0166666666666666,-0.05,0.7,0.35,-0.05,0.7,0.0,PlaceOnRightSupport,1.0166666666666666,-0.05,0.7,56,1.0,1.247605399985332,56,0.010414060188164419,0.0008954244740856995,SlideLeft -> LiftFromLeftSupport -> FreeTransferWorkspace -> PlaceOnRightSupport,111,7,True,8.456587599997874,0.92,1.0166666666666666,-0.05,0.7,0.35,-0.05,0.7,1.0166666666666666,-0.05,0.7,0.35,-0.05,0.7,110,0.0,SlideLeft,0.35,-0.05,0.7,10.088721200008877
ok,49,50,start-anchored,0,1.0166666666666666,-0.05,0.9,0.35,-0.05,0.7,0.0,FreeTransferWorkspace,1.0166666666666666,-0.05,0.9,50,1.0,1.0472492999979295,50,0.014587726192831949,0.0014156640618651361,SlideLeft -> LiftFromLeftSupport -> FreeTransferWorkspace,98,7,True,8.439270399976522,0.92,1.0166666666666666,-0.05,0.9,0.35,-0.05,0.7,1.0166666666666666,-0.05,0.9,0.35,-0.05,0.7,97,0.0,SlideLeft,0.35,-0.05,0.7,9.838608299964108
ok,56,57,start-anchored,0,1.0166666666666666,0.0,0.7,0.35,-0.05,0.7,0.0,PlaceOnRightSupport,1.0166666666666666,0.0,0.7,57,1.0,1.2009415000211447,57,0.010414060188164419,0.0009278727035978286,SlideLeft -> LiftFromLeftSupport -> FreeTransferWorkspace -> PlaceOnRightSupport,112,7,True,7.560412299993914,0.92,1.0166666666666666,0.0,0.7,0.35,-0.05,0.7,1.0166666666666666,0.0,0.7,0.35,-0.05,0.7,111,0.0,SlideLeft,0.35,-0.05,0.7,9.116999499965459
ok,49,50,start-anchored,0,1.0166666666666666,0.0,0.9,0.35,-0.05,0.7,0.0,FreeTransferWorkspace,1.0166666666666666,0.0,0.9,50,1.0,1.0818120000185445,50,0.015783159731565164,0.001478303225241846,SlideLeft -> LiftFromLeftSupport -> FreeTransferWorkspace,98,7,True,7.570443999953568,0.92,1.0166666666666666,0.0,0.9,0.35,-0.05,0.7,1.0166666666666666,0.0,0.9,0.35,-0.05,0.7,97,0.0,SlideLeft,0.35,-0.05,0.7,9.014940199966077
ok,51,52,start-anchored,0,1.0166666666666666,0.05000000000000002,0.7,0.35,-0.05,0.7,0.0,PlaceOnRightSupport,1.0166666666666666,0.05000000000000002,0.7,52,1.0,1.0719215999706648,52,0.010414060188164419,0.0010653080975421554,SlideLeft -> LiftFromLeftSupport -> FreeTransferWorkspace -> PlaceOnRightSupport,102,7,True,7.345024399983231,0.92,1.0166666666666666,0.05000000000000002,0.7,0.35,-0.05,0.7,1.0166666666666666,0.05000000000000002,0.7,0.35,-0.05,0.7,101,0.0,SlideLeft,0.35,-0.05,0.7,8.76439179998124
ok,49,50,start-anchored,0,1.0166666666666666,0.05000000000000002,0.9,0.35,-0.05,0.7,0.0,FreeTransferWorkspace,1.0166666666666666,0.05000000000000002,0.9,50,1.0,1.0572840999811888,50,0.017473858619962902,0.0015853605235738183,SlideLeft -> LiftFromLeftSupport -> FreeTransferWorkspace,98,7,True,7.486648399964906,0.92,1.0166666666666666,0.05000000000000002,0.9,0.35,-0.05,0.7,1.0166666666666666,0.05000000000000002,0.9,0.35,-0.05,0.7,97,0.0,SlideLeft,0.35,-0.05,0.7,8.882648500031792
ok,51,52,start-anchored,0,1.0166666666666666,0.1,0.7,0.35,-0.05,0.7,0.0,PlaceOnRightSupport,1.0166666666666666,0.1,0.7,52,1.0,1.1222909000352956,52,0.010852311050621712,0.0011459402489059805,SlideLeft -> LiftFromLeftSupport -> FreeTransferWorkspace -> PlaceOnRightSupport,102,7,True,7.816175399988424,0.92,1.0166666666666666,0.1,0.7,0.35,-0.05,0.7,1.0166666666666666,0.1,0.7,0.35,-0.05,0.7,101,0.0,SlideLeft,0.35,-0.05,0.7,9.291169399977662
ok,48,49,start-anchored,0,0.9743911277772928,0.09626928206596361,0.8903014940194967,0.35,-0.05,0.7,0.043533900157740994,FreeTransferWorkspace,1.0166666666666666,0.1,0.9,49,0.98,1.0009929000516422,50,0.019788796125685328,0.0017554832838448152,SlideLeft -> LiftFromLeftSupport -> FreeTransferWorkspace,98,7,True,7.652949700015597,0.92,1.0166666666666666,0.1,0.9,0.35,-0.05,0.7,1.0166666666666666,0.1,0.9,0.35,-0.05,0.7,97,0.0,SlideLeft,0.35,-0.05,0.7,8.986814500007313
ok,56,57,start-anchored,0,1.1,-0.1,0.7,0.35,-0.05,0.7,0.0,PlaceOnRightSupport,1.1,-0.1,0.7,57,1.0,1.26307220000308,57,0.010414060188164419,0.0010175532714028627,SlideLeft -> LiftFromLeftSupport -> FreeTransferWorkspace -> PlaceOnRightSupport,113,7,True,8.024110800004564,0.92,1.1,-0.1,0.7,0.35,-0.05,0.7,1.1,-0.1,0.7,0.35,-0.05,0.7,112,0.0,SlideLeft,0.35,-0.05,0.7,9.699476400041021
ok,49,50,start-anchored,0,1.0812251589491562,-0.09566754698894102,0.8962450317898312,0.35,-0.05,0.7,0.019630705332128722,FreeTransferWorkspace,1.1,-0.1,0.9,50,0.9803921568627451,1.0749227000051178,51,0.02243858438508883,0.001770830338218304,SlideLeft -> LiftFromLeftSupport -> FreeTransferWorkspace,100,7,True,7.497276499983855,0.92,1.1,-0.1,0.9,0.35,-0.05,0.7,1.1,-0.1,0.9,0.35,-0.05,0.7,99,0.0,SlideLeft,0.35,-0.05,0.7,8.94928020000225
ok,56,57,start-anchored,0,1.1,-0.05,0.7,0.35,-0.05,0.7,0.0,PlaceOnRightSupport,1.1,-0.05,0.7,57,1.0,1.189563799998723,57,0.010414060188164419,0.0010476604551648916,SlideLeft -> LiftFromLeftSupport -> FreeTransferWorkspace -> PlaceOnRightSupport,113,7,True,7.716146800026763,0.92,1.1,-0.05,0.7,0.35,-0.05,0.7,1.1,-0.05,0.7,0.35,-0.05,0.7,112,0.0,SlideLeft,0.35,-0.05,0.7,9.272623299970292
ok,48,49,start-anchored,0,0.9735898998028044,-0.030553656481516485,0.8747179799605609,0.35,-0.05,0.7,0.13037198412764348,FreeTransferWorkspace,1.1,-0.05,0.9,49,0.9607843137254902,1.0811574999825098,51,0.024799446153583676,0.001855724074258167,SlideLeft -> LiftFromLeftSupport -> FreeTransferWorkspace,100,7,True,7.533610200043768,0.92,1.1,-0.05,0.9,0.35,-0.05,0.7,1.1,-0.05,0.9,0.35,-0.05,0.7,99,0.0,SlideLeft,0.35,-0.05,0.7,8.986292399989907
ok,55,56,start-anchored,0,1.0206743885586247,-0.022320068272515765,0.7,0.35,-0.05,0.7,0.08240593472704398,PlaceOnRightSupport,1.1,0.0,0.7,56,0.9824561403508771,1.1663155000424013,57,0.01050427015634888,0.0010896867218148458,SlideLeft -> LiftFromLeftSupport -> FreeTransferWorkspace -> PlaceOnRightSupport,113,7,True,7.503812199982349,0.92,1.1,0.0,0.7,0.35,-0.05,0.7,1.1,0.0,0.7,0.35,-0.05,0.7,112,0.0,SlideLeft,0.35,-0.05,0.7,9.056372000020929
ok,48,49,start-anchored,0,0.9780140274716891,0.009382219888878104,0.8756028054943379,0.35,-0.05,0.7,0.12475506660439975,FreeTransferWorkspace,1.1,0.0,0.9,49,0.9607843137254902,1.0657847000402398,51,0.02853880264263371,0.0020183544815856095,SlideLeft -> LiftFromLeftSupport -> FreeTransferWorkspace,100,7,True,7.515811600023881,0.92,1.1,0.0,0.9,0.35,-0.05,0.7,1.1,0.0,0.9,0.35,-0.05,0.7,99,0.0,SlideLeft,0.35,-0.05,0.7,8.941775100014638
ok,55,56,start-anchored,0,1.013313055079808,-0.006009804355594249,0.7,0.35,-0.05,0.7,0.10320719259600258,PlaceOnRightSupport,1.1,0.05000000000000002,0.7,56,0.9824561403508771,1.387023500050418,57,0.013703542756868383,0.0011460220783685252,SlideLeft -> LiftFromLeftSupport -> FreeTransferWorkspace -> PlaceOnRightSupport,113,7,True,7.473162699956447,0.92,1.1,0.05000000000000002,0.7,0.35,-0.05,0.7,1.1,0.05000000000000002,0.7,0.35,-0.05,0.7,112,0.0,SlideLeft,0.35,-0.05,0.7,9.212020899984054
ok,48,49,start-anchored,0,0.9795135648434481,0.04999869972339203,0.8759027129686896,0.35,-0.05,0.7,0.12287253680417805,FreeTransferWorkspace,1.1,0.05000000000000002,0.9,49,0.9607843137254902,1.098144699994009,51,0.03407795896167736,0.0022989835843474685,SlideLeft -> LiftFromLeftSupport -> FreeTransferWorkspace,100,7,True,7.515774900035467,0.92,1.1,0.05000000000000002,0.9,0.35,-0.05,0.7,1.1,0.05000000000000002,0.9,0.35,-0.05,0.7,99,0.0,SlideLeft,0.35,-0.05,0.7,8.985464499972295
ok,55,56,start-anchored,0,1.0051138663777266,0.004083516377647235,0.7,0.35,-0.05,0.7,0.1349197916699437,PlaceOnRightSupport,1.1,0.1,0.7,56,0.9655172413793104,1.2248258999898098,58,0.015719403583355454,0.0012465974708232965,SlideLeft -> LiftFromLeftSupport -> FreeTransferWorkspace -> PlaceOnRightSupport,114,7,True,7.5648990999907255,0.92,1.1,0.1,0.7,0.35,-0.05,0.7,1.1,0.1,0.7,0.35,-0.05,0.7,113,0.0,SlideLeft,0.35,-0.05,0.7,9.13738369999919
ok,48,49,start-anchored,0,0.97801318930178,0.09061508270856106,0.875602637860356,0.35,-0.05,0.7,0.12475612183882383,FreeTransferWorkspace,1.1,0.1,0.9,49,0.9607843137254902,1.119444800016936,51,0.041809264933068205,0.0027471555558838713,SlideLeft -> LiftFromLeftSupport -> FreeTransferWorkspace,100,7,True,7.48189990001265,0.92,1.1,0.1,0.9,0.35,-0.05,0.7,1.1,0.1,0.9,0.35,-0.05,0.7,99,0.0,SlideLeft,0.35,-0.05,0.7,8.964223199989647
ok,52,53,start-anchored,0,0.85,-0.1,0.7,0.35,0.0,0.7,0.0,PlaceOnRightSupport,0.85,-0.1,0.7,53,1.0,1.2190556999994442,53,0.008292916309744972,0.0009079165301628131,SlideLeft -> LiftFromLeftSupport -> FreeTransferWorkspace -> PlaceOnRightSupport,105,7,True,7.592431999975815,0.92,0.85,-0.1,0.7,0.35,0.0,0.7,0.85,-0.1,0.7,0.35,0.0,0.7,104,0.0,SlideLeft,0.35,0.0,0.7,9.243634499958716
ok,53,54,start-anchored,0,0.85,-0.1,0.9,0.35,0.0,0.7,0.0,FreeTransferWorkspace,0.85,-0.1,0.9,54,1.0,1.1680874999728985,54,0.008292793168041022,0.0009250222986810447,SlideLeft -> LiftFromLeftSupport -> FreeTransferWorkspace,107,7,True,7.660248500003945,0.92,0.85,-0.1,0.9,0.35,0.0,0.7,0.85,-0.1,0.9,0.35,0.0,0.7,106,0.0,SlideLeft,0.35,0.0,0.7,9.187647500017192
ok,52,53,start-anchored,0,0.85,-0.05,0.7,0.35,0.0,0.7,0.0,PlaceOnRightSupport,0.85,-0.05,0.7,53,1.0,1.20092959998874,53,0.008292916309744972,0.0008733106763779878,SlideLeft -> LiftFromLeftSupport -> FreeTransferWorkspace -> PlaceOnRightSupport,104,7,True,7.603071600024123,0.92,0.85,-0.05,0.7,0.35,0.0,0.7,0.85,-0.05,0.7,0.35,0.0,0.7,103,0.0,SlideLeft,0.35,0.0,0.7,9.239723399979994
ok,53,54,start-anchored,0,0.85,-0.05,0.9,0.35,0.0,0.7,0.0,FreeTransferWorkspace,0.85,-0.05,0.9,54,1.0,1.1420746999792755,54,0.011011694832650328,0.0009895150201715062,SlideLeft -> LiftFromLeftSupport -> FreeTransferWorkspace,106,7,True,7.547421099967323,0.92,0.85,-0.05,0.9,0.35,0.0,0.7,0.85,-0.05,0.9,0.35,0.0,0.7,105,0.0,SlideLeft,0.35,0.0,0.7,9.074804599978961
ok,51,52,start-anchored,0,0.85,0.0,0.7,0.35,0.0,0.7,0.0,PlaceOnRightSupport,0.85,0.0,0.7,52,1.0,1.0717569999978878,52,0.008292916309744972,0.0008575901096411196,SlideLeft -> LiftFromLeftSupport -> FreeTransferWorkspace -> PlaceOnRightSupport,103,7,True,7.421257800015155,0.92,0.85,0.0,0.7,0.35,0.0,0.7,0.85,0.0,0.7,0.35,0.0,0.7,102,0.0,SlideLeft,0.35,0.0,0.7,8.868361599976197
ok,52,53,start-anchored,0,0.85,0.0,0.9,0.35,0.0,0.7,0.0,FreeTransferWorkspace,0.85,0.0,0.9,53,1.0,1.1890172999701463,53,0.011254300513255525,0.0010411653055504171,SlideLeft -> LiftFromLeftSupport -> FreeTransferWorkspace,105,7,True,7.775203299999703,0.92,0.85,0.0,0.9,0.35,0.0,0.7,0.85,0.0,0.9,0.35,0.0,0.7,104,0.0,SlideLeft,0.35,0.0,0.7,9.37605669995537
ok,51,52,start-anchored,0,0.85,0.05000000000000002,0.7,0.35,0.0,0.7,0.0,PlaceOnRightSupport,0.85,0.05000000000000002,0.7,52,1.0,1.1036913999705575,52,0.008292916309744972,0.0008610766166259726,SlideLeft -> LiftFromLeftSupport -> FreeTransferWorkspace -> PlaceOnRightSupport,103,7,True,7.471875299990643,0.92,0.85,0.05000000000000002,0.7,0.35,0.0,0.7,0.85,0.05000000000000002,0.7,0.35,0.0,0.7,102,0.0,SlideLeft,0.35,0.0,0.7,8.925227299972903
ok,52,53,start-anchored,0,0.85,0.05000000000000002,0.9,0.35,0.0,0.7,0.0,FreeTransferWorkspace,0.85,0.05000000000000002,0.9,53,1.0,1.2810472999699414,53,0.0121701082690505,0.0011255943946780506,SlideLeft -> LiftFromLeftSupport -> FreeTransferWorkspace,104,7,True,7.417478299990762,0.92,0.85,0.05000000000000002,0.9,0.35,0.0,0.7,0.85,0.05000000000000002,0.9,0.35,0.0,0.7,103,0.0,SlideLeft,0.35,0.0,0.7,9.040359100035857
ok,51,52,start-anchored,0,0.85,0.1,0.7,0.35,0.0,0.7,0.0,PlaceOnRightSupport,0.85,0.1,0.7,52,1.0,1.0579448000062257,52,0.008292916309744972,0.0009096963566942082,SlideLeft -> LiftFromLeftSupport -> FreeTransferWorkspace -> PlaceOnRightSupport,103,7,True,7.839837099949364,0.92,0.85,0.1,0.7,0.35,0.0,0.7,0.85,0.1,0.7,0.35,0.0,0.7,102,0.0,SlideLeft,0.35,0.0,0.7,9.19830239994917
ok,52,53,start-anchored,0,0.85,0.1,0.9,0.35,0.0,0.7,0.0,FreeTransferWorkspace,0.85,0.1,0.9,53,1.0,1.1336296999943443,53,0.014782951736020535,0.001208770886399857,SlideLeft -> LiftFromLeftSupport -> FreeTransferWorkspace,105,7,True,7.532780599955004,0.92,0.85,0.1,0.9,0.35,0.0,0.7,0.85,0.1,0.9,0.35,0.0,0.7,104,0.0,SlideLeft,0.35,0.0,0.7,8.972211600048468
ok,52,53,start-anchored,0,0.9333333333333333,-0.1,0.7,0.35,0.0,0.7,0.0,PlaceOnRightSupport,0.9333333333333333,-0.1,0.7,53,1.0,1.4766206999775022,53,0.008292916309744972,0.0009003899391780316,SlideLeft -> LiftFromLeftSupport -> FreeTransferWorkspace -> PlaceOnRightSupport,105,7,True,7.8680804000468925,0.92,0.9333333333333333,-0.1,0.7,0.35,0.0,0.7,0.9333333333333333,-0.1,0.7,0.35,0.0,0.7,104,0.0,SlideLeft,0.35,0.0,0.7,9.784922099963296
ok,57,58,start-anchored,0,0.9333053586712444,-0.10029248727854065,0.889948760777246,0.35,0.0,0.7,0.0,FreeTransferWorkspace,0.9333333333333333,-0.1,0.9,58,1.0,1.2447006999864243,58,0.008292916309744972,0.000984994753194398,SlideLeft -> LiftFromLeftSupport -> FreeTransferWorkspace,114,7,True,7.654577300010715,0.92,0.9333333333333333,-0.1,0.9,0.35,0.0,0.7,0.9333053586712444,-0.10029248727854065,0.889948760777246,0.35,0.0,0.7,113,0.0,SlideLeft,0.35,0.0,0.7,9.265522599976975
ok,52,53,start-anchored,0,0.9333333333333333,-0.05,0.7,0.35,0.0,0.7,0.0,PlaceOnRightSupport,0.9333333333333333,-0.05,0.7,53,1.0,1.1414236000273377,53,0.008292916309744972,0.0008922292860825029,SlideLeft -> LiftFromLeftSupport -> FreeTransferWorkspace -> PlaceOnRightSupport,105,7,True,7.681125800008886,0.92,0.9333333333333333,-0.05,0.7,0.35,0.0,0.7,0.9333333333333333,-0.05,0.7,0.35,0.0,0.7,104,0.0,SlideLeft,0.35,0.0,0.7,9.223312899994198
ok,56,57,start-anchored,0,0.9333333333333333,-0.05,0.9,0.35,0.0,0.7,0.0,FreeTransferWorkspace,0.9333333333333333,-0.05,0.9,57,1.0,1.2707694999990053,57,0.010638076601814388,0.0010667985341946096,SlideLeft -> LiftFromLeftSupport -> FreeTransferWorkspace,113,7,True,7.5590260999742895,0.92,0.9333333333333333,-0.05,0.9,0.35,0.0,0.7,0.9333333333333333,-0.05,0.9,0.35,0.0,0.7,112,0.0,SlideLeft,0.35,0.0,0.7,9.187231599993538
ok,52,53,start-anchored,0,0.9333333333333333,0.0,0.7,0.35,0.0,0.7,0.0,PlaceOnRightSupport,0.9333333333333333,0.0,0.7,53,1.0,1.210993300017435,53,0.008292916309744972,0.0009086988101866664,SlideLeft -> LiftFromLeftSupport -> FreeTransferWorkspace -> PlaceOnRightSupport,104,7,True,7.838860600022599,0.92,0.9333333333333333,0.0,0.7,0.35,0.0,0.7,0.9333333333333333,0.0,0.7,0.35,0.0,0.7,103,0.0,SlideLeft,0.35,0.0,0.7,9.451317700033542
ok,55,56,start-anchored,0,0.9333333333333333,0.0,0.9,0.35,0.0,0.7,0.0,FreeTransferWorkspace,0.9333333333333333,0.0,0.9,56,1.0,1.2366749999928288,56,0.014814403093830862,0.0011413887123351756,SlideLeft -> LiftFromLeftSupport -> FreeTransferWorkspace,111,7,True,7.9064652000088245,0.92,0.9333333333333333,0.0,0.9,0.35,0.0,0.7,0.9333333333333333,0.0,0.9,0.35,0.0,0.7,110,0.0,SlideLeft,0.35,0.0,0.7,9.497023899981286
ok,52,53,start-anchored,0,0.9333333333333333,0.05000000000000002,0.7,0.35,0.0,0.7,0.0,PlaceOnRightSupport,0.9333333333333333,0.05000000000000002,0.7,53,1.0,1.115992599981837,53,0.008292916309744972,0.0009504357543343556,SlideLeft -> LiftFromLeftSupport -> FreeTransferWorkspace -> PlaceOnRightSupport,104,7,True,7.648757199989632,0.92,0.9333333333333333,0.05000000000000002,0.7,0.35,0.0,0.7,0.9333333333333333,0.05000000000000002,0.7,0.35,0.0,0.7,103,0.0,SlideLeft,0.35,0.0,0.7,9.119745499978308
ok,55,56,start-anchored,0,0.9333333333333333,0.05000000000000002,0.9,0.35,0.0,0.7,0.0,FreeTransferWorkspace,0.9333333333333333,0.05000000000000002,0.9,56,1.0,1.1925791999674402,56,0.013784682695013243,0.0012314337308930085,SlideLeft -> LiftFromLeftSupport -> FreeTransferWorkspace,111,7,True,7.552814700000454,0.92,0.9333333333333333,0.05000000000000002,0.9,0.35,0.0,0.7,0.9333333333333333,0.05000000000000002,0.9,0.35,0.0,0.7,110,0.0,SlideLeft,0.35,0.0,0.7,9.113472600001842
ok,52,53,start-anchored,0,0.9333333333333333,0.1,0.7,0.35,0.0,0.7,0.0,PlaceOnRightSupport,0.9333333333333333,0.1,0.7,53,1.0,1.1299378999974579,53,0.008292916309744972,0.0010098223840775851,SlideLeft -> LiftFromLeftSupport -> FreeTransferWorkspace -> PlaceOnRightSupport,104,7,True,7.682479899958707,0.92,0.9333333333333333,0.1,0.7,0.35,0.0,0.7,0.9333333333333333,0.1,0.7,0.35,0.0,0.7,103,0.0,SlideLeft,0.35,0.0,0.7,9.16184960003011
ok,55,56,start-anchored,0,0.9333333333333333,0.1,0.9,0.35,0.0,0.7,0.0,FreeTransferWorkspace,0.9333333333333333,0.1,0.9,56,1.0,1.252441499964334,56,0.01534756896369424,0.0013490201095285534,SlideLeft -> LiftFromLeftSupport -> FreeTransferWorkspace,110,7,True,7.840097400010563,0.92,0.9333333333333333,0.1,0.9,0.35,0.0,0.7,0.9333333333333333,0.1,0.9,0.35,0.0,0.7,109,0.0,SlideLeft,0.35,0.0,0.7,9.476450900023337
ok,53,54,start-anchored,0,1.0166666666666666,-0.1,0.7,0.35,0.0,0.7,0.0,PlaceOnRightSupport,1.0166666666666666,-0.1,0.7,54,1.0,1.1232047000085004,54,0.008292916309744972,0.000982885987256746,SlideLeft -> LiftFromLeftSupport -> FreeTransferWorkspace -> PlaceOnRightSupport,106,7,True,7.749890100036282,0.92,1.0166666666666666,-0.1,0.7,0.35,0.0,0.7,1.0166666666666666,-0.1,0.7,0.35,0.0,0.7,105,0.0,SlideLeft,0.35,0.0,0.7,9.21109629998682
ok,85,86,start-anchored,0,1.0144322490076843,-0.10244095090784551,0.8865332102421004,0.35,0.0,0.7,0.0,FreeTransferWorkspace,1.0166666666666666,-0.1,0.9,86,1.0,2.275543799973093,86,0.014892625145319808,0.000779707564799198,SlideLeft -> LiftFromLeftSupport -> FreeTransferWorkspace,171,7,True,9.071473000047263,0.92,1.0166666666666666,-0.1,0.9,0.35,0.0,0.7,1.0144322490076843,-0.10244095090784551,0.8865332102421004,0.35,0.0,0.7,170,0.0,SlideLeft,0.35,0.0,0.7,11.80580309999641
ok,53,54,start-anchored,0,1.0166666666666666,-0.05,0.7,0.35,0.0,0.7,0.0,PlaceOnRightSupport,1.0166666666666666,-0.05,0.7,54,1.0,1.0820252999546938,54,0.008292916309744972,0.000998535495237717,SlideLeft -> LiftFromLeftSupport -> FreeTransferWorkspace -> PlaceOnRightSupport,106,7,True,8.053302499989513,0.92,1.0166666666666666,-0.05,0.7,0.35,0.0,0.7,1.0166666666666666,-0.05,0.7,0.35,0.0,0.7,105,0.0,SlideLeft,0.35,0.0,0.7,9.492799500003457
ok,74,75,start-anchored,0,1.0166666666666666,-0.05,0.9,0.35,0.0,0.7,0.0,FreeTransferWorkspace,1.0166666666666666,-0.05,0.9,75,1.0,1.567057600012049,75,0.014906293608524229,0.0009709411141263489,SlideLeft -> LiftFromLeftSupport -> FreeTransferWorkspace,149,7,True,7.78966519999085,0.92,1.0166666666666666,-0.05,0.9,0.35,0.0,0.7,1.0166666666666666,-0.05,0.9,0.35,0.0,0.7,148,0.0,SlideLeft,0.35,0.0,0.7,9.723832199990284
ok,52,53,start-anchored,0,1.0166666666666666,0.0,0.7,0.35,0.0,0.7,0.0,PlaceOnRightSupport,1.0166666666666666,0.0,0.7,53,1.0,1.1440389000345021,53,0.008292916309744972,0.0010382923425104797,SlideLeft -> LiftFromLeftSupport -> FreeTransferWorkspace -> PlaceOnRightSupport,105,7,True,7.583887099986896,0.92,1.0166666666666666,0.0,0.7,0.35,0.0,0.7,1.0166666666666666,0.0,0.7,0.35,0.0,0.7,104,0.0,SlideLeft,0.35,0.0,0.7,9.241253099986352
ok,64,65,start-anchored,0,1.0166666666666666,0.0,0.9,0.35,0.0,0.7,0.0,FreeTransferWorkspace,1.0166666666666666,0.0,0.9,65,1.0,1.5248766000149772,65,0.013881078519670827,0.0012013468823578143,SlideLeft -> LiftFromLeftSupport -> FreeTransferWorkspace,128,7,True,7.028048100008164,0.92,1.0166666666666666,0.0,0.9,0.35,0.0,0.7,1.0166666666666666,0.0,0.9,0.35,0.0,0.7,127,0.0,SlideLeft,0.35,0.0,0.7,8.828759700001683
ok,52,53,start-anchored,0,1.0166666666666666,0.05000000000000002,0.7,0.35,0.0,0.7,0.0,PlaceOnRightSupport,1.0166666666666666,0.05000000000000002,0.7,53,1.0,1.20300199999474,53,0.008292916309744972,0.0010859844630491582,SlideLeft -> LiftFromLeftSupport -> FreeTransferWorkspace -> PlaceOnRightSupport,105,7,True,7.262402800028212,0.92,1.0166666666666666,0.05000000000000002,0.7,0.35,0.0,0.7,1.0166666666666666,0.05000000000000002,0.7,0.35,0.0,0.7,104,0.0,SlideLeft,0.35,0.0,0.7,8.887815399968531
ok,61,62,start-anchored,0,1.0166666666666666,0.05000000000000002,0.9,0.35,0.0,0.7,0.0,FreeTransferWorkspace,1.0166666666666666,0.05000000000000002,0.9,62,1.0,1.225610300025437,62,0.02085156822792053,0.0013371670004337318,SlideLeft -> LiftFromLeftSupport -> FreeTransferWorkspace,123,7,True,7.174973300017882,0.92,1.0166666666666666,0.05000000000000002,0.9,0.35,0.0,0.7,1.0166666666666666,0.05000000000000002,0.9,0.35,0.0,0.7,122,0.0,SlideLeft,0.35,0.0,0.7,8.690551300009247
ok,52,53,start-anchored,0,1.0166666666666666,0.1,0.7,0.35,0.0,0.7,0.0,PlaceOnRightSupport,1.0166666666666666,0.1,0.7,53,1.0,1.0116785999853164,53,0.008423689235175082,0.0011502398058841194,SlideLeft -> LiftFromLeftSupport -> FreeTransferWorkspace -> PlaceOnRightSupport,105,7,True,6.829173100006301,0.92,1.0166666666666666,0.1,0.7,0.35,0.0,0.7,1.0166666666666666,0.1,0.7,0.35,0.0,0.7,104,0.0,SlideLeft,0.35,0.0,0.7,8.099322199996095
ok,59,60,start-anchored,0,1.0126815551130934,0.08757036090184367,0.8922718660127754,0.35,0.0,0.7,0.015169083595568162,FreeTransferWorkspace,1.0166666666666666,0.1,0.9,60,0.9836065573770492,1.1751520999823697,61,0.02509180136220611,0.0016085342669077038,SlideLeft -> LiftFromLeftSupport -> FreeTransferWorkspace,120,7,True,6.778115099994466,0.92,1.0166666666666666,0.1,0.9,0.35,0.0,0.7,1.0166666666666666,0.1,0.9,0.35,0.0,0.7,119,0.0,SlideLeft,0.35,0.0,0.7,8.225309300003573
ok,53,54,start-anchored,0,1.1,-0.1,0.7,0.35,0.0,0.7,0.0,PlaceOnRightSupport,1.1,-0.1,0.7,54,1.0,0.9878469000104815,54,0.008906217735732034,0.001136448786833137,SlideLeft -> LiftFromLeftSupport -> FreeTransferWorkspace -> PlaceOnRightSupport,107,7,True,6.899427900032606,0.92,1.1,-0.1,0.7,0.35,0.0,0.7,1.1,-0.1,0.7,0.35,0.0,0.7,106,0.0,SlideLeft,0.35,0.0,0.7,8.146625800000038
ok,85,86,start-anchored,0,1.0697165516181588,-0.1068022986605227,0.8624715410550572,0.35,0.0,0.7,0.04870055178070217,FreeTransferWorkspace,1.1,-0.1,0.9,86,0.9885057471264368,1.6671123999985866,87,0.019736076996274474,0.0010268591802699222,SlideLeft -> LiftFromLeftSupport -> FreeTransferWorkspace,172,7,True,6.847290299949236,0.92,1.1,-0.1,0.9,0.35,0.0,0.7,1.1,-0.1,0.9,0.35,0.0,0.7,171,0.0,SlideLeft,0.35,0.0,0.7,8.781254300032742
ok,53,54,start-anchored,0,1.1,-0.05,0.7,0.35,0.0,0.7,0.0,PlaceOnRightSupport,1.1,-0.05,0.7,54,1.0,1.0397328000399284,54,0.008292916309744972,0.0011608622272210685,SlideLeft -> LiftFromLeftSupport -> FreeTransferWorkspace -> PlaceOnRightSupport,107,7,True,6.702262000006158,0.92,1.1,-0.05,0.7,0.35,0.0,0.7,1.1,-0.05,0.7,0.35,0.0,0.7,106,0.0,SlideLeft,0.35,0.0,0.7,7.999672700010706
ok,85,86,start-anchored,0,1.0640639920774992,-0.07520018863098551,0.8554666634737218,0.35,0.0,0.7,0.06252730791107228,FreeTransferWorkspace,1.1,-0.05,0.9,86,0.9885057471264368,1.6072938999859616,87,0.021589663874770546,0.001066617728053619,SlideLeft -> LiftFromLeftSupport -> FreeTransferWorkspace,173,7,True,6.767079999961425,0.92,1.1,-0.05,0.9,0.35,0.0,0.7,1.1,-0.05,0.9,0.35,0.0,0.7,172,0.0,SlideLeft,0.35,0.0,0.7,8.645102900045458
ok,52,53,start-anchored,0,1.030656778279248,0.022210698046085515,0.7138686443441504,0.35,0.0,0.7,0.07412244465917402,PlaceOnRightSupport,1.1,0.0,0.7,53,0.9814814814814815,1.0163080000202172,54,0.008292916309744972,0.001203578743139318,SlideLeft -> LiftFromLeftSupport -> FreeTransferWorkspace -> PlaceOnRightSupport,107,7,True,6.730689899995923,0.92,1.1,0.0,0.7,0.35,0.0,0.7,1.1,0.0,0.7,0.35,0.0,0.7,106,0.0,SlideLeft,0.35,0.0,0.7,8.01733460003743
ok,85,86,start-anchored,0,1.055682015568596,-0.05220137846409294,0.8450793833553694,0.35,0.0,0.7,0.08778007627155564,FreeTransferWorkspace,1.1,0.0,0.9,86,0.9885057471264368,1.572851900011301,87,0.028304899467855357,0.0011241979357004494,SlideLeft -> LiftFromLeftSupport -> FreeTransferWorkspace,173,7,True,6.702820900012739,0.92,1.1,0.0,0.9,0.35,0.0,0.7,1.1,0.0,0.9,0.35,0.0,0.7,172,0.0,SlideLeft,0.35,0.0,0.7,8.537710800010245
ok,52,53,start-anchored,0,1.0398197278600367,0.060678615087140744,0.7120360544279927,0.35,0.0,0.7,0.06229417774730606,PlaceOnRightSupport,1.1,0.05000000000000002,0.7,53,0.9814814814814815,1.0728103999863379,54,0.009510158715840964,0.0012660556247934612,SlideLeft -> LiftFromLeftSupport -> FreeTransferWorkspace -> PlaceOnRightSupport,107,7,True,6.753097599954344,0.92,1.1,0.05000000000000002,0.7,0.35,0.0,0.7,1.1,0.05000000000000002,0.7,0.35,0.0,0.7,106,0.0,SlideLeft,0.35,0.0,0.7,8.082256000023335
ok,85,86,start-anchored,0,1.0473542964307074,-0.037103014233475985,0.8347593411385567,0.35,0.0,0.7,0.12089188873343895,FreeTransferWorkspace,1.1,0.05000000000000002,0.9,86,0.9772727272727273,1.8635842999792658,88,0.03709347797723864,0.001410715010438491,SlideLeft -> LiftFromLeftSupport -> FreeTransferWorkspace,174,7,True,7.261981299961917,0.92,1.1,0.05000000000000002,0.9,0.35,0.0,0.7,1.1,0.05000000000000002,0.9,0.35,0.0,0.7,173,0.0,SlideLeft,0.35,0.0,0.7,9.44235219998518
ok,52,53,start-anchored,0,1.0440051650290787,0.10193667314805953,0.7111989669941842,0.35,0.0,0.7,0.05713658292232712,PlaceOnRightSupport,1.1,0.1,0.7,53,0.9814814814814815,1.062550199974794,54,0.01131569691382279,0.0013528871101721148,SlideLeft -> LiftFromLeftSupport -> FreeTransferWorkspace -> PlaceOnRightSupport,106,7,True,6.9984393999911845,0.92,1.1,0.1,0.7,0.35,0.0,0.7,1.1,0.1,0.7,0.35,0.0,0.7,105,0.0,SlideLeft,0.35,0.0,0.7,8.32861959998263
ok,85,86,start-anchored,0,1.040203747125335,-0.027434425589202865,0.8258980948017172,0.35,0.0,0.7,0.1590792790941557,FreeTransferWorkspace,1.1,0.1,0.9,86,0.9772727272727273,1.7274957000045106,88,0.03518881416475363,0.0015062746598441194,SlideLeft -> LiftFromLeftSupport -> FreeTransferWorkspace,174,7,True,6.92166150000412,0.92,1.1,0.1,0.9,0.35,0.0,0.7,1.1,0.1,0.9,0.35,0.0,0.7,173,0.0,SlideLeft,0.35,0.0,0.7,8.915962199971545
ok,51,52,start-anchored,0,0.85,-0.1,0.7,0.35,0.05000000000000002,0.7,0.0,PlaceOnRightSupport,0.85,-0.1,0.7,52,1.0,0.9921364999609068,52,0.007355738113636825,0.0008270960080817955,SlideLeft -> LiftFromLeftSupport -> FreeTransferWorkspace -> PlaceOnRightSupport,103,7,True,6.863485799985938,0.92,0.85,-0.1,0.7,0.35,0.05000000000000002,0.7,0.85,-0.1,0.7,0.35,0.05000000000000002,0.7,102,0.0,SlideLeft,0.35,0.05000000000000002,0.7,8.125878699996974
ok,52,53,start-anchored,0,0.85,-0.1,0.9,0.35,0.05000000000000002,0.7,0.0,FreeTransferWorkspace,0.85,-0.1,0.9,53,1.0,1.0302014999906532,53,0.006131287170300963,0.0008463411433759261,SlideLeft -> LiftFromLeftSupport -> FreeTransferWorkspace,105,7,True,6.789943500014488,0.92,0.85,-0.1,0.9,0.35,0.05000000000000002,0.7,0.85,-0.1,0.9,0.35,0.05000000000000002,0.7,104,0.0,SlideLeft,0.35,0.05000000000000002,0.7,8.091982399986591
ok,51,52,start-anchored,0,0.85,-0.05,0.7,0.35,0.05000000000000002,0.7,0.0,PlaceOnRightSupport,0.85,-0.05,0.7,52,1.0,0.9803910999908112,52,0.007355738113636825,0.0007917099445141737,SlideLeft -> LiftFromLeftSupport -> FreeTransferWorkspace -> PlaceOnRightSupport,102,7,True,7.067399199993815,0.92,0.85,-0.05,0.7,0.35,0.05000000000000002,0.7,0.85,-0.05,0.7,0.35,0.05000000000000002,0.7,101,0.0,SlideLeft,0.35,0.05000000000000002,0.7,8.331895000010263
ok,52,53,start-anchored,0,0.85,-0.05,0.9,0.35,0.05000000000000002,0.7,0.0,FreeTransferWorkspace,0.85,-0.05,0.9,53,1.0,0.9802564000128768,53,0.011036361032868593,0.0009124559824673417,SlideLeft -> LiftFromLeftSupport -> FreeTransferWorkspace,104,7,True,7.234779999998864,0.92,0.85,-0.05,0.9,0.35,0.05000000000000002,0.7,0.85,-0.05,0.9,0.35,0.05000000000000002,0.7,103,0.0,SlideLeft,0.35,0.05000000000000002,0.7,8.493435499956831
ok,50,51,start-anchored,0,0.85,0.0,0.7,0.35,0.05000000000000002,0.7,0.0,PlaceOnRightSupport,0.85,0.0,0.7,51,1.0,0.9925005999975838,51,0.007355738113636825,0.0007742634225350917,SlideLeft -> LiftFromLeftSupport -> FreeTransferWorkspace -> PlaceOnRightSupport,101,7,True,6.899520300037693,0.92,0.85,0.0,0.7,0.35,0.05000000000000002,0.7,0.85,0.0,0.7,0.35,0.05000000000000002,0.7,100,0.0,SlideLeft,0.35,0.05000000000000002,0.7,8.179156900034286
ok,51,52,start-anchored,0,0.85,0.0,0.9,0.35,0.05000000000000002,0.7,0.0,FreeTransferWorkspace,0.85,0.0,0.9,52,1.0,0.9859643999952823,52,0.01129472676653467,0.0009638403637569087,SlideLeft -> LiftFromLeftSupport -> FreeTransferWorkspace,103,7,True,6.9832189999870025,0.92,0.85,0.0,0.9,0.35,0.05000000000000002,0.7,0.85,0.0,0.9,0.35,0.05000000000000002,0.7,102,0.0,SlideLeft,0.35,0.05000000000000002,0.7,8.258741199970245
ok,50,51,start-anchored,0,0.85,0.05000000000000002,0.7,0.35,0.05000000000000002,0.7,0.0,PlaceOnRightSupport,0.85,0.05000000000000002,0.7,51,1.0,0.957938399980776,51,0.007355738113636825,0.0007783663603229499,SlideLeft -> LiftFromLeftSupport -> FreeTransferWorkspace -> PlaceOnRightSupport,101,7,True,6.841080600046553,0.92,0.85,0.05000000000000002,0.7,0.35,0.05000000000000002,0.7,0.85,0.05000000000000002,0.7,0.35,0.05000000000000002,0.7,100,0.0,SlideLeft,0.35,0.05000000000000002,0.7,8.075031100015622
ok,51,52,start-anchored,0,0.85,0.05000000000000002,0.9,0.35,0.05000000000000002,0.7,0.0,FreeTransferWorkspace,0.85,0.05000000000000002,0.9,52,1.0,0.890922499995213,52,0.01221429284113943,0.0010502819801511854,SlideLeft -> LiftFromLeftSupport -> FreeTransferWorkspace,102,7,True,6.828122599981725,0.92,0.85,0.05000000000000002,0.9,0.35,0.05000000000000002,0.7,0.85,0.05000000000000002,0.9,0.35,0.05000000000000002,0.7,101,0.0,SlideLeft,0.35,0.05000000000000002,0.7,7.990453400008846
ok,50,51,start-anchored,0,0.85,0.1,0.7,0.35,0.05000000000000002,0.7,0.0,PlaceOnRightSupport,0.85,0.1,0.7,51,1.0,0.9566537999780849,51,0.007355738113636825,0.0008282371064737972,SlideLeft -> LiftFromLeftSupport -> FreeTransferWorkspace -> PlaceOnRightSupport,101,7,True,6.843143200036138,0.92,0.85,0.1,0.7,0.35,0.05000000000000002,0.7,0.85,0.1,0.7,0.35,0.05000000000000002,0.7,100,0.0,SlideLeft,0.35,0.05000000000000002,0.7,8.064136200002395
ok,51,52,start-anchored,0,0.85,0.1,0.9,0.35,0.05000000000000002,0.7,0.0,FreeTransferWorkspace,0.85,0.1,0.9,52,1.0,0.9861713999998756,52,0.014831323240113511,0.0011351784977969392,SlideLeft -> LiftFromLeftSupport -> FreeTransferWorkspace,103,7,True,6.745832299988251,0.92,0.85,0.1,0.9,0.35,0.05000000000000002,0.7,0.85,0.1,0.9,0.35,0.05000000000000002,0.7,102,0.0,SlideLeft,0.35,0.05000000000000002,0.7,7.996641499979887
ok,51,52,start-anchored,0,0.9333333333333333,-0.1,0.7,0.35,0.05000000000000002,0.7,0.0,PlaceOnRightSupport,0.9333333333333333,-0.1,0.7,52,1.0,1.0016653999919072,52,0.007355738113636825,0.000819783671019514,SlideLeft -> LiftFromLeftSupport -> FreeTransferWorkspace -> PlaceOnRightSupport,103,7,True,6.823438799998257,0.92,0.9333333333333333,-0.1,0.7,0.35,0.05000000000000002,0.7,0.9333333333333333,-0.1,0.7,0.35,0.05000000000000002,0.7,102,0.0,SlideLeft,0.35,0.05000000000000002,0.7,8.109902900003362
ok,56,57,start-anchored,0,0.9333053586712444,-0.10029248727854065,0.889948760777246,0.35,0.05000000000000002,0.7,0.0,FreeTransferWorkspace,0.9333333333333333,-0.1,0.9,57,1.0,1.1060074000270106,57,0.006671702999805928,0.0009145703753328789,SlideLeft -> LiftFromLeftSupport -> FreeTransferWorkspace,112,7,True,6.878888399980497,0.92,0.9333333333333333,-0.1,0.9,0.35,0.05000000000000002,0.7,0.9333053586712444,-0.10029248727854065,0.889948760777246,0.35,0.05000000000000002,0.7,111,0.0,SlideLeft,0.35,0.05000000000000002,0.7,8.265731899999082
ok,51,52,start-anchored,0,0.9333333333333333,-0.05,0.7,0.35,0.05000000000000002,0.7,0.0,PlaceOnRightSupport,0.9333333333333333,-0.05,0.7,52,1.0,0.9464190999860875,52,0.007355738113636825,0.0008117254059344986,SlideLeft -> LiftFromLeftSupport -> FreeTransferWorkspace -> PlaceOnRightSupport,103,7,True,6.676123299985193,0.92,0.9333333333333333,-0.05,0.7,0.35,0.05000000000000002,0.7,0.9333333333333333,-0.05,0.7,0.35,0.05000000000000002,0.7,102,0.0,SlideLeft,0.35,0.05000000000000002,0.7,7.898664299980737
ok,55,56,start-anchored,0,0.9333333333333333,-0.05,0.9,0.35,0.05000000000000002,0.7,0.0,FreeTransferWorkspace,0.9333333333333333,-0.05,0.9,56,1.0,1.0271928000147454,56,0.010694760420269185,0.0009968261634684093,SlideLeft -> LiftFromLeftSupport -> FreeTransferWorkspace,111,7,True,6.683978700020816,0.92,0.9333333333333333,-0.05,0.9,0.35,0.05000000000000002,0.7,0.9333333333333333,-0.05,0.9,0.35,0.05000000000000002,0.7,110,0.0,SlideLeft,0.35,0.05000000000000002,0.7,7.966492699983064
ok,51,52,start-anchored,0,0.9333333333333333,0.0,0.7,0.35,0.05000000000000002,0.7,0.0,PlaceOnRightSupport,0.9333333333333333,0.0,0.7,52,1.0,0.9349734000279568,52,0.007355738113636825,0.0008291340512321201,SlideLeft -> LiftFromLeftSupport -> FreeTransferWorkspace -> PlaceOnRightSupport,102,7,True,6.676058600016404,0.92,0.9333333333333333,0.0,0.7,0.35,0.05000000000000002,0.7,0.9333333333333333,0.0,0.7,0.35,0.05000000000000002,0.7,101,0.0,SlideLeft,0.35,0.05000000000000002,0.7,7.8640076000010595
ok,54,55,start-anchored,0,0.9333333333333333,0.0,0.9,0.35,0.05000000000000002,0.7,0.0,FreeTransferWorkspace,0.9333333333333333,0.0,0.9,55,1.0,0.9841343999723904,55,0.014884269857905056,0.0010715766257702022,SlideLeft -> LiftFromLeftSupport -> FreeTransferWorkspace,109,7,True,6.663011600030586,0.92,0.9333333333333333,0.0,0.9,0.35,0.05000000000000002,0.7,0.9333333333333333,0.0,0.9,0.35,0.05000000000000002,0.7,108,0.0,SlideLeft,0.35,0.05000000000000002,0.7,7.897585600032471
ok,51,52,start-anchored,0,0.9333333333333333,0.05000000000000002,0.7,0.35,0.05000000000000002,0.7,0.0,PlaceOnRightSupport,0.9333333333333333,0.05000000000000002,0.7,52,1.0,0.9530388999846764,52,0.007355738113636825,0.0008720575416881829,SlideLeft -> LiftFromLeftSupport -> FreeTransferWorkspace -> PlaceOnRightSupport,102,7,True,6.5880513999727555,0.92,0.9333333333333333,0.05000000000000002,0.7,0.35,0.05000000000000002,0.7,0.9333333333333333,0.05000000000000002,0.7,0.35,0.05000000000000002,0.7,101,0.0,SlideLeft,0.35,0.05000000000000002,0.7,7.80583420000039
ok,54,55,start-anchored,0,0.9333333333333333,0.05000000000000002,0.9,0.35,0.05000000000000002,0.7,0.0,FreeTransferWorkspace,0.9333333333333333,0.05000000000000002,0.9,55,1.0,1.0938841000315733,55,0.013845450496010513,0.0011634361370016983,SlideLeft -> LiftFromLeftSupport -> FreeTransferWorkspace,109,7,True,6.722507199971005,0.92,0.9333333333333333,0.05000000000000002,0.9,0.35,0.05000000000000002,0.7,0.9333333333333333,0.05000000000000002,0.9,0.35,0.05000000000000002,0.7,108,0.0,SlideLeft,0.35,0.05000000000000002,0.7,8.097073000040837
ok,51,52,start-anchored,0,0.9333333333333333,0.1,0.7,0.35,0.05000000000000002,0.7,0.0,PlaceOnRightSupport,0.9333333333333333,0.1,0.7,52,1.0,1.0027902000001632,52,0.007355738113636825,0.0009326965255738127,SlideLeft -> LiftFromLeftSupport -> FreeTransferWorkspace -> PlaceOnRightSupport,102,7,True,7.099593900027685,0.92,0.9333333333333333,0.1,0.7,0.35,0.05000000000000002,0.7,0.9333333333333333,0.1,0.7,0.35,0.05000000000000002,0.7,101,0.0,SlideLeft,0.35,0.05000000000000002,0.7,8.394673899980262
ok,54,55,start-anchored,0,0.9333333333333333,0.1,0.9,0.35,0.05000000000000002,0.7,0.0,FreeTransferWorkspace,0.9333333333333333,0.1,0.9,55,1.0,1.029000399983488,55,0.015413480207794632,0.0012836467214939781,SlideLeft -> LiftFromLeftSupport -> FreeTransferWorkspace,108,7,True,6.830005900003016,0.92,0.9333333333333333,0.1,0.9,0.35,0.05000000000000002,0.7,0.9333333333333333,0.1,0.9,0.35,0.05000000000000002,0.7,107,0.0,SlideLeft,0.35,0.05000000000000002,0.7,8.128825400024652
ok,52,53,start-anchored,0,1.0166666666666666,-0.1,0.7,0.35,0.05000000000000002,0.7,0.0,PlaceOnRightSupport,1.0166666666666666,-0.1,0.7,53,1.0,1.0792594999657013,53,0.007355738113636825,0.0009069772023953613,SlideLeft -> LiftFromLeftSupport -> FreeTransferWorkspace -> PlaceOnRightSupport,104,7,True,6.794820399954915,0.92,1.0166666666666666,-0.1,0.7,0.35,0.05000000000000002,0.7,1.0166666666666666,-0.1,0.7,0.35,0.05000000000000002,0.7,103,0.0,SlideLeft,0.35,0.05000000000000002,0.7,8.155614699993748
ok,84,85,start-anchored,0,1.0144322490076843,-0.10244095090784551,0.8865332102421004,0.35,0.05000000000000002,0.7,0.0,FreeTransferWorkspace,1.0166666666666666,-0.1,0.9,85,1.0,1.6143123999936506,85,0.014973096456525682,0.0007315364619425215,SlideLeft -> LiftFromLeftSupport -> FreeTransferWorkspace,169,7,True,6.955272799998056,0.92,1.0166666666666666,-0.1,0.9,0.35,0.05000000000000002,0.7,1.0144322490076843,-0.10244095090784551,0.8865332102421004,0.35,0.05000000000000002,0.7,168,0.0,SlideLeft,0.35,0.05000000000000002,0.7,8.843237000051886
ok,52,53,start-anchored,0,1.0166666666666666,-0.05,0.7,0.35,0.05000000000000002,0.7,0.0,PlaceOnRightSupport,1.0166666666666666,-0.05,0.7,53,1.0,0.9654844999895431,53,0.007355738113636825,0.0009233366494241159,SlideLeft -> LiftFromLeftSupport -> FreeTransferWorkspace -> PlaceOnRightSupport,104,7,True,6.794473399990238,0.92,1.0166666666666666,-0.05,0.7,0.35,0.05000000000000002,0.7,1.0166666666666666,-0.05,0.7,0.35,0.05000000000000002,0.7,103,0.0,SlideLeft,0.35,0.05000000000000002,0.7,8.033550299995113
ok,73,74,start-anchored,0,1.0166666666666666,-0.05,0.9,0.35,0.05000000000000002,0.7,0.0,FreeTransferWorkspace,1.0166666666666666,-0.05,0.9,74,1.0,1.3912021999713033,74,0.014978722165407696,0.0009183117116857825,SlideLeft -> LiftFromLeftSupport -> FreeTransferWorkspace,147,7,True,6.828662899963092,0.92,1.0166666666666666,-0.05,0.9,0.35,0.05000000000000002,0.7,1.0166666666666666,-0.05,0.9,0.35,0.05000000000000002,0.7,146,0.0,SlideLeft,0.35,0.05000000000000002,0.7,8.49604110000655
ok,51,52,start-anchored,0,1.0166666666666666,0.0,0.7,0.35,0.05000000000000002,0.7,0.0,PlaceOnRightSupport,1.0166666666666666,0.0,0.7,52,1.0,0.9885576000087894,52,0.007355738113636825,0.0009624459557865729,SlideLeft -> LiftFromLeftSupport -> FreeTransferWorkspace -> PlaceOnRightSupport,103,7,True,6.87527380004758,0.92,1.0166666666666666,0.0,0.7,0.35,0.05000000000000002,0.7,1.0166666666666666,0.0,0.7,0.35,0.05000000000000002,0.7,102,0.0,SlideLeft,0.35,0.05000000000000002,0.7,8.136307800014038
ok,63,64,start-anchored,0,1.0166666666666666,0.0,0.9,0.35,0.05000000000000002,0.7,0.0,FreeTransferWorkspace,1.0166666666666666,0.0,0.9,64,1.0,1.2407583000021987,64,0.01395012208621428,0.001144137583344057,SlideLeft -> LiftFromLeftSupport -> FreeTransferWorkspace,126,7,True,7.074056900048163,0.92,1.0166666666666666,0.0,0.9,0.35,0.05000000000000002,0.7,1.0166666666666666,0.0,0.9,0.35,0.05000000000000002,0.7,125,0.0,SlideLeft,0.35,0.05000000000000002,0.7,8.604192700004205
ok,51,52,start-anchored,0,1.0166666666666666,0.05000000000000002,0.7,0.35,0.05000000000000002,0.7,0.0,PlaceOnRightSupport,1.0166666666666666,0.05000000000000002,0.7,52,1.0,1.0381190999760292,52,0.007355738113636825,0.0010110087230085735,SlideLeft -> LiftFromLeftSupport -> FreeTransferWorkspace -> PlaceOnRightSupport,103,7,True,7.1487121999962255,0.92,1.0166666666666666,0.05000000000000002,0.7,0.35,0.05000000000000002,0.7,1.0166666666666666,0.05000000000000002,0.7,0.35,0.05000000000000002,0.7,102,0.0,SlideLeft,0.35,0.05000000000000002,0.7,8.463763099978678
ok,60,61,start-anchored,0,1.0166666666666666,0.05000000000000002,0.9,0.35,0.05000000000000002,0.7,0.0,FreeTransferWorkspace,1.0166666666666666,0.05000000000000002,0.9,61,1.0,1.2364858000073582,61,0.02092461802831879,0.0012792718906135378,SlideLeft -> LiftFromLeftSupport -> FreeTransferWorkspace,121,7,True,7.1178293999983,0.92,1.0166666666666666,0.05000000000000002,0.9,0.35,0.05000000000000002,0.7,1.0166666666666666,0.05000000000000002,0.9,0.35,0.05000000000000002,0.7,120,0.0,SlideLeft,0.35,0.05000000000000002,0.7,8.635898400039878
ok,51,52,start-anchored,0,1.0166666666666666,0.1,0.7,0.35,0.05000000000000002,0.7,0.0,PlaceOnRightSupport,1.0166666666666666,0.1,0.7,52,1.0,1.0178897999576293,52,0.008472402783954102,0.0010765584427407434,SlideLeft -> LiftFromLeftSupport -> FreeTransferWorkspace -> PlaceOnRightSupport,103,7,True,7.181421399989631,0.92,1.0166666666666666,0.1,0.7,0.35,0.05000000000000002,0.7,1.0166666666666666,0.1,0.7,0.35,0.05000000000000002,0.7,102,0.0,SlideLeft,0.35,0.05000000000000002,0.7,8.4829519999912
ok,58,59,start-anchored,0,1.0126815551130934,0.08757036090184367,0.8922718660127754,0.35,0.05000000000000002,0.7,0.015169083595568162,FreeTransferWorkspace,1.0166666666666666,0.1,0.9,59,0.9833333333333333,1.1927365000010468,60,0.02516359602320744,0.0015545413809125374,SlideLeft -> LiftFromLeftSupport -> FreeTransferWorkspace,118,7,True,7.0016713999793865,0.92,1.0166666666666666,0.1,0.9,0.35,0.05000000000000002,0.7,1.0166666666666666,0.1,0.9,0.35,0.05000000000000002,0.7,117,0.0,SlideLeft,0.35,0.05000000000000002,0.7,8.474646299961023
ok,52,53,start-anchored,0,1.1,-0.1,0.7,0.35,0.05000000000000002,0.7,0.0,PlaceOnRightSupport,1.1,-0.1,0.7,53,1.0,1.0529265999794006,53,0.008986761243877952,0.0010649712891797568,SlideLeft -> LiftFromLeftSupport -> FreeTransferWorkspace -> PlaceOnRightSupport,105,7,True,6.9039201000123285,0.92,1.1,-0.1,0.7,0.35,0.05000000000000002,0.7,1.1,-0.1,0.7,0.35,0.05000000000000002,0.7,104,0.0,SlideLeft,0.35,0.05000000000000002,0.7,8.235704499995336
ok,84,85,start-anchored,0,1.0697165516181588,-0.1068022986605227,0.8624715410550572,0.35,0.05000000000000002,0.7,0.04870055178070217,FreeTransferWorkspace,1.1,-0.1,0.9,85,0.9883720930232558,1.627802100032568,86,0.01986518947063894,0.000983605430533544,SlideLeft -> LiftFromLeftSupport -> FreeTransferWorkspace,170,7,True,6.964965599996503,0.92,1.1,-0.1,0.9,0.35,0.05000000000000002,0.7,1.1,-0.1,0.9,0.35,0.05000000000000002,0.7,169,0.0,SlideLeft,0.35,0.05000000000000002,0.7,8.87316550000105
ok,52,53,start-anchored,0,1.1,-0.05,0.7,0.35,0.05000000000000002,0.7,0.0,PlaceOnRightSupport,1.1,-0.05,0.7,53,1.0,0.9967079000198282,53,0.008043236939913987,0.0010898941568515679,SlideLeft -> LiftFromLeftSupport -> FreeTransferWorkspace -> PlaceOnRightSupport,105,7,True,6.925532900029793,0.92,1.1,-0.05,0.7,0.35,0.05000000000000002,0.7,1.1,-0.05,0.7,0.35,0.05000000000000002,0.7,104,0.0,SlideLeft,0.35,0.05000000000000002,0.7,8.192727599991485
ok,84,85,start-anchored,0,1.0640639920774992,-0.07520018863098551,0.8554666634737218,0.35,0.05000000000000002,0.7,0.06252730791107228,FreeTransferWorkspace,1.1,-0.05,0.9,85,0.9883720930232558,1.64501769997878,86,0.021671237581252632,0.00102347651968415,SlideLeft -> LiftFromLeftSupport -> FreeTransferWorkspace,171,7,True,7.059943099971861,0.92,1.1,-0.05,0.9,0.35,0.05000000000000002,0.7,1.1,-0.05,0.9,0.35,0.05000000000000002,0.7,170,0.0,SlideLeft,0.35,0.05000000000000002,0.7,8.987573700025678
ok,51,52,start-anchored,0,1.030656778279248,0.022210698046085515,0.7138686443441504,0.35,0.05000000000000002,0.7,0.07412244465917402,PlaceOnRightSupport,1.1,0.0,0.7,52,0.9811320754716981,1.0353330999496393,53,0.008037841017401567,0.0011333432774348726,SlideLeft -> LiftFromLeftSupport -> FreeTransferWorkspace -> PlaceOnRightSupport,105,7,True,7.065037699998356,0.92,1.1,0.0,0.7,0.35,0.05000000000000002,0.7,1.1,0.0,0.7,0.35,0.05000000000000002,0.7,104,0.0,SlideLeft,0.35,0.05000000000000002,0.7,8.377354600001127
ok,84,85,start-anchored,0,1.055682015568596,-0.05220137846409294,0.8450793833553694,0.35,0.05000000000000002,0.7,0.08778007627155564,FreeTransferWorkspace,1.1,0.0,0.9,85,0.9883720930232558,1.5928126000217162,86,0.028387931525711275,0.001081601954336904,SlideLeft -> LiftFromLeftSupport -> FreeTransferWorkspace,171,7,True,7.053045900014695,0.92,1.1,0.0,0.9,0.35,0.05000000000000002,0.7,1.1,0.0,0.9,0.35,0.05000000000000002,0.7,170,0.0,SlideLeft,0.35,0.05000000000000002,0.7,8.924422399955802
ok,51,52,start-anchored,0,1.0398197278600367,0.060678615087140744,0.7120360544279927,0.35,0.05000000000000002,0.7,0.06229417774730606,PlaceOnRightSupport,1.1,0.05000000000000002,0.7,52,0.9811320754716981,1.0565115999779664,53,0.009570454439720742,0.001196866263044329,SlideLeft -> LiftFromLeftSupport -> FreeTransferWorkspace -> PlaceOnRightSupport,105,7,True,6.982718099956401,0.92,1.1,0.05000000000000002,0.7,0.35,0.05000000000000002,0.7,1.1,0.05000000000000002,0.7,0.35,0.05000000000000002,0.7,104,0.0,SlideLeft,0.35,0.05000000000000002,0.7,8.320823800051585
ok,84,85,start-anchored,0,1.0473542964307074,-0.037103014233475985,0.8347593411385567,0.35,0.05000000000000002,0.7,0.12089188873343895,FreeTransferWorkspace,1.1,0.05000000000000002,0.9,85,0.9770114942528736,1.6922342000179924,87,0.03716816496999452,0.0013718779236090363,SlideLeft -> LiftFromLeftSupport -> FreeTransferWorkspace,172,7,True,7.058064299984835,0.92,1.1,0.05000000000000002,0.9,0.35,0.05000000000000002,0.7,1.1,0.05000000000000002,0.9,0.35,0.05000000000000002,0.7,171,0.0,SlideLeft,0.35,0.05000000000000002,0.7,9.033020099974237
ok,51,52,start-anchored,0,1.0440051650290787,0.10193667314805953,0.7111989669941842,0.35,0.05000000000000002,0.7,0.05713658292232712,PlaceOnRightSupport,1.1,0.1,0.7,52,0.9811320754716981,1.0502399999531917,53,0.011374551272923372,0.0012853178025649908,SlideLeft -> LiftFromLeftSupport -> FreeTransferWorkspace -> PlaceOnRightSupport,104,7,True,6.815916999999899,0.92,1.1,0.1,0.7,0.35,0.05000000000000002,0.7,1.1,0.1,0.7,0.35,0.05000000000000002,0.7,103,0.0,SlideLeft,0.35,0.05000000000000002,0.7,8.139129699964542
ok,84,85,start-anchored,0,1.040203747125335,-0.027434425589202865,0.8258980948017172,0.35,0.05000000000000002,0.7,0.1590792790941557,FreeTransferWorkspace,1.1,0.1,0.9,85,0.9770114942528736,1.7099745000014082,87,0.035230352292260715,0.0014687312990413033,SlideLeft -> LiftFromLeftSupport -> FreeTransferWorkspace,172,7,True,6.942338900000323,0.92,1.1,0.1,0.9,0.35,0.05000000000000002,0.7,1.1,0.1,0.9,0.35,0.05000000000000002,0.7,171,0.0,SlideLeft,0.35,0.05000000000000002,0.7,8.92429950000951
ok,11,12,start-anchored,0,0.85,-0.1,0.7,0.35,0.1,0.7,0.0,PlaceOnRightSupport,0.85,-0.1,0.7,12,1.0,0.27037760004168376,12,0.006401122071165074,0.0029591780425893637,SlideLeft -> LiftFromLeftSupport -> FreeTransferWorkspace -> PlaceOnRightSupport,22,7,True,6.892218800028786,0.92,0.85,-0.1,0.7,0.35,0.1,0.7,0.85,-0.1,0.7,0.35,0.1,0.7,21,0.0,SlideLeft,0.35,0.1,0.7,7.435332200024277
ok,12,13,start-anchored,0,0.85,-0.1,0.9,0.35,0.1,0.7,0.0,FreeTransferWorkspace,0.85,-0.1,0.9,13,1.0,0.28038630000082776,13,0.008317471475440479,0.002613018291842547,SlideLeft -> LiftFromLeftSupport -> FreeTransferWorkspace,24,7,True,6.967484099965077,0.92,0.85,-0.1,0.9,0.35,0.1,0.7,0.85,-0.1,0.9,0.35,0.1,0.7,23,0.0,SlideLeft,0.35,0.1,0.7,7.534229099983349
ok,10,11,start-anchored,0,0.85,-0.05,0.7,0.35,0.1,0.7,0.0,PlaceOnRightSupport,0.85,-0.05,0.7,11,1.0,0.23403759999200702,11,0.006401122071165074,0.0030327509633396588,SlideLeft -> LiftFromLeftSupport -> FreeTransferWorkspace -> PlaceOnRightSupport,21,7,True,6.928480300004594,0.92,0.85,-0.05,0.7,0.35,0.1,0.7,0.85,-0.05,0.7,0.35,0.1,0.7,20,0.0,SlideLeft,0.35,0.1,0.7,7.436719899997115
ok,11,12,start-anchored,0,0.85,-0.05,0.9,0.35,0.1,0.7,0.0,FreeTransferWorkspace,0.85,-0.05,0.9,12,1.0,0.2720744999824092,12,0.008145631261857493,0.0029620573394918063,SlideLeft -> LiftFromLeftSupport -> FreeTransferWorkspace,23,7,True,6.944146100024227,0.92,0.85,-0.05,0.9,0.35,0.1,0.7,0.85,-0.05,0.9,0.35,0.1,0.7,22,0.0,SlideLeft,0.35,0.1,0.7,7.488087999983691
ok,10,11,start-anchored,0,0.85,0.0,0.7,0.35,0.1,0.7,0.0,PlaceOnRightSupport,0.85,0.0,0.7,11,1.0,0.24342569999862462,11,0.006401122071165074,0.002835050513610807,SlideLeft -> LiftFromLeftSupport -> FreeTransferWorkspace -> PlaceOnRightSupport,20,7,True,7.02580719999969,0.92,0.85,0.0,0.7,0.35,0.1,0.7,0.85,0.0,0.7,0.35,0.1,0.7,19,0.0,SlideLeft,0.35,0.1,0.7,7.54029780003475
ok,11,12,start-anchored,0,0.85,0.0,0.9,0.35,0.1,0.7,0.0,FreeTransferWorkspace,0.85,0.0,0.9,12,1.0,0.27539490000344813,12,0.01226160768956986,0.003299877233022738,SlideLeft -> LiftFromLeftSupport -> FreeTransferWorkspace,22,7,True,6.922176000021864,0.92,0.85,0.0,0.9,0.35,0.1,0.7,0.85,0.0,0.9,0.35,0.1,0.7,21,0.0,SlideLeft,0.35,0.1,0.7,7.478248100029305
ok,10,11,start-anchored,0,0.85,0.05000000000000002,0.7,0.35,0.1,0.7,0.0,PlaceOnRightSupport,0.85,0.05000000000000002,0.7,11,1.0,0.25408250000327826,11,0.006401122071165074,0.0026708447342853685,SlideLeft -> LiftFromLeftSupport -> FreeTransferWorkspace -> PlaceOnRightSupport,20,7,True,7.2367958999820985,0.92,0.85,0.05000000000000002,0.7,0.35,0.1,0.7,0.85,0.05000000000000002,0.7,0.35,0.1,0.7,19,0.0,SlideLeft,0.35,0.1,0.7,7.767363699967973
ok,10,11,start-anchored,0,0.85,0.05000000000000002,0.9,0.35,0.1,0.7,0.0,FreeTransferWorkspace,0.85,0.05000000000000002,0.9,11,1.0,0.2591839000233449,11,0.015760522048452155,0.0038245079850925136,SlideLeft -> LiftFromLeftSupport -> FreeTransferWorkspace,21,7,True,7.065291200007778,0.92,0.85,0.05000000000000002,0.9,0.35,0.1,0.7,0.85,0.05000000000000002,0.9,0.35,0.1,0.7,20,0.0,SlideLeft,0.35,0.1,0.7,7.6081254000309855
ok,10,11,start-anchored,0,0.85,0.1,0.7,0.35,0.1,0.7,0.0,PlaceOnRightSupport,0.85,0.1,0.7,11,1.0,0.2449690000503324,11,0.006401122071165074,0.0027923284360228426,SlideLeft -> LiftFromLeftSupport -> FreeTransferWorkspace -> PlaceOnRightSupport,20,7,True,7.069744499982335,0.92,0.85,0.1,0.7,0.35,0.1,0.7,0.85,0.1,0.7,0.35,0.1,0.7,19,0.0,SlideLeft,0.35,0.1,0.7,7.617007200024091
ok,11,12,start-anchored,0,0.85,0.1,0.9,0.35,0.1,0.7,0.0,FreeTransferWorkspace,0.85,0.1,0.9,12,1.0,0.26795900001889095,12,0.01478489597411769,0.004044596898087658,SlideLeft -> LiftFromLeftSupport -> FreeTransferWorkspace,22,7,True,7.003976100008003,0.92,0.85,0.1,0.9,0.35,0.1,0.7,0.85,0.1,0.9,0.35,0.1,0.7,21,0.0,SlideLeft,0.35,0.1,0.7,7.553980499971658
ok,11,12,start-anchored,0,0.9333333333333333,-0.1,0.7,0.35,0.1,0.7,0.0,PlaceOnRightSupport,0.9333333333333333,-0.1,0.7,12,1.0,0.262629900011234,12,0.006401122071165074,0.0028184487965816907,SlideLeft -> LiftFromLeftSupport -> FreeTransferWorkspace -> PlaceOnRightSupport,22,7,True,7.043060800002422,0.92,0.9333333333333333,-0.1,0.7,0.35,0.1,0.7,0.9333333333333333,-0.1,0.7,0.35,0.1,0.7,21,0.0,SlideLeft,0.35,0.1,0.7,7.585907300002873
ok,15,16,start-anchored,0,0.9333053586712444,-0.10029248727854065,0.889948760777246,0.35,0.1,0.7,0.0,FreeTransferWorkspace,0.9333333333333333,-0.1,0.9,16,1.0,0.34633600001689047,16,0.01083625913009693,0.0025124355966714214,SlideLeft -> LiftFromLeftSupport -> FreeTransferWorkspace,31,7,True,6.994814200035762,0.92,0.9333333333333333,-0.1,0.9,0.35,0.1,0.7,0.9333053586712444,-0.10029248727854065,0.889948760777246,0.35,0.1,0.7,30,0.0,SlideLeft,0.35,0.1,0.7,7.6272824999759905
ok,11,12,start-anchored,0,0.9333333333333333,-0.05,0.7,0.35,0.1,0.7,0.0,PlaceOnRightSupport,0.9333333333333333,-0.05,0.7,12,1.0,0.2599474000162445,12,0.006401122071165074,0.0027440355979303755,SlideLeft -> LiftFromLeftSupport -> FreeTransferWorkspace -> PlaceOnRightSupport,22,7,True,7.056372899969574,0.92,0.9333333333333333,-0.05,0.7,0.35,0.1,0.7,0.9333333333333333,-0.05,0.7,0.35,0.1,0.7,21,0.0,SlideLeft,0.35,0.1,0.7,7.590649200021289
ok,15,16,start-anchored,0,0.9333333333333333,-0.05,0.9,0.35,0.1,0.7,0.0,FreeTransferWorkspace,0.9333333333333333,-0.05,0.9,16,1.0,0.3412777000339702,16,0.0127456576679927,0.0028588699746482623,SlideLeft -> LiftFromLeftSupport -> FreeTransferWorkspace,30,7,True,6.89548459998332,0.92,0.9333333333333333,-0.05,0.9,0.35,0.1,0.7,0.9333333333333333,-0.05,0.9,0.35,0.1,0.7,29,0.0,SlideLeft,0.35,0.1,0.7,7.514310500002466
ok,10,11,start-anchored,0,0.9333333333333333,0.0,0.7,0.35,0.1,0.7,0.0,PlaceOnRightSupport,0.9333333333333333,0.0,0.7,11,1.0,0.24449379998259246,11,0.006401122071165074,0.0029459900692729983,SlideLeft -> LiftFromLeftSupport -> FreeTransferWorkspace -> PlaceOnRightSupport,21,7,True,6.949005400005262,0.92,0.9333333333333333,0.0,0.7,0.35,0.1,0.7,0.9333333333333333,0.0,0.7,0.35,0.1,0.7,20,0.0,SlideLeft,0.35,0.1,0.7,7.470753300003707
ok,14,15,start-anchored,0,0.9333333333333333,0.0,0.9,0.35,0.1,0.7,0.0,FreeTransferWorkspace,0.9333333333333333,0.0,0.9,15,1.0,0.33096429996658117,15,0.013181324227592538,0.003245182045573584,SlideLeft -> LiftFromLeftSupport -> FreeTransferWorkspace,28,7,True,6.982275000016671,0.92,0.9333333333333333,0.0,0.9,0.35,0.1,0.7,0.9333333333333333,0.0,0.9,0.35,0.1,0.7,27,0.0,SlideLeft,0.35,0.1,0.7,7.600852500007022
ok,10,11,start-anchored,0,0.9333333333333333,0.05000000000000002,0.7,0.35,0.1,0.7,0.0,PlaceOnRightSupport,0.9333333333333333,0.05000000000000002,0.7,11,1.0,0.2486462999950163,11,0.006401122071165074,0.0030536640363383726,SlideLeft -> LiftFromLeftSupport -> FreeTransferWorkspace -> PlaceOnRightSupport,21,7,True,6.926627999986522,0.92,0.9333333333333333,0.05000000000000002,0.7,0.35,0.1,0.7,0.9333333333333333,0.05000000000000002,0.7,0.35,0.1,0.7,20,0.0,SlideLeft,0.35,0.1,0.7,7.45559470000444
ok,14,15,start-anchored,0,0.9333333333333333,0.05000000000000002,0.9,0.35,0.1,0.7,0.0,FreeTransferWorkspace,0.9333333333333333,0.05000000000000002,0.9,15,1.0,0.3221718000131659,15,0.016848590139944886,0.0036302973817081328,SlideLeft -> LiftFromLeftSupport -> FreeTransferWorkspace,28,7,True,6.968280400033109,0.92,0.9333333333333333,0.05000000000000002,0.9,0.35,0.1,0.7,0.9333333333333333,0.05000000000000002,0.9,0.35,0.1,0.7,27,0.0,SlideLeft,0.35,0.1,0.7,7.575079999980517
ok,10,11,start-anchored,0,0.9333333333333333,0.1,0.7,0.35,0.1,0.7,0.0,PlaceOnRightSupport,0.9333333333333333,0.1,0.7,11,1.0,0.2456735000014305,11,0.006401122071165074,0.0032983617894806086,SlideLeft -> LiftFromLeftSupport -> FreeTransferWorkspace -> PlaceOnRightSupport,21,7,True,6.881721400015522,0.92,0.9333333333333333,0.1,0.7,0.35,0.1,0.7,0.9333333333333333,0.1,0.7,0.35,0.1,0.7,20,0.0,SlideLeft,0.35,0.1,0.7,7.402601100038737
ok,13,14,start-anchored,0,0.9333333333333333,0.1,0.9,0.35,0.1,0.7,0.0,FreeTransferWorkspace,0.9333333333333333,0.1,0.9,14,1.0,0.3134845999884419,14,0.020621716651634564,0.004121405474053764,SlideLeft -> LiftFromLeftSupport -> FreeTransferWorkspace,27,7,True,7.039057500020135,0.92,0.9333333333333333,0.1,0.9,0.35,0.1,0.7,0.9333333333333333,0.1,0.9,0.35,0.1,0.7,26,0.0,SlideLeft,0.35,0.1,0.7,7.63302599999588
ok,11,12,start-anchored,0,1.0166666666666666,-0.1,0.7,0.35,0.1,0.7,0.0,PlaceOnRightSupport,1.0166666666666666,-0.1,0.7,12,1.0,0.2764560999930836,12,0.006401122071165074,0.003131854328862673,SlideLeft -> LiftFromLeftSupport -> FreeTransferWorkspace -> PlaceOnRightSupport,23,7,True,6.9772701999754645,0.92,1.0166666666666666,-0.1,0.7,0.35,0.1,0.7,1.0166666666666666,-0.1,0.7,0.35,0.1,0.7,22,0.0,SlideLeft,0.35,0.1,0.7,7.528551600000355
ok,44,45,start-anchored,0,1.0144322490076843,-0.10244095090784551,0.8865332102421004,0.35,0.1,0.7,0.0,FreeTransferWorkspace,1.0166666666666666,-0.1,0.9,45,1.0,0.8872423999710009,45,0.009597819093358963,0.0011420984099830794,SlideLeft -> LiftFromLeftSupport -> FreeTransferWorkspace,88,7,True,6.9266705000191,0.92,1.0166666666666666,-0.1,0.9,0.35,0.1,0.7,1.0144322490076843,-0.10244095090784551,0.8865332102421004,0.35,0.1,0.7,87,0.0,SlideLeft,0.35,0.1,0.7,8.084206399973482
ok,11,12,start-anchored,0,1.0166666666666666,-0.05,0.7,0.35,0.1,0.7,0.0,PlaceOnRightSupport,1.0166666666666666,-0.05,0.7,12,1.0,0.2815032000071369,12,0.006401122071165074,0.003142352189404776,SlideLeft -> LiftFromLeftSupport -> FreeTransferWorkspace -> PlaceOnRightSupport,23,7,True,6.9907517999527045,0.92,1.0166666666666666,-0.05,0.7,0.35,0.1,0.7,1.0166666666666666,-0.05,0.7,0.35,0.1,0.7,22,0.0,SlideLeft,0.35,0.1,0.7,7.552227900014259
ok,33,34,start-anchored,0,1.0166666666666666,-0.05,0.9,0.35,0.1,0.7,0.0,FreeTransferWorkspace,1.0166666666666666,-0.05,0.9,34,1.0,0.7050931000267155,34,0.014599879679617334,0.0017239155057932275,SlideLeft -> LiftFromLeftSupport -> FreeTransferWorkspace,66,7,True,7.0130849000415765,0.92,1.0166666666666666,-0.05,0.9,0.35,0.1,0.7,1.0166666666666666,-0.05,0.9,0.35,0.1,0.7,65,0.0,SlideLeft,0.35,0.1,0.7,7.9885079999803565
ok,11,12,start-anchored,0,1.0166666666666666,0.0,0.7,0.35,0.1,0.7,0.0,PlaceOnRightSupport,1.0166666666666666,0.0,0.7,12,1.0,0.27845570002682507,12,0.006401122071165074,0.0032467811699170945,SlideLeft -> LiftFromLeftSupport -> FreeTransferWorkspace -> PlaceOnRightSupport,22,7,True,7.011894799943548,0.92,1.0166666666666666,0.0,0.7,0.35,0.1,0.7,1.0166666666666666,0.0,0.7,0.35,0.1,0.7,21,0.0,SlideLeft,0.35,0.1,0.7,7.585860799998045
ok,22,23,start-anchored,0,1.0166666666666666,0.0,0.9,0.35,0.1,0.7,0.0,FreeTransferWorkspace,1.0166666666666666,0.0,0.9,23,1.0,0.4940877999761142,23,0.02042423305787972,0.0026198492253916754,SlideLeft -> LiftFromLeftSupport -> FreeTransferWorkspace,45,7,True,7.048506699968129,0.92,1.0166666666666666,0.0,0.9,0.35,0.1,0.7,1.0166666666666666,0.0,0.9,0.35,0.1,0.7,44,0.0,SlideLeft,0.35,0.1,0.7,7.825850999972317
ok,11,12,start-anchored,0,1.0166666666666666,0.05000000000000002,0.7,0.35,0.1,0.7,0.0,PlaceOnRightSupport,1.0166666666666666,0.05000000000000002,0.7,12,1.0,0.2727242999826558,12,0.0069496989535022665,0.0034471009543657616,SlideLeft -> LiftFromLeftSupport -> FreeTransferWorkspace -> PlaceOnRightSupport,22,7,True,6.984104999981355,0.92,1.0166666666666666,0.05000000000000002,0.7,0.35,0.1,0.7,1.0166666666666666,0.05000000000000002,0.7,0.35,0.1,0.7,21,0.0,SlideLeft,0.35,0.1,0.7,7.524349400016945
ok,20,21,start-anchored,0,1.0166666666666666,0.05000000000000002,0.9,0.35,0.1,0.7,0.0,FreeTransferWorkspace,1.0166666666666666,0.05000000000000002,0.9,21,1.0,0.467253900016658,21,0.018483171107908865,0.0033049355405732135,SlideLeft -> LiftFromLeftSupport -> FreeTransferWorkspace,40,7,True,6.96073280001292,0.92,1.0166666666666666,0.05000000000000002,0.9,0.35,0.1,0.7,1.0166666666666666,0.05000000000000002,0.9,0.35,0.1,0.7,39,0.0,SlideLeft,0.35,0.1,0.7,7.713883300020825
ok,11,12,start-anchored,0,1.0166666666666666,0.1,0.7,0.35,0.1,0.7,0.0,PlaceOnRightSupport,1.0166666666666666,0.1,0.7,12,1.0,0.25366830005077645,12,0.008769951874531787,0.0037358667096405174,SlideLeft -> LiftFromLeftSupport -> FreeTransferWorkspace -> PlaceOnRightSupport,22,7,True,7.092903700016905,0.92,1.0166666666666666,0.1,0.7,0.35,0.1,0.7,1.0166666666666666,0.1,0.7,0.35,0.1,0.7,21,0.0,SlideLeft,0.35,0.1,0.7,7.626114399987273
ok,18,19,start-anchored,0,1.0166666666666666,0.1,0.9,0.35,0.1,0.7,0.0,FreeTransferWorkspace,1.0166666666666666,0.1,0.9,19,1.0,0.44404640002176166,19,0.022600907307715874,0.003993173189455538,SlideLeft -> LiftFromLeftSupport -> FreeTransferWorkspace,37,7,True,7.0368224999983795,0.92,1.0166666666666666,0.1,0.9,0.35,0.1,0.7,1.0166666666666666,0.1,0.9,0.35,0.1,0.7,36,0.0,SlideLeft,0.35,0.1,0.7,7.7520532999769785
ok,12,13,start-anchored,0,1.1,-0.1,0.7,0.35,0.1,0.7,0.0,PlaceOnRightSupport,1.1,-0.1,0.7,13,1.0,0.2926825999747962,13,0.007516699344766095,0.0035242441849769484,SlideLeft -> LiftFromLeftSupport -> FreeTransferWorkspace -> PlaceOnRightSupport,24,7,True,6.961601199989673,0.92,1.1,-0.1,0.7,0.35,0.1,0.7,1.1,-0.1,0.7,0.35,0.1,0.7,23,0.0,SlideLeft,0.35,0.1,0.7,7.5306615000008605
ok,44,45,start-anchored,0,1.1,-0.1,0.9,0.35,0.1,0.7,0.0,FreeTransferWorkspace,1.1,-0.1,0.9,45,1.0,0.8986559000331908,45,0.026292881146576495,0.0015629526548795773,SlideLeft -> LiftFromLeftSupport -> FreeTransferWorkspace,89,7,True,6.9793500999803655,0.92,1.1,-0.1,0.9,0.35,0.1,0.7,1.1,-0.1,0.9,0.35,0.1,0.7,88,0.0,SlideLeft,0.35,0.1,0.7,8.164551900001243
ok,12,13,start-anchored,0,1.1,-0.05,0.7,0.35,0.1,0.7,0.0,PlaceOnRightSupport,1.1,-0.05,0.7,13,1.0,0.3006401999737136,13,0.008698026332843804,0.003616223970094232,SlideLeft -> LiftFromLeftSupport -> FreeTransferWorkspace -> PlaceOnRightSupport,24,7,True,6.885840900009498,0.92,1.1,-0.05,0.7,0.35,0.1,0.7,1.1,-0.05,0.7,0.35,0.1,0.7,23,0.0,SlideLeft,0.35,0.1,0.7,7.461605100019369
ok,43,44,start-anchored,0,1.0295804912298923,-0.09938180412624315,0.8127333317368609,0.35,0.1,0.7,0.12252730791107226,FreeTransferWorkspace,1.1,-0.05,0.9,44,0.9565217391304348,0.939775999984704,46,0.02914432159596798,0.0018174691313817626,SlideLeft -> LiftFromLeftSupport -> FreeTransferWorkspace,90,7,True,6.837544300011359,0.92,1.1,-0.05,0.9,0.35,0.1,0.7,1.1,-0.05,0.9,0.35,0.1,0.7,89,0.0,SlideLeft,0.35,0.1,0.7,8.057049399998505
ok,11,12,start-anchored,0,1.0867881339350975,0.0042317729189824405,0.7026423732129805,0.35,0.1,0.7,0.014122444659174054,PlaceOnRightSupport,1.1,0.0,0.7,12,0.9230769230769231,0.3022472999873571,13,0.010210447830648894,0.003798611042907397,SlideLeft -> LiftFromLeftSupport -> FreeTransferWorkspace -> PlaceOnRightSupport,24,7,True,6.955197100003716,0.92,1.1,0.0,0.7,0.35,0.1,0.7,1.1,0.0,0.7,0.35,0.1,0.7,23,0.0,SlideLeft,0.35,0.1,0.7,7.533299700007774
ok,43,44,start-anchored,0,1.0253895029754405,-0.08788239904279685,0.8075396916776847,0.35,0.1,0.7,0.14778007627155565,FreeTransferWorkspace,1.1,0.0,0.9,44,0.9565217391304348,0.9105349000310525,46,0.02592856219962228,0.0019047881139668682,SlideLeft -> LiftFromLeftSupport -> FreeTransferWorkspace,90,7,True,7.002895499987062,0.92,1.1,0.0,0.9,0.35,0.1,0.7,1.1,0.0,0.9,0.35,0.1,0.7,89,0.0,SlideLeft,0.35,0.1,0.7,8.186425699968822
ok,10,11,start-anchored,0,0.9818557822880294,0.07096395680603279,0.7236288435423941,0.35,0.1,0.7,0.12229417774730603,PlaceOnRightSupport,1.1,0.05000000000000002,0.7,11,0.8461538461538461,0.2901809000177309,13,0.012240827801143639,0.004081766142131775,SlideLeft -> LiftFromLeftSupport -> FreeTransferWorkspace -> PlaceOnRightSupport,24,7,True,6.969092799990904,0.92,1.1,0.05000000000000002,0.7,0.35,0.1,0.7,1.1,0.05000000000000002,0.7,0.35,0.1,0.7,23,0.0,SlideLeft,0.35,0.1,0.7,7.540304899972398
ok,44,45,start-anchored,0,1.0734829494549185,0.006127188460536413,0.867139011707835,0.35,0.1,0.7,0.060891888733438926,FreeTransferWorkspace,1.1,0.05000000000000002,0.9,45,0.9782608695652174,0.942784299957566,46,0.02924507288026389,0.002049372274069436,SlideLeft -> LiftFromLeftSupport -> FreeTransferWorkspace,91,7,True,7.1769123999984,0.92,1.1,0.05000000000000002,0.9,0.35,0.1,0.7,1.1,0.05000000000000002,0.9,0.35,0.1,0.7,90,0.0,SlideLeft,0.35,0.1,0.7,8.390809100004844
ok,10,11,start-anchored,0,0.985204132023263,0.10397040325476781,0.7229591735953473,0.35,0.1,0.7,0.11713658292232716,PlaceOnRightSupport,1.1,0.1,0.7,11,0.9166666666666666,0.28598039998905733,12,0.014370926679536883,0.004617558257327751,SlideLeft -> LiftFromLeftSupport -> FreeTransferWorkspace -> PlaceOnRightSupport,23,7,True,7.024278900003992,0.92,1.1,0.1,0.7,0.35,0.1,0.7,1.1,0.1,0.7,0.35,0.1,0.7,22,0.0,SlideLeft,0.35,0.1,0.7,7.58578669995768
ok,44,45,start-anchored,0,1.06275712549686,0.020630071426946082,0.8538471422025757,0.35,0.1,0.7,0.09907927909415566,FreeTransferWorkspace,1.1,0.1,0.9,45,0.9782608695652174,0.9581208999734372,46,0.04287094822299788,0.0022716267940161112,SlideLeft -> LiftFromLeftSupport -> FreeTransferWorkspace,91,7,True,6.966135399998166,0.92,1.1,0.1,0.9,0.35,0.1,0.7,1.1,0.1,0.9,0.35,0.1,0.7,90,0.0,SlideLeft,0.35,0.1,0.7,8.209690999996383
